time,FOUNTAINNO.1,SC01406518ACDT02-MW006,SC01406518CAAMW1-1,SC01406519ABDT04-MW004,SC01406519BBBT01-MW002,SC01406520CDBMW2-4,SC01406527ACB1,SC01406527DDB1BANNING-LEWISRANCHES,SC01406527DDB2,SC01406527DDC1,SC01406528BBC03-002,SC01406529BCBT07-MW004,SC01406529CDDPAFB07MW03,SC01406530DBDT07-MW006,SC01406531BBCT13-MW004,SC01406531CBC04-009,SC01406531DACT11-MW001,SC01406531DCCT12-MW003,SC01406534AAC1,SC01406534DAB1,SC01406627DCC,SC01406632ADA1U-4WIDEFIELD,SC01406633CAD1,SC01406633DAC2,SC01406633DBB1U-5,SC01406633DBB2,SC01406633DBB3,SC01406634AAA,SC01406634CCC1,SC01406634DBB1,SC01406634DBB2,SC01406635CAACO259-26,SC01506503AAB2,SC01506508CAB,SC01506510AAB,SC01506510ABA,SC01506510ABB2,SC01506515DAA,SC01506519BAD1NONUM-2,SC01506519BCB1U-17,SC01506522DBA1,SC01506522DBA4,SC01506522DBB1,SC01506527ACA1,SC01506528DCD1USGS384231104400600,SC01506528DCD2,SC01506530CDAFRANCOIS,SC01506533BDD1,SC01506602CCC1,SC01506602CCC2U-9,SC01506603ABATH-22,SC01506603BAC1MARSGAS,SC01506603BBCTH-42,SC01506603BCA2,SC01506603CAB1,SC01506603CAB2,SC01506603CAB3U-08,SC01506603CAB4,SC01506603CAB5,SC01506603CAD1STRATMOORHILLS4,SC01506603DCA1,SC01506603DDBSECURITY14,SC01506604ABA1U-7,SC01506604ACATH-52,SC01506610ADB1TH-7,SC01506610ADB2TH-46,SC01506611ACD1U-10,SC01506611BBB2,SC01506611BCA,SC01506611BDC,SC01506611BDC2,SC01506611BDC3U-11,SC01506611CAA,SC01506611CDB,SC01506611CDD1,SC01506611CDD2U-12,SC01506611DCB2,SC01506612ABA,SC01506612CDCCO259-25,SC01506613ADD,SC01506613BCC2,SC01506613CBD1U-14B,SC01506613CBD2U-14,SC01506613CCA,SC01506613CDD,SC01506613DDC1U-15,SC01506614AAC2,SC01506614AADSECURITY2,SC01506614ABB,SC01506614ADD,SC01506614BAA,SC01506614BBATH-5,SC01506614DAA1U-13,SC01506614DAD1,SC01506619ADA2,SC01506624ABC1,SC01506624ABC2U-16,SC01506624BAA1,SC01506624BAD1WIDEFIELD4,SC01506624DAB2U-18,SC01506624DBD2U-19,SC01506624DBD3,SC01506624DCA1,SC01506625AAA1,SC01606504BBB,SC01606505ADAUSGS384122104410000,SC01606505ADD,SC01606505CCBFOUNTAIN3,SC01606505DCD,SC01606505DDC,SC01606505DDC2,SC01606506ABB1,SC01606506ABB2,SC01606506ABB3,SC01606506ABB4,SC01606506ACC1,SC01606506DAAFOUNTAIN2,SC01606506DAB1,SC01606506DAB2,SC01606508AAB,SC01606508DBA1DELBERTWELLSWELL1,SC01606508DBB,SC01606508DCB,SC01606508DCC,SC01606516BBA1,SC01606516CCC1,SC01606517AAA1,SC01606517AAA2,SC01606517DDA,SC01606520AAA1,SC01606520AAB,SC01606521BAB,SC01606521BBA1,SC01606521BBC,SC01606521BCB,SCO1406633DAC2,SCO1406634CCD,SCO1416633DAC1,SCO1506601BBDTH-53,SCO1506602BBBTH-18,SCO1506602BDC,SCO1506602CAA,SCO1506603AAD,SCO1506603BAC,SCO1506604AAA,SCO1506604AABTH-49,SCO1506604ABA2TH-50,SCO1506610BAA,SCO1506611ABCTH-47
59.00000000000,1681.987735,1883.974514,1877.745285,1855.669695,1860.766222,1841.273764,1819.584478,1811.700325,1809.746561,1807.650279,1830.894375,1825.542755,1817.444495,1818.596297,1811.216633,1804.771218,1806.985560,1802.370116,1800.537696,1793.944118,1796.987773,1783.259180,1770.569140,1766.718269,1767.311638,1767.311638,1767.311638,1797.895073,1768.943868,1784.113144,1783.938722,1795.713226,1786.113987,1671.674294,1765.025581,1764.950569,1763.606604,1743.512354,1735.143603,1722.191791,1729.614330,1729.259131,1729.356602,1722.772376,1707.906502,1707.387624,1700.640293,1702.571494,1755.058946,1755.058946,1772.779859,1760.673800,1759.712601,1756.769732,1754.910273,1754.477808,1754.477808,1754.477808,1754.477808,1755.975818,1756.580235,1757.269021,1762.736389,1760.272224,1744.294515,1744.242445,1749.641758,1749.381550,1746.992907,1743.444043,1743.331604,1743.331604,1741.703579,1740.530893,1738.946622,1738.946622,1740.188284,1773.434697,1741.993627,1741.066216,1728.912538,1726.733812,1726.733812,1725.182592,1722.560756,1726.393885,1734.936823,1734.534262,1737.124111,1729.820077,1737.124111,1738.125088,1728.315305,1725.463808,1708.077956,1719.691144,1719.691144,1721.809876,1720.244161,1715.918979,1714.577050,1714.577050,1713.424616,1710.611872,1691.852248,1689.219797,1687.851800,1679.266558,1678.004311,1677.497130,1678.460543,1688.527359,1688.527359,1688.527359,1688.527359,1683.540399,1681.044964,1681.407103,1681.407103,1676.581316,1671.558531,1671.774246,1669.934244,1668.651000,1667.027418,1660.014881,1667.422365,1667.422365,1665.650499,1659.478997,1658.911816,1658.964714,1660.026005,1658.035772,1656.000000,1766.718269,1771.286312,1766.161095,1788.064840,1778.666146,1770.321412,1769.961186,1772.251807,1763.170947,1764.173832,1762.194710,1762.218579,1749.725740,1751.961208
89.00000000000,1681.974959,1883.970374,1877.738288,1855.606681,1860.751174,1841.147646,1819.704667,1811.782336,1809.864378,1807.751710,1830.766065,1825.417430,1817.330687,1818.503028,1811.107908,1804.643893,1806.837925,1802.226970,1800.581266,1794.065506,1796.562335,1783.259243,1770.568858,1766.362611,1767.309598,1767.309598,1767.309598,1797.550522,1768.551687,1783.872877,1783.688372,1795.623051,1785.991304,1671.658429,1764.704009,1764.640591,1763.404660,1744.069911,1735.123447,1722.188629,1729.638522,1729.284099,1729.380584,1722.785133,1707.754797,1707.234032,1700.641601,1702.367246,1755.043414,1755.043414,1772.749767,1760.632760,1759.664215,1756.748764,1754.905266,1754.473613,1754.473613,1754.473613,1754.473613,1755.969204,1756.569968,1757.256398,1762.796992,1760.272278,1744.294475,1744.242392,1749.623617,1749.367438,1746.979885,1743.429858,1743.315290,1743.315290,1741.683677,1740.515937,1738.930320,1738.930320,1740.169532,1773.385756,1741.975472,1741.041756,1728.907099,1726.730741,1726.730741,1725.180851,1722.560496,1726.389747,1734.922235,1734.521175,1737.109045,1729.813749,1737.109045,1738.122183,1728.311030,1725.462421,1708.079436,1719.691817,1719.691817,1721.809893,1720.244642,1715.920579,1714.578667,1714.578667,1713.426268,1710.614894,1691.769063,1689.056852,1687.636154,1679.190837,1677.526126,1677.159898,1678.110930,1688.527441,1688.527441,1688.527441,1688.527441,1683.538866,1681.021649,1681.390534,1681.390534,1676.276576,1671.524685,1671.738466,1669.928034,1668.652462,1667.033742,1660.013946,1667.426922,1667.426922,1665.652610,1659.478158,1658.911105,1658.964663,1660.025201,1658.035281,1656.000000,1766.362611,1770.978857,1765.926108,1787.999176,1778.639413,1770.300324,1769.937267,1772.232234,1763.119837,1763.941931,1762.523957,1762.589654,1749.724715,1751.953974
274.0000000000,1681.862768,1883.904718,1877.597708,1854.899953,1860.330085,1840.018757,1819.729684,1812.105291,1810.300276,1808.226024,1829.529306,1824.240593,1816.061869,1817.316823,1809.943193,1803.521830,1805.570155,1801.037167,1801.031927,1794.470188,1794.876422,1783.258866,1770.567619,1766.066731,1767.306945,1767.306945,1767.306945,1795.938891,1767.748514,1782.556475,1782.363305,1794.502799,1785.364779,1671.439131,1763.576830,1763.527765,1762.481217,1744.996452,1734.963102,1722.122155,1730.194403,1729.841461,1729.914290,1723.248420,1706.974751,1706.427465,1700.640938,1701.559760,1754.834845,1754.834845,1772.070169,1760.338206,1759.462240,1756.639196,1754.802834,1754.381368,1754.381368,1754.381368,1754.381368,1755.795582,1756.352665,1757.010319,1762.795925,1760.272081,1744.294137,1744.241959,1749.470835,1749.253245,1746.893238,1743.377837,1743.259354,1743.259354,1741.629192,1740.476094,1738.883504,1738.883504,1740.109881,1772.843320,1741.826746,1740.787133,1728.868936,1726.698035,1726.698035,1725.151299,1722.530203,1726.305090,1734.874364,1734.467087,1737.062403,1729.775721,1737.062403,1738.112523,1728.282637,1725.448079,1708.078132,1719.670045,1719.670045,1721.781915,1720.225837,1715.902173,1714.570108,1714.570108,1713.419340,1710.608247,1690.909815,1687.968964,1686.416414,1678.819361,1676.465291,1676.199617,1677.049693,1688.517955,1688.517955,1688.517955,1688.517955,1683.498389,1680.857847,1681.259618,1681.259618,1675.415079,1671.210773,1671.435242,1669.762873,1668.556611,1666.882312,1659.976260,1667.298159,1667.298159,1665.562191,1659.446957,1658.885740,1658.962652,1659.990240,1658.019560,1656.000000,1766.066731,1770.053903,1765.726124,1787.166338,1777.847622,1769.784646,1769.504366,1771.614906,1762.710238,1763.545422,1762.444138,1762.537636,1749.707116,1751.819917
304.0000000000,1681.838511,1883.894573,1877.575874,1854.842876,1860.304820,1839.908327,1819.716013,1812.158926,1810.365286,1808.296597,1829.414992,1824.124143,1815.945025,1817.201491,1809.819519,1803.402973,1805.469206,1800.940253,1801.093476,1794.500982,1794.557536,1783.258881,1770.567340,1766.029707,1767.306537,1767.306537,1767.306537,1795.626334,1767.631053,1782.342041,1782.146866,1794.404781,1785.272324,1671.388317,1763.380927,1763.334133,1762.323773,1745.190346,1734.942933,1722.119085,1730.307669,1729.956628,1730.023090,1723.328127,1706.856740,1706.303698,1700.641703,1701.430234,1754.819017,1754.819017,1772.004559,1760.300681,1759.431323,1756.623958,1754.797208,1754.376653,1754.376653,1754.376653,1754.376653,1755.790337,1756.345756,1757.000728,1762.795712,1760.272049,1744.294108,1744.241918,1749.443325,1749.242730,1746.882784,1743.368587,1743.249137,1743.249137,1741.617427,1740.466988,1738.872312,1738.872312,1740.096516,1772.768390,1741.804937,1740.789260,1728.864449,1726.695279,1726.695279,1725.149387,1722.529642,1726.306910,1734.864534,1734.456933,1737.051549,1729.770481,1737.051549,1738.110393,1728.278989,1725.446648,1708.078128,1719.669580,1719.669580,1721.781428,1720.225210,1715.901427,1714.569903,1714.569903,1713.419251,1710.608568,1690.743783,1687.776650,1686.215253,1678.752736,1676.309852,1676.063908,1676.899893,1688.513358,1688.513358,1688.513358,1688.513358,1683.489163,1680.824527,1681.232257,1681.232257,1675.290055,1671.145627,1671.368931,1669.720269,1668.529781,1666.874372,1659.983754,1667.275061,1667.275061,1665.553050,1659.452897,1658.890518,1658.963086,1659.997567,1658.022885,1656.000000,1766.029707,1769.913616,1765.701089,1787.104252,1777.788589,1769.743838,1769.453639,1771.581038,1762.658464,1763.489846,1762.431202,1762.528917,1749.706592,1751.796851
365.0000000000,1681.805776,1883.876904,1877.545277,1854.660518,1860.233011,1839.538880,1819.695268,1812.239054,1810.471846,1808.419822,1828.986097,1823.721137,1815.513482,1816.786745,1809.427458,1803.010590,1805.049329,1800.532797,1801.221201,1794.562699,1794.023493,1783.258821,1770.567011,1765.991318,1767.306140,1767.306140,1767.306140,1795.100762,1767.485810,1781.967598,1781.773429,1794.027283,1785.085973,1671.308420,1763.058788,1763.012255,1762.020346,1745.527089,1734.891021,1722.099657,1730.523428,1730.167241,1730.236012,1723.481982,1706.654565,1706.091922,1700.641601,1701.198486,1754.767972,1754.767972,1771.802165,1760.233575,1759.395063,1756.602278,1754.776460,1754.358019,1754.358019,1754.358019,1754.358019,1755.753116,1756.295454,1756.941688,1762.795468,1760.272005,1744.294027,1744.241814,1749.388028,1749.214909,1746.860721,1743.353370,1743.232370,1743.232370,1741.598940,1740.453001,1738.854516,1738.854516,1740.073972,1772.552468,1741.747326,1740.697712,1728.849992,1726.683642,1726.683642,1725.139538,1722.521013,1726.280422,1734.845159,1734.435203,1737.032947,1729.755745,1737.032947,1738.106541,1728.268132,1725.441481,1708.077729,1719.663833,1719.663833,1721.773653,1720.220236,1715.896274,1714.567772,1714.567772,1713.417509,1710.606696,1690.487013,1687.475471,1685.888075,1678.682293,1676.095768,1675.861933,1676.675700,1688.507023,1688.507023,1688.507023,1688.507023,1683.472407,1680.783859,1681.196687,1681.196687,1675.106584,1671.035384,1671.263650,1669.648166,1668.485175,1666.838556,1659.985882,1667.228940,1667.228940,1665.531422,1659.454535,1658.891907,1658.963262,1660.000055,1658.024060,1656.000000,1765.991318,1769.722984,1765.675239,1786.778322,1777.521918,1769.593066,1769.327954,1771.390284,1762.560118,1763.425641,1762.416448,1762.518969,1749.702606,1751.747423
424.0000000000,1681.777109,1883.865642,1877.518357,1854.536263,1860.159931,1839.342929,1819.698407,1812.270500,1810.521446,1808.481534,1828.761701,1823.497771,1815.272137,1816.568506,1809.189070,1802.780915,1804.833148,1800.307855,1801.274581,1794.578463,1793.575729,1783.258757,1770.566762,1765.958154,1767.305790,1767.305790,1767.305790,1794.657248,1767.367520,1781.666978,1781.472917,1793.780274,1784.923903,1671.257760,1762.778670,1762.735762,1761.795007,1745.760645,1734.846135,1722.085401,1730.734611,1730.379967,1730.442042,1723.603399,1706.509681,1705.940188,1700.641283,1701.007007,1754.721661,1754.721661,1771.650556,1760.183805,1759.359309,1756.583236,1754.760632,1754.343560,1754.343560,1754.343560,1754.343560,1755.721172,1756.248953,1756.887383,1762.795227,1760.271954,1744.293947,1744.241711,1749.335918,1749.187822,1746.838638,1743.337939,1743.215678,1743.215678,1741.581981,1740.439579,1738.839264,1738.839264,1740.055944,1772.386085,1741.704453,1740.667253,1728.839238,1726.676553,1726.676553,1725.134436,1722.516791,1726.267117,1734.829003,1734.417224,1737.017647,1729.743903,1737.017647,1738.102742,1728.259610,1725.438063,1708.077230,1719.660481,1719.660481,1721.769680,1720.217472,1715.892792,1714.565950,1714.565950,1713.415884,1710.604917,1690.208105,1687.218287,1685.638179,1678.609188,1675.932808,1675.702647,1676.502442,1688.503463,1688.503463,1688.503463,1688.503463,1683.461627,1680.744450,1681.164383,1681.164383,1674.958472,1670.959562,1671.193089,1669.604532,1668.459276,1666.811556,1659.984631,1667.199231,1667.199231,1665.514542,1659.453470,1658.891115,1658.963224,1659.999127,1658.023788,1656.000000,1765.958154,1769.576944,1765.652853,1786.602506,1777.346843,1769.480913,1769.231692,1771.255999,1762.490308,1763.365508,1762.401655,1762.509011,1749.698772,1751.699260
454.0000000000,1681.582584,1883.858477,1877.506192,1854.489807,1860.132998,1839.259981,1819.690355,1812.299599,1810.554616,1808.518490,1828.665155,1823.404525,1815.171674,1816.466495,1809.092304,1802.696456,1804.727236,1800.222562,1801.317670,1794.591947,1793.379467,1783.224814,1770.366316,1765.492364,1766.835527,1766.835527,1766.835527,1794.462312,1767.169548,1781.534451,1781.338774,1793.677952,1784.823816,1671.075163,1762.631445,1762.587973,1761.656785,1745.899659,1734.823769,1722.022781,1730.859823,1730.502415,1730.564782,1723.685922,1706.408540,1705.833716,1700.298622,1700.885792,1754.587476,1754.587476,1771.554654,1759.940460,1758.996028,1756.157386,1754.375853,1753.943855,1753.943855,1753.943855,1753.943855,1755.465110,1756.059649,1756.735621,1762.203361,1759.756481,1743.697117,1743.639968,1749.280120,1748.990938,1746.651697,1743.132231,1743.040360,1743.040360,1741.448286,1740.250117,1738.711785,1738.711785,1739.961114,1772.322580,1741.648334,1740.630699,1728.632989,1726.470802,1726.470802,1724.926458,1722.311946,1726.173514,1734.679549,1734.276267,1736.890422,1729.519052,1736.890422,1737.626315,1727.968385,1725.053371,1707.793894,1719.440585,1719.440585,1721.556407,1719.962885,1715.759209,1714.338197,1714.338197,1713.176075,1710.462577,1690.088951,1687.076181,1685.492498,1678.471625,1675.851011,1675.629092,1676.421395,1688.115244,1688.115244,1688.115244,1688.115244,1683.166783,1680.568339,1680.972373,1680.972373,1674.891184,1670.894189,1671.099818,1669.484394,1668.297823,1666.790628,1659.909490,1667.163436,1667.163436,1665.475647,1659.320345,1658.707841,1658.960937,1659.959181,1657.942515,1656.000000,1765.492364,1769.408464,1765.136222,1786.540531,1777.278696,1769.406468,1769.150994,1771.191006,1762.303270,1763.062663,1761.903690,1761.983392,1749.136203,1751.645228
639.0000000000,1681.072325,1883.843718,1877.475640,1854.354801,1860.052840,1839.039923,1819.686597,1812.411172,1810.701773,1808.689555,1828.410118,1823.150757,1814.898376,1816.202797,1808.784279,1802.404527,1804.458489,1799.949334,1801.481584,1794.533354,1792.632816,1783.081030,1770.045643,1765.309511,1766.696382,1766.696382,1766.696382,1793.724652,1766.635073,1780.948895,1780.747466,1793.292583,1784.070457,1670.763707,1761.817495,1761.776180,1760.926143,1746.382438,1734.572255,1721.587700,1731.541447,1731.179192,1731.247453,1724.163929,1705.858106,1705.251569,1699.970875,1700.203027,1754.171935,1754.171935,1771.096062,1759.538167,1758.708516,1755.946192,1754.152836,1753.736905,1753.736905,1753.736905,1753.736905,1755.139398,1755.688886,1756.340268,1762.197329,1759.703189,1743.680309,1743.625854,1748.884592,1748.607485,1746.255853,1742.754614,1742.636728,1742.636728,1741.012448,1739.855145,1738.273582,1738.273582,1739.506520,1772.084561,1741.288770,1740.336842,1728.244982,1726.066912,1726.066912,1724.514270,1721.887489,1725.722475,1734.275186,1733.870971,1736.459951,1729.153328,1736.459951,1737.431673,1727.650397,1724.825174,1707.461960,1719.026324,1719.026324,1721.138181,1719.576983,1715.288381,1713.940780,1713.940780,1712.799945,1709.979501,1689.511834,1686.498392,1684.909836,1677.938994,1675.393420,1675.194085,1675.967814,1687.860502,1687.860502,1687.860502,1687.860502,1682.766420,1680.044248,1680.463093,1680.463093,1674.470839,1670.552114,1670.752160,1669.163196,1667.990338,1666.558023,1659.738897,1666.887750,1666.887750,1665.200920,1659.132059,1658.526093,1658.954025,1659.833852,1657.854850,1656.000000,1765.309511,1768.822208,1765.006462,1786.283952,1776.925116,1769.022032,1768.753675,1770.821230,1761.836957,1762.696074,1761.784663,1761.901653,1749.087028,1751.251122
669.0000000000,1681.083637,1883.842910,1877.474099,1854.348078,1860.048679,1839.028903,1819.686953,1812.413150,1810.706967,1808.696766,1828.397407,1823.137998,1814.884605,1816.188655,1808.767462,1802.389320,1804.443163,1799.934642,1801.486526,1794.522490,1792.602635,1783.087976,1770.051149,1765.310280,1766.694714,1766.694714,1766.694714,1793.695757,1766.636921,1780.926479,1780.725136,1793.269685,1784.004867,1670.754585,1761.774276,1761.732892,1760.877426,1746.405834,1734.544027,1721.580103,1731.580106,1731.216026,1731.288005,1724.194905,1705.828730,1705.219588,1699.988896,1700.166133,1754.164837,1754.164837,1771.067363,1759.526879,1758.710072,1755.944974,1754.149739,1753.733828,1753.733828,1753.733828,1753.733828,1755.135056,1755.687095,1756.337852,1762.197576,1759.709267,1743.679196,1743.624400,1748.859108,1748.606311,1746.254826,1742.754573,1742.636556,1742.636556,1741.012005,1739.852850,1738.270318,1738.270318,1739.503020,1772.067762,1741.272986,1740.317691,1728.245229,1726.068560,1726.068560,1724.517017,1721.892298,1725.725551,1734.271249,1733.867228,1736.455830,1729.152170,1736.455830,1737.431139,1727.648308,1724.823916,1707.459602,1719.030685,1719.030685,1721.142915,1719.580547,1715.285856,1713.941668,1713.941668,1712.799756,1709.980608,1689.490349,1686.474325,1684.881156,1677.942280,1675.381182,1675.183113,1675.953422,1687.866672,1687.866672,1687.866672,1687.866672,1682.778024,1680.054565,1680.473407,1680.473407,1674.460647,1670.540949,1670.742299,1669.154778,1667.984435,1666.544574,1659.738771,1666.876394,1666.876394,1665.194808,1659.131834,1658.525369,1658.953986,1659.833262,1657.854801,1656.000000,1765.310280,1768.822199,1765.007949,1786.268097,1776.900973,1768.999284,1768.727566,1770.802726,1761.820211,1762.696218,1761.784420,1761.901909,1749.085809,1751.205572
730.0000000000,1681.095736,1883.842021,1877.472287,1854.340158,1860.043744,1839.015960,1819.687128,1812.416412,1810.712125,1808.703420,1828.382465,1823.122909,1814.868403,1816.171934,1808.747885,1802.371109,1804.425321,1799.917328,1801.490012,1794.505345,1792.564322,1783.094098,1770.055486,1765.313162,1766.690357,1766.690357,1766.690357,1793.657799,1766.634926,1780.898430,1780.697392,1793.241928,1783.927855,1670.744356,1761.722748,1761.680847,1760.819013,1746.435028,1734.515477,1721.571628,1731.629589,1731.263689,1731.339763,1724.234584,1705.791448,1705.179826,1700.003424,1700.117241,1754.157762,1754.157762,1771.037623,1759.518223,1758.709129,1755.941665,1754.145178,1753.729651,1753.729651,1753.729651,1753.729651,1755.129818,1755.682911,1756.332974,1762.198010,1759.721825,1743.677294,1743.621871,1748.837779,1748.603804,1746.252782,1742.752836,1742.634471,1742.634471,1741.008849,1739.850484,1738.266021,1738.266021,1739.497332,1772.048940,1741.255848,1740.299093,1728.244578,1726.069632,1726.069632,1724.519139,1721.895160,1725.725380,1734.266580,1733.862321,1736.450570,1729.150680,1736.450570,1737.435479,1727.647163,1724.824030,1707.459849,1719.033279,1719.033279,1721.145663,1719.582653,1715.285413,1713.943151,1713.943151,1712.800574,1709.983112,1689.456145,1686.437273,1684.841113,1677.945354,1675.362216,1675.164298,1675.932390,1687.873221,1687.873221,1687.873221,1687.873221,1682.789288,1680.065232,1680.484578,1680.484578,1674.443382,1670.528031,1670.729827,1669.144754,1667.977367,1666.530040,1659.737555,1666.864121,1666.864121,1665.186430,1659.130846,1658.524291,1658.953904,1659.831868,1657.854172,1656.000000,1765.313162,1768.816167,1765.012131,1786.249466,1776.872766,1768.974834,1768.696223,1770.780386,1761.807241,1762.696472,1761.784779,1761.902913,1749.083298,1751.156058
789.0000000000,1681.177705,1883.833442,1877.452613,1854.249948,1859.986994,1838.870652,1819.687608,1812.433773,1810.732505,1808.723281,1828.214569,1822.951442,1814.685440,1815.982822,1808.531069,1802.159859,1804.226090,1799.719568,1801.473041,1794.351282,1792.180217,1783.128552,1770.080583,1765.305478,1766.693164,1766.693164,1766.693164,1793.276294,1766.578735,1780.614424,1780.417514,1792.939909,1783.488112,1670.653772,1761.270399,1761.228054,1760.401319,1746.707608,1734.300087,1721.497340,1732.060043,1731.691012,1731.771332,1724.540793,1705.486086,1704.854171,1700.094171,1699.709988,1754.082922,1754.082922,1770.829095,1759.463183,1758.691336,1755.922436,1754.112047,1753.699853,1753.699853,1753.699853,1753.699853,1755.076207,1755.619194,1756.258160,1762.198199,1759.729902,1743.676706,1743.621090,1748.702672,1748.568369,1746.223007,1742.726346,1742.603854,1742.603854,1740.968188,1739.822362,1738.222027,1738.222027,1739.438538,1771.855248,1741.104177,1740.116019,1728.229134,1726.069818,1726.069818,1724.526878,1721.904966,1725.692657,1734.216606,1733.807364,1736.401111,1729.128258,1736.401111,1737.432033,1727.634414,1724.824275,1707.477607,1719.042017,1719.042017,1721.155095,1719.592634,1715.285775,1713.952344,1713.952344,1712.808724,1710.007904,1689.061696,1686.053532,1684.472223,1677.954737,1675.154388,1674.950693,1675.706895,1687.914173,1687.914173,1687.914173,1687.914173,1682.862732,1680.133975,1680.558993,1680.558993,1674.243875,1670.395086,1670.606343,1669.049363,1667.910511,1666.394694,1659.721077,1666.750588,1666.750588,1665.104333,1659.120341,1658.516817,1658.952855,1659.813903,1657.847387,1656.000000,1765.305478,1768.723767,1765.007836,1786.030019,1776.576959,1768.753593,1768.458246,1770.540825,1761.728298,1762.677784,1761.781256,1761.900824,1749.078116,1751.081100
819.0000000000,1681.176124,1883.833294,1877.452307,1854.248489,1859.986038,1838.868476,1819.687647,1812.433204,1810.732173,1808.722680,1828.212054,1822.948730,1814.682600,1815.979901,1808.527268,1802.156569,1804.223117,1799.716356,1801.470013,1794.346113,1792.178198,1783.127498,1770.080703,1765.305045,1766.693109,1766.693109,1766.693109,1793.272914,1766.576351,1780.610355,1780.413274,1792.935335,1783.465135,1670.652917,1761.268606,1761.227073,1760.394776,1746.706105,1734.292704,1721.497699,1732.065587,1731.696767,1731.775724,1724.544639,1705.480217,1704.847568,1700.091118,1699.707774,1754.080875,1754.080875,1770.825155,1759.462570,1758.691047,1755.922552,1754.112098,1753.699793,1753.699793,1753.699793,1753.699793,1755.075293,1755.617388,1756.255918,1762.198270,1759.731452,1743.676359,1743.620625,1748.697574,1748.567407,1746.222195,1742.725717,1742.603218,1742.603218,1740.967631,1739.821468,1738.221459,1738.221459,1739.438383,1771.848335,1741.103365,1740.114631,1728.228292,1726.068912,1726.068912,1724.525979,1721.904169,1725.690703,1734.216034,1733.806658,1736.400750,1729.127451,1736.400750,1737.431915,1727.633734,1724.823876,1707.478130,1719.041384,1719.041384,1721.154389,1719.592275,1715.285452,1713.952030,1713.952030,1712.808657,1710.008135,1689.059130,1686.052996,1684.473710,1677.953630,1675.154708,1674.950522,1675.706825,1687.913643,1687.913643,1687.913643,1687.913643,1682.860563,1680.132517,1680.557592,1680.557592,1674.243126,1670.393123,1670.605136,1669.048213,1667.909722,1666.395046,1659.720813,1666.749195,1666.749195,1665.103520,1659.120101,1658.516613,1658.952838,1659.813640,1657.847339,1656.000000,1765.305045,1768.721653,1765.008042,1786.026117,1776.574013,1768.747941,1768.456034,1770.537969,1761.727338,1762.676418,1761.781004,1761.900787,1749.077585,1751.057008
1005.000000000,1681.170960,1883.832779,1877.451257,1854.243837,1859.982990,1838.861521,1819.687804,1812.431703,1810.730234,1808.719739,1828.204028,1822.940083,1814.673516,1815.970568,1808.515769,1802.146299,1804.213560,1799.706209,1801.459734,1794.327875,1792.164002,1783.124641,1770.080797,1765.300060,1766.697807,1766.697807,1766.697807,1793.258498,1766.569206,1780.597486,1780.400277,1792.920409,1783.415365,1670.650213,1761.244672,1761.203460,1760.369314,1746.713247,1734.280971,1721.496593,1732.088398,1731.719130,1731.798929,1724.562470,1705.461982,1704.829877,1700.082965,1699.681990,1754.074853,1754.074853,1770.810458,1759.460532,1758.689892,1755.923583,1754.112400,1753.699988,1753.699988,1753.699988,1753.699988,1755.072457,1755.611732,1756.249189,1762.197880,1759.719096,1743.678133,1743.623002,1748.686511,1748.564145,1746.219495,1742.723798,1742.601183,1742.601183,1740.965768,1739.819091,1738.219756,1738.219756,1739.437084,1771.833601,1741.101783,1740.110403,1728.225772,1726.066152,1726.066152,1724.523259,1721.901647,1725.685197,1734.214267,1733.804682,1736.399487,1729.125291,1736.399487,1737.425928,1727.632122,1724.822815,1707.479380,1719.039446,1719.039446,1721.152131,1719.591086,1715.284376,1713.951089,1713.951089,1712.808159,1710.008328,1689.045050,1686.042338,1684.461090,1677.949853,1675.150289,1674.946057,1675.701025,1687.911268,1687.911268,1687.911268,1687.911268,1682.854599,1680.127831,1680.552865,1680.552865,1674.238405,1670.387713,1670.600959,1669.044518,1667.906998,1666.393487,1659.719834,1666.745364,1666.745364,1665.100628,1659.119166,1658.515973,1658.952790,1659.812819,1657.847145,1656.000000,1765.300060,1768.713845,1765.002289,1786.014250,1776.563659,1768.735170,1768.445756,1770.528219,1761.723606,1762.672589,1761.779841,1761.899295,1749.079234,1751.009429
1035.000000000,1681.162466,1883.831880,1877.449198,1854.234571,1859.976925,1838.847599,1819.687992,1812.429387,1810.727069,1808.715190,1828.188003,1822.922848,1814.655309,1815.951880,1808.493854,1802.125487,1804.194243,1799.686273,1801.447093,1794.303568,1792.134838,1783.121193,1770.080590,1765.299030,1766.694698,1766.694698,1766.694698,1793.228855,1766.557459,1780.573735,1780.376686,1792.892020,1783.370547,1670.645237,1761.203303,1761.162152,1760.331267,1746.729689,1734.271636,1721.492684,1732.128308,1731.758704,1731.840046,1724.590791,1705.434254,1704.801266,1700.071569,1699.641021,1754.064894,1754.064894,1770.790280,1759.456341,1758.687230,1755.921599,1754.110062,1753.697666,1753.697666,1753.697666,1753.697666,1755.066586,1755.602095,1756.237824,1762.198205,1759.727823,1743.676654,1743.621012,1748.678444,1748.558138,1746.214645,1742.720265,1742.597390,1742.597390,1740.961992,1739.815671,1738.216591,1738.216591,1739.433543,1771.811981,1741.096514,1740.101922,1728.221503,1726.061566,1726.061566,1724.518762,1721.897248,1725.676933,1734.211327,1733.801349,1736.396673,1729.121484,1736.396673,1737.428504,1727.628727,1724.820683,1707.479896,1719.036222,1719.036222,1721.148086,1719.588231,1715.282568,1713.950089,1713.950089,1712.807925,1710.007968,1689.009182,1686.010362,1684.430015,1677.943789,1675.137950,1674.933216,1675.686787,1687.907326,1687.907326,1687.907326,1687.907326,1682.846485,1680.120069,1680.544952,1680.544952,1674.226644,1670.378964,1670.593391,1669.038064,1667.901777,1666.388332,1659.717798,1666.739198,1666.739198,1665.095149,1659.116992,1658.513918,1658.952712,1659.811305,1657.846422,1656.000000,1765.299030,1768.699161,1765.003547,1785.992109,1776.542395,1768.716709,1768.426061,1770.509298,1761.717004,1762.667009,1761.778710,1761.899150,1749.076694,1751.000498
1096.000000000,1681.155405,1883.831043,1877.447329,1854.226346,1859.971537,1838.835190,1819.688098,1812.426539,1810.722641,1808.708608,1828.173751,1822.907542,1814.639066,1815.935219,1808.474070,1802.106700,1804.176921,1799.668578,1801.430308,1794.272277,1792.107672,1783.118860,1770.079689,1765.294980,1766.696681,1766.696681,1766.696681,1793.200975,1766.546920,1780.551021,1780.354060,1792.865985,1783.315511,1670.640369,1761.164183,1761.123045,1760.290977,1746.746113,1734.261691,1721.488863,1732.170624,1731.800484,1731.883441,1724.622361,1705.404232,1704.770032,1700.064698,1699.598976,1754.055265,1754.055265,1770.770575,1759.451010,1758.684528,1755.920558,1754.107845,1753.695619,1753.695619,1753.695619,1753.695619,1755.060879,1755.593532,1756.227853,1762.198037,1759.722455,1743.677332,1743.621941,1748.669928,1748.552480,1746.210008,1742.717111,1742.593965,1742.593965,1740.958571,1739.812991,1738.213670,1738.213670,1739.429998,1771.791277,1741.090854,1740.093405,1728.217953,1726.057774,1726.057774,1724.514944,1721.893377,1725.670797,1734.208458,1733.798219,1736.393907,1729.118386,1736.393907,1737.424895,1727.626270,1724.818971,1707.479625,1719.033360,1719.033360,1721.144499,1719.585704,1715.280904,1713.948898,1713.948898,1712.807077,1710.007240,1688.974929,1685.979284,1684.400243,1677.938073,1675.126658,1674.921519,1675.673745,1687.904125,1687.904125,1687.904125,1687.904125,1682.840956,1680.113397,1680.538216,1680.538216,1674.215924,1670.371144,1670.586449,1669.032071,1667.896749,1666.383162,1659.715697,1666.733263,1666.733263,1665.089900,1659.114887,1658.512202,1658.952632,1659.809763,1657.845667,1656.000000,1765.294980,1768.685726,1764.999819,1785.972574,1776.522536,1768.697892,1768.405338,1770.491924,1761.708943,1762.662064,1761.777511,1761.898055,1749.076851,1750.985964
1155.000000000,1681.154450,1883.830916,1877.447041,1854.225090,1859.970713,1838.833289,1819.688102,1812.426012,1810.721780,1808.707349,1828.171571,1822.905201,1814.636576,1815.932666,1808.471034,1802.103800,1804.174259,1799.665864,1801.427297,1794.266648,1792.103429,1783.118583,1770.079627,1765.294379,1766.696853,1766.696853,1766.696853,1793.196579,1766.545316,1780.547461,1780.350513,1792.861959,1783.306195,1670.639608,1761.158286,1761.117158,1760.284597,1746.748736,1734.260079,1721.488260,1732.177500,1731.807280,1731.890496,1724.627542,1705.399290,1704.764780,1700.063860,1699.592461,1754.053774,1754.053774,1770.767601,1759.450122,1758.684120,1755.920319,1754.107416,1753.695218,1753.695218,1753.695218,1753.695218,1755.059992,1755.592273,1756.226372,1762.197971,1759.720880,1743.677599,1743.622310,1748.668632,1748.551645,1746.209321,1742.716641,1742.593451,1742.593451,1740.958048,1739.812550,1738.213213,1738.213213,1739.429437,1771.788091,1741.089893,1740.092012,1728.217463,1726.057231,1726.057231,1724.514386,1721.892895,1725.669930,1734.208004,1733.797722,1736.393464,1729.117941,1736.393464,1737.424670,1727.625889,1724.818731,1707.479525,1719.032987,1719.032987,1721.144058,1719.585381,1715.280634,1713.948722,1713.948722,1712.806965,1710.007100,1688.969342,1685.974155,1684.395512,1677.937186,1675.124837,1674.919638,1675.671682,1687.903699,1687.903699,1687.903699,1687.903699,1682.840140,1680.112459,1680.537298,1680.537298,1674.214221,1670.369975,1670.585393,1669.031163,1667.895989,1666.382319,1659.715386,1666.732335,1666.732335,1665.089081,1659.114593,1658.511937,1658.952619,1659.809519,1657.845554,1656.000000,1765.294379,1768.683656,1764.999056,1785.969572,1776.519411,1768.694952,1768.401978,1770.489226,1761.707615,1762.661329,1761.777262,1761.897774,1749.077046,1750.981543
1185.000000000,1681.148868,1883.830112,1877.445141,1854.216703,1859.965209,1838.820590,1819.688088,1812.422976,1810.717437,1808.701209,1828.157009,1822.889577,1814.619937,1815.915606,1808.451077,1802.084319,1804.156448,1799.647698,1801.412416,1794.238844,1792.075938,1783.117104,1770.079286,1765.290554,1766.699738,1766.699738,1766.699738,1793.168816,1766.535541,1780.525297,1780.328539,1792.835992,1783.266346,1670.634965,1761.121760,1761.080582,1760.250298,1746.766124,1734.250985,1721.484227,1732.216946,1731.846528,1731.930621,1724.656113,1705.372294,1704.736232,1700.058924,1699.553983,1754.044949,1754.044949,1770.750920,1759.445122,1758.681581,1755.919432,1754.105283,1753.693322,1753.693322,1753.693322,1753.693322,1755.054725,1755.584388,1756.217107,1762.197806,1759.715311,1743.678306,1743.623253,1748.661735,1748.546424,1746.205033,1742.713746,1742.590261,1742.590261,1740.954748,1739.809919,1738.210273,1738.210273,1739.425882,1771.769467,1741.083842,1740.082450,1728.214429,1726.053956,1726.053956,1724.511061,1721.889864,1725.664341,1734.205019,1733.794519,1736.390625,1729.115265,1736.390625,1737.420363,1727.623940,1724.817338,1707.478897,1719.030773,1719.030773,1721.141315,1719.583645,1715.278999,1713.947508,1713.947508,1712.805846,1710.006136,1688.933488,1685.941830,1684.365490,1677.931769,1675.112622,1674.907053,1675.657860,1687.901395,1687.901395,1687.901395,1687.901395,1682.835504,1680.106911,1680.531893,1680.531893,1674.202861,1670.362715,1670.578813,1669.025613,1667.891408,1666.376612,1659.713456,1666.726519,1666.726519,1665.083993,1659.112857,1658.510665,1658.952541,1659.808012,1657.844927,1656.000000,1765.290554,1768.670833,1764.995606,1785.949419,1776.498862,1768.677806,1768.383115,1770.471583,1761.700186,1762.657005,1761.776283,1761.896830,1749.077318,1750.975893
1370.000000000,1681.148115,1883.829992,1877.444868,1854.215507,1859.964423,1838.818777,1819.688075,1812.422435,1810.716487,1808.699837,1828.154930,1822.887347,1814.617560,1815.913168,1808.448161,1802.081518,1804.153898,1799.645091,1801.409308,1794.233310,1792.072096,1783.116932,1770.079327,1765.289992,1766.699967,1766.699967,1766.699967,1793.164763,1766.534092,1780.521932,1780.325177,1792.832189,1783.256929,1670.634253,1761.116788,1761.075661,1760.244451,1746.768421,1734.249134,1721.483673,1732.223395,1731.852936,1731.937050,1724.660975,1705.367553,1704.731110,1700.058357,1699.548341,1754.043562,1754.043562,1770.748203,1759.444281,1758.681230,1755.919221,1754.104884,1753.692945,1753.692945,1753.692945,1753.692945,1755.053917,1755.583269,1756.215775,1762.197725,1759.713471,1743.678620,1743.623689,1748.660352,1748.545700,1746.204436,1742.713330,1742.589806,1742.589806,1740.954271,1739.809493,1738.209828,1738.209828,1739.425368,1771.766240,1741.082874,1740.081018,1728.214004,1726.053507,1726.053507,1724.510608,1721.889513,1725.663594,1734.204543,1733.794000,1736.390192,1729.114846,1736.390192,1737.420127,1727.623581,1724.817139,1707.478787,1719.030517,1719.030517,1721.141004,1719.583432,1715.278729,1713.947312,1713.947312,1712.805713,1710.005968,1688.928390,1685.937232,1684.361455,1677.930921,1675.110991,1674.905343,1675.656013,1687.901057,1687.901057,1687.901057,1687.901057,1682.834824,1680.106143,1680.531154,1680.531154,1674.201284,1670.361629,1670.577849,1669.024792,1667.890737,1666.375817,1659.713188,1666.725622,1666.725622,1665.083235,1659.112610,1658.510439,1658.952529,1659.807790,1657.844834,1656.000000,1765.289992,1768.669009,1764.994857,1785.946510,1776.495873,1768.674872,1768.380072,1770.469021,1761.698942,1762.656333,1761.776032,1761.896524,1749.077584,1750.971331
1400.000000000,1681.143821,1883.829251,1877.443109,1854.207776,1859.959343,1838.807044,1819.687970,1812.419347,1810.712044,1808.693571,1828.141486,1822.872927,1814.602171,1815.897387,1808.429665,1802.063391,1804.137373,1799.628185,1801.394655,1794.207362,1792.047115,1783.116041,1770.079538,1765.286238,1766.703238,1766.703238,1766.703238,1793.139656,1766.525550,1780.501754,1780.305166,1792.808444,1783.220555,1670.630087,1761.084348,1761.043201,1760.213905,1746.784118,1734.239852,1721.479898,1732.259154,1731.888589,1731.973177,1724.686975,1705.342960,1704.705156,1700.055056,1699.513610,1754.035796,1754.035796,1770.733055,1759.439814,1758.679095,1755.918643,1754.103124,1753.691402,1753.691402,1753.691402,1753.691402,1755.049334,1755.576433,1756.207698,1762.197533,1759.707527,1743.679436,1743.624760,1748.653594,1748.541267,1746.200796,1742.710845,1742.587054,1742.587054,1740.951351,1739.807064,1738.207090,1738.207090,1739.422172,1771.749150,1741.077167,1740.071621,1728.211448,1726.050874,1726.050874,1724.507996,1721.887302,1725.658833,1734.201619,1733.790894,1736.387505,1729.112502,1736.387505,1737.415980,1727.621974,1724.816043,1707.478165,1719.028969,1719.028969,1721.139054,1719.582361,1715.277186,1713.945817,1713.945817,1712.804427,1710.004943,1688.896187,1685.908421,1684.334645,1677.926042,1675.099897,1674.893954,1675.643481,1687.899362,1687.899362,1687.899362,1687.899362,1682.831106,1680.101747,1680.526930,1680.526930,1674.190947,1670.355161,1670.571993,1669.019928,1667.886795,1666.370486,1659.711555,1666.720269,1666.720269,1665.078658,1659.111174,1658.509427,1658.952460,1659.806471,1657.844337,1656.000000,1765.286238,1768.657863,1764.991474,1785.927608,1776.476846,1768.659071,1768.363366,1770.452774,1761.692272,1762.652430,1761.775072,1761.895550,1749.078060,1750.966209
1461.000000000,1681.139164,1883.828338,1877.440979,1854.198499,1859.953245,1838.792948,1819.687746,1812.414875,1810.705310,1808.684033,1828.125332,1822.855603,1814.583663,1815.878398,1808.407219,1802.041531,1804.117442,1799.607767,1801.373254,1794.171133,1792.016965,1783.115292,1770.080314,1765.282520,1766.705724,1766.705724,1766.705724,1793.109106,1766.515233,1780.477016,1780.280591,1792.779689,1783.168899,1670.625011,1761.044960,1761.003842,1760.174784,1746.802708,1734.227219,1721.475243,1732.304621,1731.933859,1732.019125,1724.720760,1705.311030,1704.671427,1700.051897,1699.469701,1754.026439,1754.026439,1770.713708,1759.434247,1758.676606,1755.917548,1754.100766,1753.689273,1753.689273,1753.689273,1753.689273,1755.043828,1755.568435,1756.198206,1762.197368,1759.702707,1743.680103,1743.625644,1748.644436,1748.536187,1746.196638,1742.707938,1742.583834,1742.583834,1740.947865,1739.804074,1738.203717,1738.203717,1739.418282,1771.727755,1741.069982,1740.060087,1728.208523,1726.047975,1726.047975,1724.505199,1721.885118,1725.653417,1734.197985,1733.787025,1736.384147,1729.109699,1736.384147,1737.412866,1727.619928,1724.814790,1707.477396,1719.027325,1719.027325,1721.137151,1719.581300,1715.275044,1713.943775,1713.943775,1712.802746,1710.003614,1688.857241,1685.873425,1684.302088,1677.920159,1675.086632,1674.880371,1675.628504,1687.897565,1687.897565,1687.897565,1687.897565,1682.826756,1680.096878,1680.522303,1680.522303,1674.178592,1670.347386,1670.564957,1669.014116,1667.882121,1666.364070,1659.709652,1666.713736,1666.713736,1665.073100,1659.109477,1658.508121,1658.952377,1659.804909,1657.843748,1656.000000,1765.282520,1768.644569,1764.988333,1785.904764,1776.453795,1768.639137,1768.342222,1770.433131,1761.683909,1762.647617,1761.773860,1761.894462,1749.078253,1750.955702
1520.000000000,1681.136389,1883.827739,1877.439569,1854.192368,1859.949214,1838.783618,1819.687530,1812.411575,1810.700438,1808.677260,1828.114637,1822.844133,1814.571396,1815.865806,1808.392338,1802.026978,1804.104193,1799.594184,1801.358540,1794.146879,1791.997087,1783.115016,1770.080621,1765.282617,1766.702690,1766.702690,1766.702690,1793.088993,1766.508705,1780.460829,1780.264529,1792.760776,1783.135970,1670.621712,1761.019429,1760.978326,1760.149773,1746.814819,1734.218885,1721.472025,1732.334357,1731.963513,1732.049213,1724.742848,1705.290185,1704.649305,1700.050411,1699.440902,1754.020546,1754.020546,1770.701276,1759.430425,1758.674706,1755.915345,1754.098247,1753.686869,1753.686869,1753.686869,1753.686869,1755.039850,1755.563277,1756.192155,1762.197617,1759.709158,1743.679065,1743.624246,1748.638614,1748.532887,1746.193970,1742.705983,1742.581732,1742.581732,1740.945594,1739.802206,1738.201515,1738.201515,1739.415702,1771.713966,1741.065130,1740.052341,1728.206611,1726.046253,1726.046253,1724.503638,1721.883674,1725.650030,1734.195851,1733.784647,1736.381926,1729.107739,1736.381926,1737.415533,1727.618090,1724.813860,1707.476850,1719.026130,1719.026130,1721.135784,1719.580081,1715.273549,1713.942959,1713.942959,1712.802213,1710.002697,1688.831233,1685.850033,1684.280453,1677.916454,1675.077730,1674.871281,1675.618508,1687.896607,1687.896607,1687.896607,1687.896607,1682.824434,1680.093938,1680.519502,1680.519502,1674.170365,1670.342390,1670.560411,1669.010382,1667.879053,1666.359816,1659.708389,1666.709524,1666.709524,1665.069489,1659.108170,1658.506783,1658.952323,1659.803895,1657.843174,1656.000000,1765.282617,1768.635978,1764.989432,1785.889577,1776.438530,1768.626310,1768.328496,1770.420186,1761.678549,1762.644724,1761.773346,1761.894565,1749.076547,1750.948378
1550.000000000,1681.133157,1883.826984,1877.437717,1854.184190,1859.943840,1838.771161,1819.687228,1812.407953,1810.695431,1808.670550,1828.100352,1822.828811,1814.554998,1815.848966,1808.372732,1802.007465,1804.086443,1799.575966,1801.344117,1794.123459,1791.972173,1783.114811,1770.079632,1765.284159,1766.697192,1766.697192,1766.697192,1793.064066,1766.501233,1780.440887,1780.244801,1792.736585,1783.104919,1670.617723,1760.989535,1760.948501,1760.122874,1746.829685,1734.209142,1721.467795,1732.367784,1731.997088,1732.082519,1724.766556,1705.267528,1704.625069,1700.049303,1699.409206,1754.013445,1754.013445,1770.687258,1759.425563,1758.671950,1755.911978,1754.094639,1753.683453,1753.683453,1753.683453,1753.683453,1755.034443,1755.556527,1756.184453,1762.198037,1759.721533,1743.677223,1743.621774,1748.632295,1748.528384,1746.190311,1742.703376,1742.578992,1742.578992,1740.942779,1739.800339,1738.198960,1738.198960,1739.412516,1771.697082,1741.058989,1740.041887,1728.204174,1726.044176,1726.044176,1724.501785,1721.881151,1725.645639,1734.193720,1733.782146,1736.379325,1729.105374,1736.379325,1737.420941,1727.615911,1724.812768,1707.476117,1719.024061,1719.024061,1721.133244,1719.577609,1715.271956,1713.942914,1713.942914,1712.802220,1710.001504,1688.798812,1685.821380,1684.254501,1677.912031,1675.066289,1674.859499,1675.605722,1687.895671,1687.895671,1687.895671,1687.895671,1682.823759,1680.090378,1680.516180,1680.516180,1674.159691,1670.336206,1670.554803,1669.005749,1667.875147,1666.354328,1659.706654,1666.704339,1666.704339,1665.065045,1659.106326,1658.504916,1658.952251,1659.802558,1657.842229,1656.000000,1765.284159,1768.625735,1764.992692,1785.869208,1776.418769,1768.611143,1768.313306,1770.403527,1761.672277,1762.641498,1761.772896,1761.895043,1749.073748,1750.943780
1735.000000000,1681.129370,1883.825924,1877.435279,1854.173681,1859.936937,1838.755140,1819.686678,1812.401244,1810.685250,1808.656279,1828.081969,1822.809092,1814.533884,1815.827273,1808.346927,1801.982390,1804.063540,1799.552448,1801.314576,1794.077919,1791.938648,1783.114547,1770.077520,1765.283628,1766.693083,1766.693083,1766.693083,1793.030078,1766.491017,1780.413174,1780.217256,1792.704268,1783.042073,1670.612122,1760.945535,1760.904530,1760.078289,1746.849697,1734.192875,1721.462160,1732.420100,1732.049131,1732.135502,1724.806250,1705.230530,1704.586194,1700.048435,1699.358127,1754.002998,1754.002998,1770.664664,1759.417715,1758.668209,1755.908288,1754.089981,1753.679099,1753.679099,1753.679099,1753.679099,1755.026821,1755.547198,1756.173891,1762.198137,1759.726974,1743.676659,1743.621018,1748.620900,1748.522052,1746.185086,1742.699856,1742.575259,1742.575259,1740.939098,1739.798017,1738.195802,1738.195802,1739.408294,1771.672642,1741.050561,1740.028400,1728.201116,1726.041435,1726.041435,1724.499174,1721.877618,1725.639857,1734.190839,1733.778828,1736.376124,1729.102331,1736.376124,1737.425190,1727.613216,1724.811432,1707.475076,1719.021174,1719.021174,1721.129698,1719.574311,1715.270067,1713.942726,1713.942726,1712.802156,1709.999909,1688.755728,1685.782532,1684.217807,1677.905855,1675.051664,1674.844625,1675.589176,1687.894621,1687.894621,1687.894621,1687.894621,1682.823520,1680.085934,1680.512175,1680.512175,1674.146136,1670.327751,1670.547127,1668.999272,1667.869795,1666.347268,1659.704322,1666.697136,1666.697136,1665.059025,1659.104028,1658.502696,1658.952146,1659.800662,1657.840965,1656.000000,1765.283628,1768.611904,1764.993149,1785.842967,1776.392810,1768.588380,1768.289463,1770.381542,1761.661828,1762.636634,1761.771715,1761.894486,1749.072197,1750.926274
1765.000000000,1681.129004,1883.825794,1877.434972,1854.172358,1859.936068,1838.753121,1819.686596,1812.400344,1810.683943,1808.654529,1828.079650,1822.806604,1814.531219,1815.824533,1808.343687,1801.979218,1804.060642,1799.549476,1801.310997,1794.072288,1791.934385,1783.114509,1770.077197,1765.283586,1766.692954,1766.692954,1766.692954,1793.025754,1766.489753,1780.409739,1780.213852,1792.700221,1783.035136,1670.611447,1760.940117,1760.899110,1760.073012,1746.852213,1734.191087,1721.461424,1732.426519,1732.055533,1732.142098,1724.811053,1705.226034,1704.581395,1700.048380,1699.351819,1754.001716,1754.001716,1770.661978,1759.416823,1758.667749,1755.907971,1754.089527,1753.678698,1753.678698,1753.678698,1753.678698,1755.025937,1755.546028,1756.172567,1762.198209,1759.728767,1743.676331,1743.620579,1748.619718,1748.521246,1746.184420,1742.699428,1742.574792,1742.574792,1740.938641,1739.797783,1738.195446,1738.195446,1739.407778,1771.669784,1741.049490,1740.026710,1728.200750,1726.041106,1726.041106,1724.498852,1721.877166,1725.639112,1734.190456,1733.778399,1736.375755,1729.102001,1736.375755,1737.424997,1727.613004,1724.811277,1707.474972,1719.020817,1719.020817,1721.129255,1719.573972,1715.269862,1713.942635,1713.942635,1712.802030,1709.999723,1688.750000,1685.777312,1684.212987,1677.905144,1675.049717,1674.842650,1675.587008,1687.894566,1687.894566,1687.894566,1687.894566,1682.823570,1680.085463,1680.511771,1680.511771,1674.144374,1670.326724,1670.546182,1668.998482,1667.869180,1666.346363,1659.704054,1666.696276,1666.696276,1665.058316,1659.103815,1658.502569,1658.952133,1659.800433,1657.840844,1656.000000,1765.283586,1768.610166,1764.993594,1785.839669,1776.389534,1768.585737,1768.286484,1770.378787,1761.660598,1762.636062,1761.771697,1761.894608,1749.071760,1750.925007
1826.000000000,1681.127883,1883.825360,1877.433944,1854.167899,1859.933141,1838.746313,1819.686311,1812.397353,1810.679708,1808.648834,1828.071831,1822.798214,1814.522228,1815.815289,1808.332769,1801.968476,1804.050862,1799.539440,1801.299400,1794.054275,1791.920239,1783.114366,1770.076538,1765.280026,1766.696972,1766.696972,1766.696972,1793.011470,1766.485544,1780.398337,1780.202562,1792.686673,1783.012997,1670.609220,1760.922373,1760.881367,1760.056043,1746.860510,1734.185012,1721.458979,1732.447553,1732.076564,1732.163395,1724.826724,1705.211432,1704.565844,1700.048101,1699.331202,1753.997456,1753.997456,1770.653327,1759.414093,1758.666413,1755.908025,1754.088545,1753.677892,1753.677892,1753.677892,1753.677892,1755.023242,1755.542187,1756.168143,1762.197809,1759.717495,1743.678054,1743.622905,1748.615725,1748.518694,1746.182290,1742.698079,1742.573286,1742.573286,1740.937147,1739.796863,1738.194259,1738.194259,1739.406090,1771.660176,1741.045957,1740.020990,1728.199635,1726.040013,1726.040013,1724.497730,1721.875903,1725.636604,1734.189102,1733.776914,1736.374527,1729.101073,1736.374527,1737.419797,1727.612592,1724.810931,1707.474702,1719.019792,1719.019792,1721.128066,1719.573261,1715.269158,1713.942142,1713.942142,1712.801372,1709.999133,1688.731108,1685.760340,1684.197356,1677.902821,1675.043303,1674.836116,1675.579815,1687.894327,1687.894327,1687.894327,1687.894327,1682.823346,1680.083989,1680.510541,1680.510541,1674.138500,1670.323299,1670.543052,1668.995920,1667.867244,1666.343358,1659.703257,1666.693417,1666.693417,1665.056020,1659.103302,1658.502404,1658.952091,1659.799698,1657.840581,1656.000000,1765.280026,1768.604442,1764.988820,1785.828539,1776.378558,1768.576858,1768.276896,1770.369546,1761.656669,1762.634208,1761.771056,1761.893459,1749.073494,1750.921534
1885.000000000,1681.126039,1883.824534,1877.431955,1854.159201,1859.927435,1838.733025,1819.685741,1812.392018,1810.672263,1808.638959,1828.056560,1822.781825,1814.504661,1815.797221,1808.311541,1801.947433,1804.031726,1799.519773,1801.279475,1794.023942,1791.893639,1783.114076,1770.076091,1765.280508,1766.693471,1766.693471,1766.693471,1792.984740,1766.477695,1780.376959,1780.181408,1792.660767,1782.975102,1670.605070,1760.890073,1760.849122,1760.025984,1746.875831,1734.173381,1721.454302,1732.485410,1732.114537,1732.201299,1724.854403,1705.185425,1704.538074,1700.047501,1699.294791,1753.989634,1753.989634,1770.637640,1759.409230,1758.664034,1755.905445,1754.085406,1753.674940,1753.674940,1753.674940,1753.674940,1755.017927,1755.535097,1756.159888,1762.198147,1759.727113,1743.676581,1743.620923,1748.608384,1748.514113,1746.178527,1742.695535,1742.570534,1742.570534,1740.934362,1739.794750,1738.191845,1738.191845,1739.402987,1771.641845,1741.039293,1740.009670,1728.197536,1726.037981,1726.037981,1724.495737,1721.873880,1725.631771,1734.186743,1733.774214,1736.372158,1729.099002,1736.372158,1737.423114,1727.610787,1724.809918,1707.474164,1719.018239,1719.018239,1721.126163,1719.571789,1715.267695,1713.941555,1713.941555,1712.800947,1709.998072,1688.695875,1685.729070,1684.168827,1677.898658,1675.031254,1674.823772,1675.566299,1687.893996,1687.893996,1687.893996,1687.893996,1682.822246,1680.081555,1680.508499,1680.508499,1674.127354,1670.316865,1670.537221,1668.991264,1667.863753,1666.337709,1659.701992,1666.688127,1666.688127,1665.051880,1659.102293,1658.501473,1658.952022,1659.798484,1657.840032,1656.000000,1765.280508,1768.593882,1764.991123,1785.806711,1776.357501,1768.560234,1768.259912,1770.351836,1761.649872,1762.630677,1761.770466,1761.893688,1749.071203,1750.916060
1915.000000000,1681.124538,1883.823834,1877.430266,1854.151801,1859.922582,1838.721713,1819.685241,1812.387718,1810.666271,1808.631033,1828.043551,1822.767860,1814.489684,1815.781813,1808.293500,1801.929511,1804.015388,1799.502967,1801.263722,1794.000529,1791.871659,1783.113859,1770.075516,1765.277789,1766.695369,1766.695369,1766.695369,1792.962709,1766.471356,1780.359290,1780.163926,1792.639079,1782.945222,1670.601681,1760.863697,1760.822807,1760.001739,1746.888241,1734.163533,1721.450372,1732.515943,1732.145195,1732.231756,1724.876491,1705.164608,1704.515922,1700.047158,1699.265544,1753.983214,1753.983214,1770.624637,1759.405307,1758.662082,1755.904556,1754.083457,1753.673193,1753.673193,1753.673193,1753.673193,1755.013685,1755.529180,1756.153030,1762.197979,1759.722213,1743.677271,1743.621863,1748.602292,1748.510301,1746.175396,1742.693469,1742.568273,1742.568273,1740.932078,1739.793166,1738.189892,1738.189892,1739.400448,1771.626445,1741.033772,1739.999975,1728.195770,1726.036350,1726.036350,1724.494148,1721.872125,1725.627749,1734.184652,1733.771892,1736.370198,1729.097352,1736.370198,1737.420106,1727.609686,1724.809237,1707.473774,1719.016876,1719.016876,1721.124516,1719.570707,1715.266492,1713.940744,1713.940744,1712.800140,1709.997209,1688.667183,1685.703709,1684.145638,1677.895340,1675.021379,1674.813638,1675.555201,1687.893732,1687.893732,1687.893732,1687.893732,1682.821737,1680.079612,1680.506848,1680.506848,1674.118173,1670.311565,1670.532429,1668.987467,1667.860920,1666.333089,1659.700937,1666.683825,1666.683825,1665.048534,1659.101490,1658.500964,1658.951967,1659.797518,1657.839643,1656.000000,1765.277789,1768.585325,1764.988278,1785.788091,1776.339882,1768.546443,1768.246231,1770.337019,1761.644318,1762.627856,1761.769766,1761.892921,1749.071590,1750.911934
2100.000000000,1681.124307,1883.823717,1877.429996,1854.150627,1859.921813,1838.719917,1819.685150,1812.386875,1810.664875,1808.629139,1828.041485,1822.765641,1814.487304,1815.779364,1808.290580,1801.926666,1804.012789,1799.500293,1801.260175,1793.995407,1791.868201,1783.113824,1770.075521,1765.277310,1766.695604,1766.695604,1766.695604,1792.959106,1766.470280,1780.356303,1780.160951,1792.635540,1782.937527,1670.601103,1760.859468,1760.818621,1759.997039,1746.890114,1734.161491,1721.449766,1732.521555,1732.150801,1732.237312,1724.880719,1705.160554,1704.511547,1700.047081,1699.260558,1753.982079,1753.982079,1770.622217,1759.404600,1758.661796,1755.904386,1754.083107,1753.672866,1753.672866,1753.672866,1753.672866,1755.012980,1755.528229,1756.151908,1762.197913,1759.720637,1743.677533,1743.622228,1748.601004,1748.509706,1746.174907,1742.693140,1742.567912,1742.567912,1740.931708,1739.792857,1738.189564,1738.189564,1739.400038,1771.623540,1741.032816,1739.998438,1728.195498,1726.036081,1726.036081,1724.493880,1721.871907,1725.627117,1734.184299,1733.771500,1736.369870,1729.097081,1736.369870,1737.419833,1727.609471,1724.809125,1707.473713,1719.016689,1719.016689,1721.124318,1719.570576,1715.266258,1713.940604,1713.940604,1712.800026,1709.997067,1688.662577,1685.699582,1684.141990,1677.894778,1675.019885,1674.812086,1675.553520,1687.893677,1687.893677,1687.893677,1687.893677,1682.821550,1680.079306,1680.506596,1680.506596,1674.116753,1670.310679,1670.531638,1668.986835,1667.860454,1666.332388,1659.700780,1666.683106,1666.683106,1665.047982,1659.101377,1658.500871,1658.951958,1659.797364,1657.839591,1656.000000,1765.277310,1768.583923,1764.987593,1785.785138,1776.337056,1768.543869,1768.243696,1770.334637,1761.643289,1762.627362,1761.769576,1761.892678,1749.071814,1750.908381
2130.000000000,1681.122934,1883.822982,1877.428230,1854.142911,1859.916756,1838.708110,1819.684584,1812.382222,1810.658471,1808.620652,1828.027894,1822.751046,1814.471646,1815.763247,1808.271733,1801.907962,1803.995676,1799.482698,1801.243592,1793.971209,1791.845476,1783.113624,1770.075689,1765.274291,1766.698596,1766.698596,1766.698596,1792.936370,1766.463761,1780.338110,1780.142957,1792.613091,1782.907078,1670.597654,1760.832018,1760.791206,1759.972014,1746.902828,1734.151252,1721.445633,1732.553009,1732.182343,1732.268871,1724.903535,1705.139201,1704.488935,1700.046569,1699.229909,1753.975557,1753.975557,1770.608561,1759.400859,1758.660076,1755.903928,1754.081510,1753.671466,1753.671466,1753.671466,1753.671466,1755.008944,1755.522314,1756.144955,1762.197748,1759.715231,1743.678250,1743.623181,1748.594690,1748.506033,1746.171903,1742.691153,1742.565699,1742.565699,1740.929396,1739.791013,1738.187477,1738.187477,1739.397445,1771.607662,1741.027129,1739.988359,1728.193804,1726.034441,1726.034441,1724.492278,1721.870509,1725.622986,1734.182004,1733.769019,1736.367802,1729.095485,1736.367802,1737.415743,1727.608484,1724.808473,1707.473400,1719.015596,1719.015596,1721.123078,1719.570009,1715.264890,1713.939629,1713.939629,1712.798976,1709.996230,1688.633101,1685.673402,1684.117762,1677.891500,1675.009747,1674.801710,1675.542101,1687.893425,1687.893425,1687.893425,1687.893425,1682.820363,1680.077506,1680.505089,1680.505089,1674.107370,1670.305291,1670.526758,1668.983032,1667.857682,1666.327712,1659.699828,1666.678777,1666.678777,1665.044621,1659.100735,1658.500576,1658.951907,1659.796453,1657.839349,1656.000000,1765.274291,1768.575156,1764.984676,1785.765752,1776.318866,1768.529679,1768.229463,1770.319345,1761.637724,1762.624521,1761.768927,1761.891951,1749.072262,1750.904180
2191.000000000,1681.122708,1883.822859,1877.427948,1854.141681,1859.915951,1838.706228,1819.684483,1812.381341,1810.657022,1808.618698,1828.025726,1822.748717,1814.469147,1815.760674,1808.268675,1801.904977,1803.992942,1799.479888,1801.239982,1793.966051,1791.841925,1783.113596,1770.075823,1765.273794,1766.698896,1766.698896,1766.698896,1792.932665,1766.462656,1780.335040,1780.139901,1792.609425,1782.899409,1670.597066,1760.827726,1760.786957,1759.967255,1746.904719,1734.149149,1721.444998,1732.558738,1732.188067,1732.274535,1724.907834,1705.135091,1704.484507,1700.046467,1699.224836,1753.974419,1753.974419,1770.606078,1759.400190,1758.659818,1755.903783,1754.081178,1753.671155,1753.671155,1753.671155,1753.671155,1755.008260,1755.521369,1756.143825,1762.197665,1759.713370,1743.678575,1743.623627,1748.593384,1748.505465,1746.171442,1742.690832,1742.565344,1742.565344,1740.929015,1739.790667,1738.187119,1738.187119,1739.397021,1771.604660,1741.026141,1739.986758,1728.193527,1726.034176,1726.034176,1724.492021,1721.870341,1725.622346,1734.181592,1733.768568,1736.367447,1729.095187,1736.367447,1737.415469,1727.608243,1724.808364,1707.473349,1719.015463,1719.015463,1721.122936,1719.569943,1715.264636,1713.939452,1713.939452,1712.798841,1709.996091,1688.628362,1685.669155,1684.114024,1677.890948,1675.008217,1674.800118,1675.540379,1687.893361,1687.893361,1687.893361,1687.893361,1682.820084,1680.077217,1680.504847,1680.504847,1674.105914,1670.304391,1670.525955,1668.982402,1667.857225,1666.327005,1659.699684,1666.678054,1666.678054,1665.044067,1659.100630,1658.500483,1658.951899,1659.796310,1657.839311,1656.000000,1765.273794,1768.573721,1764.983964,1785.762669,1776.315945,1768.527035,1768.226859,1770.316885,1761.636716,1762.624025,1761.768718,1761.891670,1749.072550,1750.901067
2250.000000000,1681.121392,1883.822142,1877.426264,1854.134385,1859.911174,1838.695052,1819.683862,1812.376177,1810.649650,1808.608784,1828.012852,1822.734885,1814.454300,1815.745388,1808.250682,1801.887257,1803.976692,1799.463191,1801.221060,1793.938976,1791.820222,1783.113465,1770.076573,1765.270517,1766.702418,1766.702418,1766.702418,1792.910800,1766.456301,1780.317431,1780.122456,1792.587957,1782.865144,1670.593735,1760.800793,1760.760037,1759.941461,1746.916758,1734.138555,1721.441016,1732.590632,1732.219939,1732.306792,1724.931604,1705.113067,1704.461308,1700.045892,1699.193446,1753.968169,1753.968169,1770.592172,1759.396578,1758.658336,1755.903605,1754.079862,1753.670022,1753.670022,1753.670022,1753.670022,1755.004562,1755.515880,1756.137319,1762.197474,1759.707397,1743.679390,1743.624696,1748.586730,1748.502152,1746.168758,1742.689016,1742.563303,1742.563303,1740.926795,1739.788783,1738.184996,1738.184996,1739.394498,1771.589007,1741.020634,1739.977266,1728.191919,1726.032680,1726.032680,1724.490614,1721.869277,1725.618556,1734.179193,1733.766018,1736.365332,1729.093619,1736.365332,1737.411294,1727.607331,1724.807794,1707.473091,1719.014692,1719.014692,1721.122046,1719.569725,1715.263221,1713.938098,1713.938098,1712.797599,1709.995309,1688.600094,1685.643839,1684.090331,1677.887867,1674.998723,1674.790431,1675.529637,1687.893064,1687.893064,1687.893064,1687.893064,1682.818602,1680.075570,1680.503429,1680.503429,1674.097146,1670.299272,1670.521307,1668.978811,1667.854619,1666.322693,1659.698817,1666.673964,1666.673964,1665.040869,1659.100012,1658.500203,1658.951854,1659.795499,1657.839140,1656.000000,1765.270517,1768.565241,1764.980892,1785.744382,1776.298692,1768.512891,1768.212280,1770.302368,1761.631170,1762.621156,1761.767993,1761.890847,1749.073143,1750.894397
2280.000000000,1681.119895,1883.821350,1877.424354,1854.126019,1859.905701,1838.682229,1819.683179,1812.370983,1810.642551,1808.599543,1827.998068,1822.718996,1814.437239,1815.727818,1808.230209,1801.866870,1803.957998,1799.443990,1801.203382,1793.913337,1791.796207,1783.113412,1770.077799,1765.267765,1766.704751,1766.704751,1766.704751,1792.886696,1766.449269,1780.298192,1780.103438,1792.563952,1782.833574,1670.590153,1760.772445,1760.731744,1759.915580,1746.929851,1734.127705,1721.436517,1732.623688,1732.253114,1732.339902,1724.955476,1705.090712,1704.437480,1700.045166,1699.161599,1753.961603,1753.961603,1770.577986,1759.393013,1758.656769,1755.903037,1754.078238,1753.668569,1753.668569,1753.668569,1753.668569,1755.000599,1755.509981,1756.130264,1762.197309,1759.702835,1743.680039,1743.625561,1748.580302,1748.498704,1746.165998,1742.687059,1742.561107,1742.561107,1740.924327,1739.786644,1738.182567,1738.182567,1739.391665,1771.572042,1741.014491,1739.966406,1728.190136,1726.031096,1726.031096,1724.489187,1721.868338,1725.614377,1734.176440,1733.763069,1736.362874,1729.091807,1736.362874,1737.408748,1727.606140,1724.807163,1707.472832,1719.013919,1719.013919,1721.121283,1719.569547,1715.261502,1713.936454,1713.936454,1712.796227,1709.994462,1688.568527,1685.615800,1684.064702,1677.884622,1674.987972,1674.779408,1675.517549,1687.892670,1687.892670,1687.892670,1687.892670,1682.816644,1680.073759,1680.501855,1680.501855,1674.087213,1670.293717,1670.516259,1668.974973,1667.851807,1666.317911,1659.697873,1666.669582,1666.669582,1665.037373,1659.099272,1658.499709,1658.951808,1659.794641,1657.838935,1656.000000,1765.267765,1768.555936,1764.978415,1785.723445,1776.279293,1768.497936,1768.197169,1770.286118,1761.625700,1762.618005,1761.767154,1761.890009,1749.073490,1750.890160
2466.000000000,1681.118743,1883.820790,1877.423058,1854.120412,1859.902036,1838.673629,1819.682634,1812.366580,1810.635930,1808.590574,1827.988147,1822.708328,1814.425780,1815.716016,1808.216262,1801.853194,1803.945429,1799.431077,1801.186860,1793.890240,1791.779910,1783.113450,1770.078469,1765.268157,1766.701966,1766.701966,1766.701966,1792.870090,1766.444356,1780.284616,1780.089959,1792.547476,1782.803062,1670.587593,1760.752260,1760.711615,1759.894972,1746.938610,1734.118695,1721.433480,1732.648929,1732.278301,1732.365313,1724.974624,1705.072953,1704.418736,1700.044814,1699.137307,1753.956888,1753.956888,1770.566995,1759.389974,1758.655442,1755.901263,1754.076213,1753.666613,1753.666613,1753.666613,1753.666613,1754.997422,1755.505899,1756.125451,1762.197567,1759.709223,1743.678997,1743.624165,1748.574700,1748.496272,1746.164068,1742.685637,1742.559575,1742.559575,1740.922628,1739.785190,1738.180856,1738.180856,1739.389676,1771.559340,1741.010159,1739.959129,1728.188830,1726.030036,1726.030036,1724.488302,1721.867561,1725.611655,1734.174738,1733.761163,1736.361134,1729.090378,1736.361134,1737.411318,1727.604766,1724.806546,1707.472578,1719.013198,1719.013198,1721.120545,1719.568874,1715.260159,1713.935729,1713.935729,1712.795758,1709.993847,1688.547199,1685.596676,1684.046964,1677.882292,1674.980993,1674.772255,1675.509635,1687.892377,1687.892377,1687.892377,1687.892377,1682.815418,1680.072430,1680.500634,1680.500634,1674.080700,1670.289855,1670.512764,1668.972257,1667.849715,1666.314802,1659.697139,1666.666508,1666.666508,1665.034902,1659.098499,1658.498853,1658.951775,1659.794025,1657.838603,1656.000000,1765.268157,1768.549444,1764.979719,1785.709415,1776.266176,1768.486589,1768.185605,1770.275096,1761.621333,1762.615847,1761.766824,1761.890237,1749.071905,1750.880278
2496.000000000,1681.117154,1883.820053,1877.421251,1854.112438,1859.896828,1838.661391,1819.681971,1812.361948,1810.629805,1808.582747,1827.974018,1822.693130,1814.409448,1815.699196,1808.196823,1801.833701,1803.927503,1799.412664,1801.172027,1793.868864,1791.757928,1783.113547,1770.077899,1765.270041,1766.696662,1766.696662,1766.696662,1792.848110,1766.438429,1780.267151,1780.072716,1792.525218,1782.777291,1670.584378,1760.727077,1760.686492,1759.872714,1746.950353,1734.109017,1721.429209,1732.677817,1732.307339,1732.394121,1724.995155,1705.053697,1704.398126,1700.044831,1699.109642,1753.951025,1753.951025,1770.554570,1759.385952,1758.653225,1755.898263,1754.073041,1753.663602,1753.663602,1753.663602,1753.663602,1754.992783,1755.500201,1756.118960,1762.197997,1759.721521,1743.677178,1743.621716,1748.569189,1748.492633,1746.161172,1742.683569,1742.557408,1742.557408,1740.920367,1739.783730,1738.178776,1738.178776,1739.387041,1771.543812,1741.004451,1739.948842,1728.186984,1726.028626,1726.028626,1724.487147,1721.865715,1725.607840,1734.173044,1733.759125,1736.358987,1729.088522,1736.358987,1737.416765,1727.603026,1724.805767,1707.472156,1719.011597,1719.011597,1721.118634,1719.566907,1715.258711,1713.935802,1713.935802,1712.795865,1709.993007,1688.518376,1685.571167,1684.023791,1677.879363,1674.971083,1674.762074,1675.498508,1687.892081,1687.892081,1687.892081,1687.892081,1682.815755,1680.070541,1680.498924,1680.498924,1674.071545,1670.284885,1670.508236,1668.968692,1667.846822,1666.310483,1659.695964,1666.662603,1666.662603,1665.031677,1659.097174,1658.497422,1658.951726,1659.793126,1657.837894,1656.000000,1765.270041,1768.541094,1764.983211,1785.689505,1776.248186,1768.473269,1768.172377,1770.260095,1761.616160,1762.613394,1761.766572,1761.890853,1749.069229,1750.877303
2557.000000000,1681.115450,1883.819113,1877.419057,1854.102908,1859.890608,1838.646754,1819.681046,1812.355121,1810.619947,1808.569669,1827.957109,1822.674934,1814.389888,1815.679051,1808.173238,1801.810432,1803.906019,1799.390600,1801.147842,1793.835149,1791.731148,1783.113629,1770.076446,1765.270057,1766.693127,1766.693127,1766.693127,1792.821025,1766.431029,1780.245139,1780.050896,1792.497952,1782.734545,1670.580305,1760.694545,1760.654014,1759.841066,1746.964495,1734.094931,1721.424098,1732.717162,1732.346668,1732.433797,1725.024451,1705.026565,1704.369530,1700.045084,1699.071469,1753.943171,1753.943171,1770.537104,1759.380198,1758.650450,1755.895350,1754.069364,1753.660163,1753.660163,1753.660163,1753.660163,1754.986834,1755.492934,1756.110740,1762.198104,1759.726651,1743.676620,1743.620969,1748.560683,1748.487888,1746.157318,1742.680989,1742.554678,1742.554678,1740.917660,1739.782122,1738.176461,1738.176461,1739.383866,1771.523354,1740.997358,1739.936592,1728.184833,1726.026851,1726.026851,1724.485522,1721.863190,1725.603129,1734.170938,1733.756646,1736.356606,1729.086320,1736.356606,1737.420646,1727.601085,1724.804908,1707.471603,1719.009450,1719.009450,1721.116045,1719.564437,1715.257200,1713.935794,1713.935794,1712.795944,1709.991984,1688.483662,1685.540101,1683.994835,1677.875597,1674.959593,1674.750309,1675.485474,1687.891807,1687.891807,1687.891807,1687.891807,1682.816653,1680.068298,1680.497018,1680.497018,1674.060872,1670.278686,1670.502604,1668.964140,1667.843187,1666.305406,1659.694483,1666.657656,1666.657656,1665.027688,1659.095685,1658.495929,1658.951659,1659.791920,1657.837025,1656.000000,1765.270057,1768.530834,1764.984028,1785.665741,1776.226493,1768.455331,1768.154210,1770.241937,1761.608571,1762.609964,1761.765760,1761.890543,1749.067887,1750.869473
2616.000000000,1681.115275,1883.818991,1877.418773,1854.101677,1859.889805,1838.644861,1819.680918,1812.354144,1810.618440,1808.567675,1827.954921,1822.672578,1814.387355,1815.676442,1808.170175,1801.807422,1803.903235,1799.387743,1801.144265,1793.830129,1791.727689,1783.113627,1770.076192,1765.270123,1766.692882,1766.692882,1766.692882,1792.817459,1766.430041,1780.242230,1780.048008,1792.494394,1782.727860,1670.579775,1760.690417,1760.649912,1759.836726,1746.966269,1734.093002,1721.423443,1732.722522,1732.352021,1732.439188,1725.028485,1705.022764,1704.365456,1700.045130,1699.066467,1753.942097,1753.942097,1770.534751,1759.379429,1758.650093,1755.895071,1754.068970,1753.659808,1753.659808,1753.659808,1753.659808,1754.986090,1755.491970,1756.109649,1762.198177,1759.728524,1743.676304,1743.620541,1748.559531,1748.487246,1746.156793,1742.680656,1742.554318,1742.554318,1740.917309,1739.781950,1738.176185,1738.176185,1739.383463,1771.520567,1740.996400,1739.935026,1728.184557,1726.026616,1726.026616,1724.485297,1721.862840,1725.602501,1734.170640,1733.756306,1736.356318,1729.086064,1736.356318,1737.420672,1727.600917,1724.804791,1707.471540,1719.009164,1719.009164,1721.115699,1719.564163,1715.257017,1713.935733,1713.935733,1712.795858,1709.991854,1688.479013,1685.535895,1683.991054,1677.875109,1674.958094,1674.748770,1675.483792,1687.891810,1687.891810,1687.891810,1687.891810,1682.816808,1680.068035,1680.496807,1680.496807,1674.059488,1670.277880,1670.501871,1668.963542,1667.842734,1666.304755,1659.694299,1666.657016,1666.657016,1665.027187,1659.095541,1658.495843,1658.951650,1659.791762,1657.836938,1656.000000,1765.270123,1768.529479,1764.984548,1785.662685,1776.223679,1768.452924,1768.151682,1770.239587,1761.607522,1762.609512,1761.765759,1761.890677,1749.067462,1750.866762
2646.000000000,1681.114749,1883.818573,1877.417776,1854.097325,1859.886968,1838.638172,1819.680491,1812.351107,1810.614294,1808.562249,1827.947185,1822.664250,1814.378397,1815.667218,1808.159453,1801.796766,1803.893388,1799.377643,1801.134231,1793.816000,1791.715579,1783.113600,1770.075683,1765.266896,1766.696607,1766.696607,1766.696607,1792.805275,1766.426716,1780.232489,1780.038379,1792.482132,1782.711069,1670.578026,1760.676132,1760.635638,1759.823491,1746.972601,1734.087222,1721.421118,1732.739455,1732.368988,1732.456261,1725.040915,1705.011226,1704.353212,1700.045186,1699.049793,1753.938587,1753.938587,1770.527347,1759.377208,1758.649028,1755.895225,1754.068175,1753.659161,1753.659161,1753.659161,1753.659161,1754.983814,1755.488724,1756.105916,1762.197772,1759.717493,1743.677987,1743.622824,1748.556117,1748.485161,1746.155073,1742.679590,1742.553127,1742.553127,1740.916130,1739.781257,1738.175253,1738.175253,1739.382103,1771.511748,1740.993252,1739.929498,1728.183696,1726.025806,1726.025806,1724.484472,1721.861831,1725.600271,1734.169550,1733.755097,1736.355340,1729.085349,1736.355340,1737.416002,1727.600648,1724.804567,1707.471396,1719.008318,1719.008318,1721.114736,1719.563599,1715.256418,1713.935367,1713.935367,1712.795339,1709.991445,1688.463086,1685.521670,1683.977925,1677.873517,1674.952795,1674.743347,1675.477797,1687.891763,1687.891763,1687.891763,1687.891763,1682.816988,1680.067214,1680.496180,1680.496180,1674.054618,1670.275169,1670.499398,1668.961581,1667.841305,1666.302453,1659.693753,1666.654878,1666.654878,1665.025539,1659.095219,1658.495798,1658.951620,1659.791248,1657.836762,1656.000000,1765.266896,1768.524886,1764.980021,1785.651896,1776.213893,1768.445281,1768.143759,1770.231422,1761.604328,1762.608067,1761.765177,1761.889563,1749.069200,1750.863794
2831.000000000,1681.113885,1883.817765,1877.415888,1854.089130,1859.881631,1838.625567,1819.679590,1812.344496,1810.604800,1808.549679,1827.932602,1822.648544,1814.361498,1815.649821,1808.139087,1801.776657,1803.874805,1799.358575,1801.111250,1793.784017,1791.692519,1783.113491,1770.075365,1765.267656,1766.693157,1766.693157,1766.693157,1792.781874,1766.420162,1780.213604,1780.019672,1792.458681,1782.672479,1670.574623,1760.648327,1760.607862,1759.796126,1746.984575,1734.075104,1721.416714,1732.773903,1732.403405,1732.491180,1725.066944,1704.987190,1704.327776,1700.045127,1699.015940,1753.931726,1753.931726,1770.512325,1759.372734,1758.647059,1755.892916,1754.065376,1753.656519,1753.656519,1753.656519,1753.656519,1754.979142,1755.482636,1756.098848,1762.198116,1759.727130,1743.676529,1743.620859,1748.548836,1748.481316,1746.151950,1742.677527,1742.550893,1742.550893,1740.913877,1739.779562,1738.173308,1738.173308,1739.379529,1771.494206,1740.987162,1739.919059,1728.182052,1726.024244,1726.024244,1724.482949,1721.860212,1725.596056,1734.167633,1733.752875,1736.353418,1729.083696,1736.353418,1737.419396,1727.599177,1724.803765,1707.471062,1719.007029,1719.007029,1721.113195,1719.562385,1715.255123,1713.934955,1713.934955,1712.795062,1709.990695,1688.432531,1685.494219,1683.952448,1677.870498,1674.942890,1674.733229,1675.466560,1687.891748,1687.891748,1687.891748,1687.891748,1682.816589,1680.065844,1680.495128,1680.495128,1674.045517,1670.269972,1670.494674,1668.957884,1667.838625,1666.298177,1659.692893,1666.650806,1666.650806,1665.022481,1659.094556,1658.495151,1658.951570,1659.790388,1657.836367,1656.000000,1765.267656,1768.515969,1764.982512,1785.631577,1776.195322,1768.429919,1768.127635,1770.215891,1761.597989,1762.605119,1761.764733,1761.889892,1749.067013,1750.854546
