Period,CELLID,STAGE,COND,RBOT,BOUNDNAME
1,"(0, 151, 699)",1846.0,604.988,1845.9,jimmy
1,"(0, 152, 699)",1846.0,620.561,1845.9,jimmy
1,"(0, 153, 699)",1846.0,507.438,1845.9,jimmy
1,"(0, 153, 698)",1846.0,191.8685,1845.9,jimmy
1,"(0, 154, 698)",1845.0,600.581,1844.9,jimmy
1,"(0, 154, 697)",1845.0,275.903,1844.9,jimmy
1,"(0, 155, 697)",1845.0,516.8405,1844.9,jimmy
1,"(0, 155, 696)",1845.0,359.6435,1844.9,jimmy
1,"(0, 156, 696)",1845.0,432.806,1844.9,jimmy
1,"(0, 156, 695)",1845.0,443.6775,1844.9,jimmy
1,"(0, 157, 695)",1845.0,349.0655,1844.9,jimmy
1,"(0, 157, 694)",1845.0,527.712,1844.9,jimmy
1,"(0, 158, 694)",1844.0,265.0315,1843.9,jimmy
1,"(0, 158, 693)",1845.0,512.139,1844.9,jimmy
1,"(0, 159, 693)",1844.0,484.5195,1843.9,jimmy
1,"(0, 159, 692)",1844.0,239.4685,1843.9,jimmy
1,"(0, 160, 692)",1844.0,723.988,1843.9,jimmy
1,"(0, 161, 692)",1844.0,43.78,1843.9,jimmy
1,"(0, 161, 691)",1844.0,680.5015,1843.9,jimmy
1,"(0, 162, 691)",1844.0,326.735,1843.9,jimmy
1,"(0, 162, 690)",1844.0,397.253,1843.9,jimmy
1,"(0, 163, 690)",1843.0,601.1685,1842.9,jimmy
1,"(0, 163, 689)",1843.0,130.7525,1842.9,jimmy
1,"(0, 164, 689)",1843.0,741.911,1842.9,jimmy
1,"(0, 165, 689)",1843.0,91.086,1842.9,jimmy
1,"(0, 165, 688)",1843.0,650.825,1842.9,jimmy
1,"(0, 166, 688)",1842.0,312.631,1841.9,jimmy
1,"(0, 181, 688)",1839.0,199.802,1838.9,jimmy
1,"(0, 182, 688)",1838.0,385.794,1837.9,jimmy
1,"(0, 166, 687)",1843.0,429.28,1842.9,jimmy
1,"(0, 167, 687)",1842.0,534.47,1841.9,jimmy
1,"(0, 178, 687)",1840.0,23.8,1839.9,jimmy
1,"(0, 179, 687)",1839.0,626.4375,1838.9,jimmy
1,"(0, 180, 687)",1839.0,626.4375,1838.9,jimmy
1,"(0, 181, 687)",1838.0,426.342,1837.9,jimmy
1,"(0, 182, 687)",1838.0,219.1945,1837.9,jimmy
1,"(0, 183, 687)",1838.0,603.813,1837.9,jimmy
1,"(0, 184, 687)",1838.0,603.813,1837.9,jimmy
1,"(0, 185, 687)",1838.0,603.813,1837.9,jimmy
1,"(0, 186, 687)",1837.0,555.6255,1836.9,jimmy
1,"(0, 167, 686)",1842.0,207.4415,1841.9,jimmy
1,"(0, 168, 686)",1842.0,691.667,1841.9,jimmy
1,"(0, 169, 686)",1842.0,588.8275,1841.9,jimmy
1,"(0, 170, 686)",1841.0,588.8275,1840.9,jimmy
1,"(0, 171, 686)",1841.0,588.8275,1840.9,jimmy
1,"(0, 172, 686)",1841.0,588.8275,1840.9,jimmy
1,"(0, 173, 686)",1841.0,71.4,1840.9,jimmy
1,"(0, 176, 686)",1840.0,473.9415,1839.9,jimmy
1,"(0, 177, 686)",1840.0,626.4375,1839.9,jimmy
1,"(0, 178, 686)",1839.0,602.6375,1838.9,jimmy
1,"(0, 186, 686)",1836.0,48.1875,1835.9,jimmy
1,"(0, 187, 686)",1836.0,603.813,1835.9,jimmy
1,"(0, 188, 686)",1836.0,603.813,1835.9,jimmy
1,"(0, 189, 686)",1835.0,605.576,1834.9,jimmy
1,"(0, 190, 686)",1834.0,606.1635,1833.9,jimmy
1,"(0, 191, 686)",1834.0,41.7235,1833.9,jimmy
1,"(0, 173, 685)",1841.0,517.722,1840.9,jimmy
1,"(0, 174, 685)",1841.0,588.8275,1840.9,jimmy
1,"(0, 175, 685)",1840.0,596.1735,1839.9,jimmy
1,"(0, 176, 685)",1840.0,152.496,1839.9,jimmy
1,"(0, 191, 685)",1834.0,564.44,1833.9,jimmy
1,"(0, 192, 685)",1834.0,716.936,1833.9,jimmy
1,"(0, 193, 685)",1834.0,92.2615,1833.9,jimmy
1,"(0, 193, 684)",1834.0,654.9385,1833.9,jimmy
1,"(0, 194, 684)",1834.0,297.0585,1833.9,jimmy
1,"(0, 194, 683)",1833.0,450.142,1832.9,jimmy
1,"(0, 195, 683)",1834.0,501.855,1833.9,jimmy
1,"(0, 195, 682)",1833.0,287.068,1832.9,jimmy
1,"(0, 196, 682)",1834.0,487.7515,1833.9,jimmy
1,"(0, 196, 681)",1833.0,440.4455,1832.9,jimmy
1,"(0, 197, 681)",1834.0,319.389,1833.9,jimmy
1,"(0, 197, 680)",1833.0,608.808,1832.9,jimmy
1,"(0, 198, 680)",1833.0,151.0265,1832.9,jimmy
1,"(0, 198, 679)",1833.0,759.8345,1832.9,jimmy
1,"(0, 198, 678)",1833.0,17.3355,1832.9,jimmy
1,"(0, 199, 678)",1832.0,742.499,1831.9,jimmy
1,"(0, 199, 677)",1832.0,185.698,1831.9,jimmy
1,"(0, 200, 677)",1832.0,574.1365,1831.9,jimmy
1,"(0, 200, 676)",1832.0,354.0605,1831.9,jimmy
1,"(0, 201, 676)",1832.0,405.774,1831.9,jimmy
1,"(0, 201, 675)",1832.0,522.129,1831.9,jimmy
1,"(0, 202, 675)",1832.0,237.4115,1831.9,jimmy
1,"(0, 202, 674)",1832.0,586.771,1831.9,jimmy
1,"(0, 203, 674)",1832.0,296.177,1831.9,jimmy
1,"(0, 203, 673)",1831.0,490.9835,1830.9,jimmy
1,"(0, 204, 673)",1832.0,392.8455,1831.9,jimmy
1,"(0, 204, 672)",1831.0,394.315,1830.9,jimmy
1,"(0, 205, 672)",1831.0,489.5145,1830.9,jimmy
1,"(0, 260, 672)",1819.0,369.0455,1818.9,jimmy
1,"(0, 261, 672)",1818.0,596.467,1817.9,jimmy
1,"(0, 205, 671)",1831.0,297.646,1830.9,jimmy
1,"(0, 206, 671)",1831.0,586.1835,1830.9,jimmy
1,"(0, 258, 671)",1819.0,443.9715,1818.9,jimmy
1,"(0, 259, 671)",1819.0,650.2375,1818.9,jimmy
1,"(0, 260, 671)",1818.0,281.1915,1817.9,jimmy
1,"(0, 261, 671)",1818.0,104.0145,1817.9,jimmy
1,"(0, 262, 671)",1818.0,720.7555,1817.9,jimmy
1,"(0, 263, 671)",1818.0,190.987,1817.9,jimmy
1,"(0, 206, 670)",1831.0,195.982,1830.9,jimmy
1,"(0, 207, 670)",1831.0,589.709,1830.9,jimmy
1,"(0, 208, 670)",1831.0,589.709,1830.9,jimmy
1,"(0, 209, 670)",1830.0,589.709,1829.9,jimmy
1,"(0, 210, 670)",1830.0,589.709,1829.9,jimmy
1,"(0, 211, 670)",1830.0,590.003,1829.9,jimmy
1,"(0, 212, 670)",1830.0,593.823,1829.9,jimmy
1,"(0, 213, 670)",1830.0,593.823,1829.9,jimmy
1,"(0, 214, 670)",1829.0,425.754,1828.9,jimmy
1,"(0, 258, 670)",1819.0,758.953,1818.9,jimmy
1,"(0, 259, 670)",1819.0,19.3925,1818.9,jimmy
1,"(0, 263, 670)",1818.0,529.7685,1817.9,jimmy
1,"(0, 264, 670)",1818.0,486.2825,1817.9,jimmy
1,"(0, 214, 669)",1829.0,168.0685,1828.9,jimmy
1,"(0, 215, 669)",1829.0,593.823,1828.9,jimmy
1,"(0, 216, 669)",1829.0,593.823,1828.9,jimmy
1,"(0, 217, 669)",1829.0,657.2895,1828.9,jimmy
1,"(0, 218, 669)",1829.0,250.34,1828.9,jimmy
1,"(0, 259, 669)",1819.0,756.015,1818.9,jimmy
1,"(0, 264, 669)",1818.0,234.4735,1817.9,jimmy
1,"(0, 265, 669)",1818.0,720.7555,1817.9,jimmy
1,"(0, 266, 669)",1818.0,60.528,1817.9,jimmy
1,"(0, 218, 668)",1829.0,498.623,1828.9,jimmy
1,"(0, 219, 668)",1829.0,450.4355,1828.9,jimmy
1,"(0, 258, 668)",1819.0,34.9655,1818.9,jimmy
1,"(0, 259, 668)",1819.0,835.054,1818.9,jimmy
1,"(0, 260, 668)",1819.0,172.476,1818.9,jimmy
1,"(0, 266, 668)",1818.0,643.1855,1817.9,jimmy
1,"(0, 267, 668)",1817.0,588.8275,1816.9,jimmy
1,"(0, 268, 668)",1817.0,588.8275,1816.9,jimmy
1,"(0, 269, 668)",1817.0,588.8275,1816.9,jimmy
1,"(0, 270, 668)",1817.0,588.8275,1816.9,jimmy
1,"(0, 271, 668)",1816.0,588.8275,1815.9,jimmy
1,"(0, 272, 668)",1816.0,588.8275,1815.9,jimmy
1,"(0, 273, 668)",1816.0,676.9755,1815.9,jimmy
1,"(0, 274, 668)",1816.0,357.8805,1815.9,jimmy
1,"(0, 219, 667)",1828.0,298.5275,1827.9,jimmy
1,"(0, 220, 667)",1828.0,650.5315,1827.9,jimmy
1,"(0, 257, 667)",1819.0,551.8055,1818.9,jimmy
1,"(0, 258, 667)",1819.0,640.835,1818.9,jimmy
1,"(0, 274, 667)",1816.0,400.485,1815.9,jimmy
1,"(0, 275, 667)",1816.0,530.65,1815.9,jimmy
1,"(0, 220, 666)",1828.0,98.138,1827.9,jimmy
1,"(0, 221, 666)",1828.0,748.963,1827.9,jimmy
1,"(0, 222, 666)",1828.0,101.9575,1827.9,jimmy
1,"(0, 254, 666)",1820.0,111.0665,1819.9,jimmy
1,"(0, 255, 666)",1820.0,624.6745,1819.9,jimmy
1,"(0, 256, 666)",1819.0,652.588,1818.9,jimmy
1,"(0, 257, 666)",1819.0,123.701,1818.9,jimmy
1,"(0, 275, 666)",1816.0,227.7155,1815.9,jimmy
1,"(0, 276, 666)",1816.0,703.126,1815.9,jimmy
1,"(0, 222, 665)",1828.0,647.0055,1827.9,jimmy
1,"(0, 223, 665)",1828.0,302.0535,1827.9,jimmy
1,"(0, 252, 665)",1820.0,243.876,1819.9,jimmy
1,"(0, 253, 665)",1820.0,634.9585,1819.9,jimmy
1,"(0, 254, 665)",1820.0,513.608,1819.9,jimmy
1,"(0, 276, 665)",1816.0,54.9455,1815.9,jimmy
1,"(0, 277, 665)",1815.0,758.0715,1814.9,jimmy
1,"(0, 278, 665)",1816.0,117.8245,1815.9,jimmy
1,"(0, 223, 664)",1828.0,446.616,1827.9,jimmy
1,"(0, 224, 664)",1827.0,502.443,1826.9,jimmy
1,"(0, 251, 664)",1821.0,111.36,1820.9,jimmy
1,"(0, 252, 664)",1820.0,661.403,1819.9,jimmy
1,"(0, 278, 664)",1816.0,583.8325,1815.9,jimmy
1,"(0, 279, 664)",1816.0,587.9465,1815.9,jimmy
1,"(0, 280, 664)",1816.0,587.9465,1815.9,jimmy
1,"(0, 281, 664)",1816.0,587.9465,1815.9,jimmy
1,"(0, 282, 664)",1816.0,587.9465,1815.9,jimmy
1,"(0, 283, 664)",1815.0,587.9465,1814.9,jimmy
1,"(0, 284, 664)",1815.0,587.9465,1814.9,jimmy
1,"(0, 285, 664)",1815.0,587.9465,1814.9,jimmy
1,"(0, 286, 664)",1814.0,587.9465,1813.9,jimmy
1,"(0, 287, 664)",1813.0,587.9465,1812.9,jimmy
1,"(0, 288, 664)",1813.0,587.9465,1812.9,jimmy
1,"(0, 289, 664)",1813.0,502.149,1812.9,jimmy
1,"(0, 224, 663)",1828.0,246.52,1827.9,jimmy
1,"(0, 225, 663)",1827.0,702.5385,1826.9,jimmy
1,"(0, 251, 663)",1821.0,773.057,1820.9,jimmy
1,"(0, 289, 663)",1812.0,198.9205,1811.9,jimmy
1,"(0, 290, 663)",1812.0,729.5705,1811.9,jimmy
1,"(0, 225, 662)",1828.0,46.4245,1827.9,jimmy
1,"(0, 226, 662)",1827.0,731.921,1826.9,jimmy
1,"(0, 227, 662)",1827.0,597.3485,1826.9,jimmy
1,"(0, 228, 662)",1827.0,168.0685,1826.9,jimmy
1,"(0, 250, 662)",1821.0,752.195,1820.9,jimmy
1,"(0, 251, 662)",1821.0,20.8615,1820.9,jimmy
1,"(0, 290, 662)",1812.0,30.264,1811.9,jimmy
1,"(0, 291, 662)",1811.0,759.541,1810.9,jimmy
1,"(0, 292, 662)",1811.0,138.686,1810.9,jimmy
1,"(0, 228, 661)",1827.0,429.28,1826.9,jimmy
1,"(0, 229, 661)",1827.0,597.3485,1826.9,jimmy
1,"(0, 230, 661)",1826.0,597.3485,1825.9,jimmy
1,"(0, 231, 661)",1826.0,597.3485,1825.9,jimmy
1,"(0, 232, 661)",1825.0,517.428,1824.9,jimmy
1,"(0, 249, 661)",1821.0,619.6795,1820.9,jimmy
1,"(0, 250, 661)",1821.0,153.0835,1820.9,jimmy
1,"(0, 292, 661)",1811.0,620.855,1810.9,jimmy
1,"(0, 293, 661)",1810.0,307.342,1809.9,jimmy
1,"(0, 232, 660)",1826.0,153.965,1825.9,jimmy
1,"(0, 233, 660)",1825.0,734.5655,1824.9,jimmy
1,"(0, 234, 660)",1825.0,91.674,1824.9,jimmy
1,"(0, 248, 660)",1821.0,3.232,1820.9,jimmy
1,"(0, 249, 660)",1821.0,619.6795,1820.9,jimmy
1,"(0, 293, 660)",1810.0,452.1985,1809.9,jimmy
1,"(0, 294, 660)",1809.0,490.396,1808.9,jimmy
1,"(0, 234, 659)",1825.0,642.892,1824.9,jimmy
1,"(0, 235, 659)",1825.0,337.6065,1824.9,jimmy
1,"(0, 248, 659)",1822.0,607.9265,1821.9,jimmy
1,"(0, 294, 659)",1811.0,251.809,1810.9,jimmy
1,"(0, 295, 659)",1810.0,726.926,1809.9,jimmy
1,"(0, 235, 658)",1825.0,396.959,1824.9,jimmy
1,"(0, 236, 658)",1825.0,612.9215,1824.9,jimmy
1,"(0, 247, 658)",1822.0,9.4025,1821.9,jimmy
1,"(0, 248, 658)",1822.0,754.252,1821.9,jimmy
1,"(0, 295, 658)",1811.0,8.521,1810.9,jimmy
1,"(0, 296, 658)",1810.0,735.153,1809.9,jimmy
1,"(0, 297, 658)",1810.0,235.061,1809.9,jimmy
1,"(0, 236, 657)",1825.0,92.849,1824.9,jimmy
1,"(0, 237, 657)",1824.0,617.9165,1823.9,jimmy
1,"(0, 238, 657)",1824.0,617.9165,1823.9,jimmy
1,"(0, 239, 657)",1824.0,583.8325,1823.9,jimmy
1,"(0, 246, 657)",1822.0,109.891,1821.9,jimmy
1,"(0, 247, 657)",1822.0,776.289,1821.9,jimmy
1,"(0, 297, 657)",1810.0,500.092,1809.9,jimmy
1,"(0, 298, 657)",1809.0,478.643,1808.9,jimmy
1,"(0, 239, 656)",1824.0,34.084,1823.9,jimmy
1,"(0, 240, 656)",1824.0,617.9165,1823.9,jimmy
1,"(0, 241, 656)",1823.0,617.9165,1822.9,jimmy
1,"(0, 242, 656)",1823.0,605.576,1822.9,jimmy
1,"(0, 243, 656)",1823.0,590.297,1822.9,jimmy
1,"(0, 244, 656)",1823.0,155.14,1822.9,jimmy
1,"(0, 245, 656)",1823.0,210.0855,1822.9,jimmy
1,"(0, 246, 656)",1822.0,676.094,1821.9,jimmy
1,"(0, 298, 656)",1809.0,256.804,1808.9,jimmy
1,"(0, 299, 656)",1809.0,721.931,1808.9,jimmy
1,"(0, 244, 655)",1823.0,435.4505,1822.9,jimmy
1,"(0, 245, 655)",1823.0,459.2505,1822.9,jimmy
1,"(0, 299, 655)",1809.0,13.222,1808.9,jimmy
1,"(0, 300, 655)",1809.0,735.153,1808.9,jimmy
1,"(0, 301, 655)",1808.0,230.36,1807.9,jimmy
1,"(0, 301, 654)",1808.0,505.0875,1807.9,jimmy
1,"(0, 302, 654)",1808.0,473.648,1807.9,jimmy
1,"(0, 302, 653)",1808.0,261.5055,1807.9,jimmy
1,"(0, 303, 653)",1808.0,710.472,1807.9,jimmy
1,"(0, 304, 653)",1807.0,86.385,1806.9,jimmy
1,"(0, 304, 652)",1807.0,563.8525,1806.9,jimmy
1,"(0, 305, 652)",1807.0,627.319,1806.9,jimmy
1,"(0, 306, 652)",1807.0,588.534,1806.9,jimmy
1,"(0, 307, 652)",1806.0,590.297,1805.9,jimmy
1,"(0, 308, 652)",1806.0,591.766,1805.9,jimmy
1,"(0, 309, 652)",1806.0,591.766,1805.9,jimmy
1,"(0, 310, 652)",1805.0,591.766,1804.9,jimmy
1,"(0, 311, 652)",1805.0,592.6475,1804.9,jimmy
1,"(0, 312, 652)",1805.0,593.823,1804.9,jimmy
1,"(0, 313, 652)",1804.0,866.7875,1803.9,jimmy
1,"(0, 314, 652)",1804.0,87.854,1803.9,jimmy
1,"(0, 314, 651)",1804.0,680.5015,1803.9,jimmy
1,"(0, 314, 650)",1804.0,398.1345,1803.9,jimmy
1,"(0, 315, 650)",1804.0,282.367,1803.9,jimmy
1,"(0, 315, 649)",1803.0,690.198,1802.9,jimmy
1,"(0, 315, 648)",1803.0,146.3255,1802.9,jimmy
1,"(0, 316, 648)",1803.0,575.018,1802.9,jimmy
1,"(0, 316, 647)",1803.0,438.9765,1802.9,jimmy
1,"(0, 317, 647)",1803.0,282.367,1802.9,jimmy
1,"(0, 317, 646)",1803.0,654.645,1802.9,jimmy
1,"(0, 318, 646)",1803.0,166.012,1802.9,jimmy
1,"(0, 318, 645)",1803.0,563.5585,1802.9,jimmy
1,"(0, 319, 645)",1803.0,428.9865,1802.9,jimmy
1,"(0, 319, 644)",1803.0,300.584,1802.9,jimmy
1,"(0, 320, 644)",1804.0,691.9605,1803.9,jimmy
1,"(0, 320, 643)",1804.0,37.61,1803.9,jimmy
1,"(0, 321, 643)",1804.0,729.5705,1803.9,jimmy
1,"(0, 322, 643)",1804.0,225.3645,1803.9,jimmy
1,"(0, 322, 642)",1804.0,510.964,1803.9,jimmy
1,"(0, 323, 642)",1804.0,440.4455,1803.9,jimmy
1,"(0, 323, 641)",1804.0,317.626,1803.9,jimmy
1,"(0, 324, 641)",1804.0,613.509,1803.9,jimmy
1,"(0, 324, 640)",1804.0,144.5625,1803.9,jimmy
1,"(0, 325, 640)",1803.0,758.0715,1802.9,jimmy
1,"(0, 326, 640)",1800.0,28.501,1799.9,jimmy
1,"(0, 326, 639)",1802.0,729.5705,1801.9,jimmy
1,"(0, 327, 639)",1799.0,201.271,1798.9,jimmy
1,"(0, 327, 638)",1801.0,556.8005,1800.9,jimmy
1,"(0, 328, 638)",1799.0,374.3345,1798.9,jimmy
1,"(0, 328, 637)",1801.0,383.737,1800.9,jimmy
1,"(0, 329, 637)",1800.0,547.398,1799.9,jimmy
1,"(0, 329, 636)",1801.0,210.6735,1800.9,jimmy
1,"(0, 330, 636)",1800.0,720.168,1799.9,jimmy
1,"(0, 330, 635)",1801.0,37.9035,1800.9,jimmy
1,"(0, 331, 635)",1800.0,758.0715,1799.9,jimmy
1,"(0, 332, 635)",1799.0,135.16,1798.9,jimmy
1,"(0, 333, 635)",1798.0,538.5835,1797.9,jimmy
1,"(0, 334, 635)",1798.0,594.1165,1797.9,jimmy
1,"(0, 335, 635)",1797.0,556.507,1796.9,jimmy
1,"(0, 341, 635)",1796.0,126.639,1795.9,jimmy
1,"(0, 342, 635)",1796.0,596.467,1795.9,jimmy
1,"(0, 343, 635)",1796.0,591.766,1795.9,jimmy
1,"(0, 344, 635)",1796.0,591.766,1795.9,jimmy
1,"(0, 345, 635)",1795.0,590.5905,1794.9,jimmy
1,"(0, 346, 635)",1795.0,588.534,1794.9,jimmy
1,"(0, 347, 635)",1795.0,588.534,1794.9,jimmy
1,"(0, 348, 635)",1794.0,588.8275,1793.9,jimmy
1,"(0, 349, 635)",1794.0,588.8275,1793.9,jimmy
1,"(0, 350, 635)",1794.0,588.8275,1793.9,jimmy
1,"(0, 351, 635)",1794.0,599.4055,1793.9,jimmy
1,"(0, 352, 635)",1794.0,599.6995,1793.9,jimmy
1,"(0, 353, 635)",1793.0,639.9535,1792.9,jimmy
1,"(0, 354, 635)",1793.0,485.107,1792.9,jimmy
1,"(0, 332, 634)",1800.0,567.966,1799.9,jimmy
1,"(0, 333, 634)",1800.0,97.2565,1799.9,jimmy
1,"(0, 335, 634)",1797.0,37.61,1796.9,jimmy
1,"(0, 336, 634)",1797.0,594.1165,1796.9,jimmy
1,"(0, 337, 634)",1797.0,594.1165,1796.9,jimmy
1,"(0, 338, 634)",1797.0,594.1165,1796.9,jimmy
1,"(0, 339, 634)",1797.0,597.9365,1796.9,jimmy
1,"(0, 340, 634)",1797.0,599.4055,1796.9,jimmy
1,"(0, 341, 634)",1797.0,472.4725,1796.9,jimmy
1,"(0, 354, 634)",1793.0,180.4095,1792.9,jimmy
1,"(0, 355, 634)",1793.0,665.5165,1792.9,jimmy
1,"(0, 356, 634)",1793.0,228.009,1792.9,jimmy
1,"(0, 356, 633)",1792.0,675.8005,1791.9,jimmy
1,"(0, 356, 632)",1792.0,275.315,1791.9,jimmy
1,"(0, 357, 632)",1792.0,414.295,1791.9,jimmy
1,"(0, 357, 631)",1792.0,660.5215,1791.9,jimmy
1,"(0, 358, 631)",1791.0,44.074,1790.9,jimmy
1,"(0, 358, 630)",1792.0,731.921,1791.9,jimmy
1,"(0, 359, 630)",1791.0,602.05,1790.9,jimmy
1,"(0, 360, 630)",1791.0,387.263,1790.9,jimmy
1,"(0, 360, 629)",1791.0,212.73,1790.9,jimmy
1,"(0, 361, 629)",1791.0,598.23,1790.9,jimmy
1,"(0, 362, 629)",1791.0,650.5315,1790.9,jimmy
1,"(0, 363, 629)",1791.0,327.616,1790.9,jimmy
1,"(0, 363, 628)",1791.0,689.0225,1790.9,jimmy
1,"(0, 363, 627)",1790.0,225.6585,1789.9,jimmy
1,"(0, 364, 627)",1791.0,373.453,1790.9,jimmy
1,"(0, 364, 626)",1790.0,587.9465,1789.9,jimmy
1,"(0, 363, 625)",1792.0,133.985,1791.9,jimmy
1,"(0, 364, 625)",1791.0,456.0185,1790.9,jimmy
1,"(0, 363, 624)",1792.0,307.0485,1791.9,jimmy
1,"(0, 364, 624)",1792.0,386.0875,1791.9,jimmy
1,"(0, 364, 623)",1792.0,445.1465,1791.9,jimmy
1,"(0, 365, 623)",1792.0,596.467,1791.9,jimmy
1,"(0, 366, 623)",1792.0,647.593,1791.9,jimmy
1,"(0, 367, 623)",1789.0,622.324,1788.9,jimmy
1,"(0, 367, 622)",1792.0,88.4415,1791.9,jimmy
1,"(0, 368, 622)",1790.0,689.3165,1789.9,jimmy
1,"(0, 368, 621)",1792.0,208.323,1791.9,jimmy
1,"(0, 369, 621)",1791.0,569.435,1790.9,jimmy
1,"(0, 371, 621)",1788.0,123.701,1787.9,jimmy
1,"(0, 369, 620)",1791.0,258.861,1790.9,jimmy
1,"(0, 370, 620)",1791.0,590.5905,1790.9,jimmy
1,"(0, 371, 620)",1789.0,484.2255,1788.9,jimmy
1,"(0, 372, 620)",1788.0,634.077,1787.9,jimmy
1,"(0, 373, 620)",1788.0,394.9025,1787.9,jimmy
1,"(0, 373, 619)",1788.0,398.722,1787.9,jimmy
1,"(0, 374, 619)",1788.0,476.586,1787.9,jimmy
1,"(0, 374, 618)",1788.0,317.0385,1787.9,jimmy
1,"(0, 375, 618)",1787.0,557.976,1786.9,jimmy
1,"(0, 375, 617)",1788.0,232.7105,1787.9,jimmy
1,"(0, 376, 617)",1787.0,633.4895,1786.9,jimmy
1,"(0, 377, 617)",1787.0,533.5885,1786.9,jimmy
1,"(0, 377, 616)",1787.0,99.901,1786.9,jimmy
1,"(0, 378, 616)",1787.0,643.4795,1786.9,jimmy
1,"(0, 379, 616)",1786.0,583.539,1785.9,jimmy
1,"(0, 379, 615)",1787.0,95.1995,1786.9,jimmy
1,"(0, 380, 615)",1786.0,678.7385,1785.9,jimmy
1,"(0, 381, 615)",1786.0,401.6605,1785.9,jimmy
1,"(0, 381, 614)",1786.0,277.078,1785.9,jimmy
1,"(0, 382, 614)",1786.0,678.7385,1785.9,jimmy
1,"(0, 383, 614)",1786.0,205.3845,1785.9,jimmy
1,"(0, 383, 613)",1785.0,498.623,1784.9,jimmy
1,"(0, 384, 613)",1785.0,557.682,1784.9,jimmy
1,"(0, 384, 612)",1785.0,149.8515,1784.9,jimmy
1,"(0, 385, 612)",1785.0,680.7955,1784.9,jimmy
1,"(0, 386, 612)",1785.0,588.24,1784.9,jimmy
1,"(0, 387, 612)",1785.0,589.709,1784.9,jimmy
1,"(0, 388, 612)",1784.0,590.5905,1783.9,jimmy
1,"(0, 389, 612)",1784.0,590.5905,1783.9,jimmy
1,"(0, 390, 612)",1784.0,243.876,1783.9,jimmy
1,"(0, 432, 612)",1778.0,584.1265,1777.9,jimmy
1,"(0, 433, 612)",1776.0,591.766,1775.9,jimmy
1,"(0, 434, 612)",1777.0,591.766,1776.9,jimmy
1,"(0, 435, 612)",1776.0,591.766,1775.9,jimmy
1,"(0, 436, 612)",1775.0,786.279,1774.9,jimmy
1,"(0, 390, 611)",1785.0,346.715,1784.9,jimmy
1,"(0, 391, 611)",1784.0,595.292,1783.9,jimmy
1,"(0, 392, 611)",1783.0,598.818,1782.9,jimmy
1,"(0, 393, 611)",1784.0,598.818,1783.9,jimmy
1,"(0, 394, 611)",1784.0,599.993,1783.9,jimmy
1,"(0, 395, 611)",1786.0,331.73,1785.9,jimmy
1,"(0, 418, 611)",1777.0,2.3505,1776.9,jimmy
1,"(0, 419, 611)",1777.0,632.608,1776.9,jimmy
1,"(0, 420, 611)",1777.0,372.8655,1776.9,jimmy
1,"(0, 430, 611)",1778.0,632.608,1777.9,jimmy
1,"(0, 431, 611)",1777.0,658.4645,1776.9,jimmy
1,"(0, 432, 611)",1776.0,14.3975,1775.9,jimmy
1,"(0, 436, 611)",1775.0,83.153,1774.9,jimmy
1,"(0, 437, 611)",1774.0,530.65,1773.9,jimmy
1,"(0, 395, 610)",1782.0,297.646,1781.9,jimmy
1,"(0, 396, 610)",1783.0,629.376,1782.9,jimmy
1,"(0, 397, 610)",1786.0,518.897,1785.9,jimmy
1,"(0, 417, 610)",1777.0,618.2105,1776.9,jimmy
1,"(0, 418, 610)",1777.0,627.025,1776.9,jimmy
1,"(0, 420, 610)",1777.0,284.7175,1776.9,jimmy
1,"(0, 421, 610)",1777.0,699.894,1776.9,jimmy
1,"(0, 422, 610)",1778.0,141.3305,1777.9,jimmy
1,"(0, 428, 610)",1777.0,594.998,1776.9,jimmy
1,"(0, 429, 610)",1776.0,658.4645,1775.9,jimmy
1,"(0, 430, 610)",1776.0,25.8565,1775.9,jimmy
1,"(0, 437, 610)",1774.0,587.9465,1773.9,jimmy
1,"(0, 397, 609)",1782.0,207.1475,1781.9,jimmy
1,"(0, 398, 609)",1783.0,638.4845,1782.9,jimmy
1,"(0, 415, 609)",1778.0,42.605,1777.9,jimmy
1,"(0, 416, 609)",1777.0,761.3035,1776.9,jimmy
1,"(0, 417, 609)",1777.0,121.35,1776.9,jimmy
1,"(0, 422, 609)",1776.0,602.344,1775.9,jimmy
1,"(0, 423, 609)",1778.0,364.6385,1777.9,jimmy
1,"(0, 426, 609)",1777.0,496.5665,1776.9,jimmy
1,"(0, 427, 609)",1776.0,668.161,1775.9,jimmy
1,"(0, 428, 609)",1776.0,71.4,1775.9,jimmy
1,"(0, 437, 609)",1774.0,589.4155,1773.9,jimmy
1,"(0, 398, 608)",1784.0,179.234,1783.9,jimmy
1,"(0, 399, 608)",1781.0,704.3015,1780.9,jimmy
1,"(0, 414, 608)",1778.0,319.389,1777.9,jimmy
1,"(0, 415, 608)",1778.0,715.7605,1777.9,jimmy
1,"(0, 423, 608)",1778.0,357.8805,1777.9,jimmy
1,"(0, 424, 608)",1776.0,684.3215,1775.9,jimmy
1,"(0, 425, 608)",1776.0,644.9485,1775.9,jimmy
1,"(0, 426, 608)",1777.0,171.5945,1776.9,jimmy
1,"(0, 437, 608)",1773.0,668.161,1772.9,jimmy
1,"(0, 399, 607)",1784.0,71.4,1783.9,jimmy
1,"(0, 400, 607)",1782.0,678.7385,1781.9,jimmy
1,"(0, 401, 607)",1781.0,425.4605,1780.9,jimmy
1,"(0, 406, 607)",1779.0,410.1815,1778.9,jimmy
1,"(0, 407, 607)",1779.0,641.129,1778.9,jimmy
1,"(0, 408, 607)",1779.0,596.467,1778.9,jimmy
1,"(0, 409, 607)",1779.0,589.709,1778.9,jimmy
1,"(0, 410, 607)",1778.0,589.709,1777.9,jimmy
1,"(0, 411, 607)",1778.0,593.235,1777.9,jimmy
1,"(0, 412, 607)",1778.0,593.529,1777.9,jimmy
1,"(0, 413, 607)",1778.0,621.7365,1777.9,jimmy
1,"(0, 414, 607)",1778.0,330.8485,1777.9,jimmy
1,"(0, 437, 607)",1773.0,474.2355,1772.9,jimmy
1,"(0, 438, 607)",1773.0,165.424,1772.9,jimmy
1,"(0, 401, 606)",1784.0,253.278,1783.9,jimmy
1,"(0, 402, 606)",1782.0,624.3805,1781.9,jimmy
1,"(0, 403, 606)",1781.0,603.225,1780.9,jimmy
1,"(0, 404, 606)",1780.0,602.9315,1779.9,jimmy
1,"(0, 405, 606)",1779.0,638.778,1778.9,jimmy
1,"(0, 406, 606)",1779.0,329.673,1778.9,jimmy
1,"(0, 438, 606)",1773.0,619.3855,1772.9,jimmy
1,"(0, 404, 605)",1782.0,0.294,1781.9,jimmy
1,"(0, 405, 605)",1780.0,86.6785,1779.9,jimmy
1,"(0, 438, 605)",1773.0,614.9785,1772.9,jimmy
1,"(0, 438, 604)",1773.0,590.003,1772.9,jimmy
1,"(0, 438, 603)",1772.0,598.524,1771.9,jimmy
1,"(0, 438, 602)",1772.0,643.4795,1771.9,jimmy
1,"(0, 437, 601)",1773.0,600.8745,1772.9,jimmy
1,"(0, 438, 601)",1773.0,27.9135,1772.9,jimmy
1,"(0, 437, 600)",1773.0,594.7045,1772.9,jimmy
1,"(0, 437, 599)",1774.0,371.1025,1773.9,jimmy
1,"(0, 438, 599)",1774.0,299.409,1773.9,jimmy
1,"(0, 438, 598)",1774.0,545.929,1773.9,jimmy
1,"(0, 439, 598)",1774.0,323.7965,1773.9,jimmy
1,"(0, 439, 597)",1774.0,473.9415,1773.9,jimmy
1,"(0, 440, 597)",1774.0,395.784,1773.9,jimmy
1,"(0, 440, 596)",1774.0,387.8505,1773.9,jimmy
1,"(0, 441, 596)",1774.0,640.541,1773.9,jimmy
1,"(0, 442, 596)",1773.0,219.1945,1772.9,jimmy
1,"(0, 442, 595)",1774.0,421.347,1773.9,jimmy
1,"(0, 443, 595)",1773.0,716.0545,1772.9,jimmy
1,"(0, 444, 595)",1773.0,40.254,1772.9,jimmy
1,"(0, 444, 594)",1773.0,742.499,1772.9,jimmy
1,"(0, 445, 594)",1773.0,220.6635,1772.9,jimmy
1,"(0, 445, 593)",1773.0,416.6455,1772.9,jimmy
1,"(0, 446, 593)",1773.0,621.1485,1772.9,jimmy
1,"(0, 447, 593)",1772.0,621.1485,1771.9,jimmy
1,"(0, 448, 593)",1772.0,162.7795,1771.9,jimmy
1,"(0, 448, 592)",1772.0,458.369,1771.9,jimmy
1,"(0, 449, 592)",1772.0,621.1485,1771.9,jimmy
1,"(0, 450, 592)",1772.0,621.1485,1771.9,jimmy
1,"(0, 451, 592)",1771.0,121.35,1770.9,jimmy
1,"(0, 451, 591)",1771.0,499.7985,1770.9,jimmy
1,"(0, 452, 591)",1771.0,621.1485,1770.9,jimmy
1,"(0, 453, 591)",1771.0,609.102,1770.9,jimmy
1,"(0, 454, 591)",1771.0,357.8805,1770.9,jimmy
1,"(0, 454, 590)",1770.0,242.113,1769.9,jimmy
1,"(0, 455, 590)",1770.0,714.879,1769.9,jimmy
1,"(0, 456, 590)",1770.0,274.7275,1769.9,jimmy
1,"(0, 456, 589)",1770.0,714.5855,1769.9,jimmy
1,"(0, 456, 588)",1770.0,44.368,1769.9,jimmy
1,"(0, 457, 588)",1770.0,564.734,1769.9,jimmy
1,"(0, 457, 587)",1769.0,600.581,1768.9,jimmy
1,"(0, 457, 586)",1769.0,609.6895,1768.9,jimmy
1,"(0, 457, 585)",1769.0,510.964,1768.9,jimmy
1,"(0, 458, 585)",1769.0,123.407,1768.9,jimmy
1,"(0, 458, 584)",1768.0,634.371,1767.9,jimmy
1,"(0, 458, 583)",1768.0,634.371,1767.9,jimmy
1,"(0, 458, 582)",1768.0,172.77,1767.9,jimmy
1,"(0, 459, 582)",1768.0,461.601,1767.9,jimmy
1,"(0, 459, 581)",1768.0,634.371,1767.9,jimmy
1,"(0, 459, 580)",1768.0,468.9465,1767.9,jimmy
1,"(0, 460, 580)",1767.0,165.424,1766.9,jimmy
1,"(0, 460, 579)",1767.0,634.371,1766.9,jimmy
1,"(0, 460, 578)",1767.0,634.371,1766.9,jimmy
1,"(0, 460, 577)",1767.0,130.7525,1766.9,jimmy
1,"(0, 461, 577)",1766.0,480.112,1765.9,jimmy
1,"(0, 461, 576)",1766.0,602.9315,1765.9,jimmy
1,"(0, 461, 575)",1766.0,592.06,1765.9,jimmy
1,"(0, 461, 574)",1766.0,601.756,1765.9,jimmy
1,"(0, 461, 573)",1766.0,626.4375,1765.9,jimmy
1,"(0, 461, 572)",1767.0,207.4415,1766.9,jimmy
1,"(0, 462, 572)",1766.0,418.996,1765.9,jimmy
1,"(0, 462, 571)",1767.0,629.376,1766.9,jimmy
1,"(0, 462, 570)",1767.0,612.6275,1766.9,jimmy
1,"(0, 463, 570)",1766.0,16.4545,1765.9,jimmy
1,"(0, 463, 569)",1767.0,629.376,1766.9,jimmy
1,"(0, 463, 568)",1767.0,629.376,1766.9,jimmy
1,"(0, 463, 567)",1767.0,263.562,1766.9,jimmy
1,"(0, 464, 567)",1764.0,433.3935,1763.9,jimmy
1,"(0, 464, 566)",1765.0,633.4895,1764.9,jimmy
1,"(0, 465, 566)",1764.0,70.812,1763.9,jimmy
1,"(0, 465, 565)",1764.0,670.8055,1763.9,jimmy
1,"(0, 465, 564)",1764.0,597.6425,1763.9,jimmy
1,"(0, 465, 563)",1764.0,597.6425,1763.9,jimmy
1,"(0, 465, 562)",1763.0,188.9305,1762.9,jimmy
1,"(0, 466, 562)",1763.0,405.48,1762.9,jimmy
1,"(0, 466, 561)",1763.0,591.766,1762.9,jimmy
1,"(0, 466, 560)",1763.0,591.766,1762.9,jimmy
1,"(0, 466, 559)",1763.0,591.766,1762.9,jimmy
1,"(0, 466, 558)",1763.0,591.766,1762.9,jimmy
1,"(0, 466, 557)",1763.0,607.9265,1762.9,jimmy
1,"(0, 466, 556)",1763.0,429.28,1762.9,jimmy
1,"(0, 467, 556)",1762.0,179.234,1761.9,jimmy
1,"(0, 467, 555)",1762.0,608.514,1761.9,jimmy
1,"(0, 467, 554)",1762.0,648.7685,1761.9,jimmy
1,"(0, 467, 553)",1762.0,247.108,1761.9,jimmy
1,"(0, 468, 553)",1762.0,427.811,1761.9,jimmy
1,"(0, 468, 552)",1762.0,683.7335,1761.9,jimmy
1,"(0, 468, 551)",1762.0,52.301,1761.9,jimmy
1,"(0, 469, 551)",1761.0,660.5215,1760.9,jimmy
1,"(0, 469, 550)",1762.0,379.036,1761.9,jimmy
1,"(0, 470, 550)",1761.0,333.7865,1760.9,jimmy
1,"(0, 470, 549)",1761.0,695.193,1760.9,jimmy
1,"(0, 470, 548)",1761.0,52.595,1760.9,jimmy
1,"(0, 471, 548)",1761.0,642.598,1760.9,jimmy
1,"(0, 471, 547)",1761.0,459.544,1760.9,jimmy
1,"(0, 472, 547)",1761.0,235.6485,1760.9,jimmy
1,"(0, 472, 546)",1760.0,684.909,1759.9,jimmy
1,"(0, 472, 545)",1760.0,406.068,1759.9,jimmy
1,"(0, 473, 545)",1760.0,207.1475,1759.9,jimmy
1,"(0, 473, 544)",1760.0,613.2155,1759.9,jimmy
1,"(0, 561, 543)",1746.0,505.381,1745.9,jimmy
1,"(0, 473, 543)",1760.0,613.2155,1759.9,jimmy
1,"(0, 554, 543)",1747.0,605.576,1746.9,jimmy
1,"(0, 555, 543)",1747.0,605.576,1746.9,jimmy
1,"(0, 556, 543)",1747.0,604.6945,1746.9,jimmy
1,"(0, 557, 543)",1747.0,590.297,1746.9,jimmy
1,"(0, 558, 543)",1746.0,590.297,1745.9,jimmy
1,"(0, 559, 543)",1746.0,590.297,1745.9,jimmy
1,"(0, 560, 543)",1746.0,640.541,1745.9,jimmy
1,"(0, 553, 543)",1747.0,67.051,1746.9,jimmy
1,"(0, 563, 542)",1745.0,387.263,1744.9,jimmy
1,"(0, 473, 542)",1760.0,613.2155,1759.9,jimmy
1,"(0, 553, 542)",1747.0,379.036,1746.9,jimmy
1,"(0, 561, 542)",1746.0,402.542,1745.9,jimmy
1,"(0, 562, 542)",1746.0,655.2325,1745.9,jimmy
1,"(0, 552, 542)",1747.0,85.856,1746.9,jimmy
1,"(0, 473, 541)",1760.0,18.217,1759.9,jimmy
1,"(0, 474, 541)",1760.0,594.998,1759.9,jimmy
1,"(0, 552, 541)",1747.0,447.4975,1746.9,jimmy
1,"(0, 563, 541)",1745.0,632.9015,1744.9,jimmy
1,"(0, 564, 541)",1745.0,185.1105,1744.9,jimmy
1,"(0, 551, 541)",1747.0,79.157,1746.9,jimmy
1,"(0, 474, 540)",1760.0,611.4525,1759.9,jimmy
1,"(0, 550, 540)",1747.0,482.4625,1746.9,jimmy
1,"(0, 551, 540)",1747.0,395.784,1746.9,jimmy
1,"(0, 564, 540)",1745.0,660.2275,1744.9,jimmy
1,"(0, 565, 540)",1745.0,157.7845,1744.9,jimmy
1,"(0, 474, 539)",1760.0,588.24,1759.9,jimmy
1,"(0, 549, 539)",1747.0,569.1415,1746.9,jimmy
1,"(0, 550, 539)",1747.0,309.105,1746.9,jimmy
1,"(0, 565, 539)",1745.0,593.823,1744.9,jimmy
1,"(0, 566, 539)",1744.0,411.3565,1743.9,jimmy
1,"(0, 474, 538)",1760.0,601.4625,1759.9,jimmy
1,"(0, 548, 538)",1747.0,537.702,1746.9,jimmy
1,"(0, 549, 538)",1747.0,241.819,1746.9,jimmy
1,"(0, 566, 538)",1744.0,307.93,1743.9,jimmy
1,"(0, 567, 538)",1744.0,711.941,1743.9,jimmy
1,"(0, 474, 537)",1760.0,472.7665,1759.9,jimmy
1,"(0, 475, 537)",1759.0,144.8565,1758.9,jimmy
1,"(0, 547, 537)",1747.0,390.789,1746.9,jimmy
1,"(0, 548, 537)",1747.0,376.685,1746.9,jimmy
1,"(0, 567, 537)",1744.0,7.3455,1743.9,jimmy
1,"(0, 568, 537)",1743.0,642.598,1742.9,jimmy
1,"(0, 569, 537)",1742.0,629.9635,1741.9,jimmy
1,"(0, 570, 537)",1743.0,29.265,1742.9,jimmy
1,"(0, 475, 536)",1760.0,617.6225,1759.9,jimmy
1,"(0, 546, 536)",1747.0,255.041,1746.9,jimmy
1,"(0, 547, 536)",1747.0,523.5985,1746.9,jimmy
1,"(0, 570, 536)",1742.0,142.3295,1741.9,jimmy
1,"(0, 475, 535)",1760.0,680.2075,1759.9,jimmy
1,"(0, 476, 535)",1760.0,29.3825,1759.9,jimmy
1,"(0, 545, 535)",1748.0,378.1545,1747.9,jimmy
1,"(0, 546, 535)",1747.0,540.934,1746.9,jimmy
1,"(0, 570, 535)",1742.0,32.6735,1741.9,jimmy
1,"(0, 571, 535)",1742.0,109.656,1741.9,jimmy
1,"(0, 476, 534)",1760.0,776.8765,1759.9,jimmy
1,"(0, 524, 534)",1749.0,94.0245,1748.9,jimmy
1,"(0, 525, 534)",1749.0,604.988,1748.9,jimmy
1,"(0, 526, 534)",1749.0,604.988,1748.9,jimmy
1,"(0, 527, 534)",1749.0,632.314,1748.9,jimmy
1,"(0, 528, 534)",1749.0,446.9095,1748.9,jimmy
1,"(0, 544, 534)",1749.0,532.1195,1748.9,jimmy
1,"(0, 545, 534)",1748.0,386.969,1747.9,jimmy
1,"(0, 571, 534)",1742.0,91.321,1741.9,jimmy
1,"(0, 572, 534)",1742.0,69.578,1741.9,jimmy
1,"(0, 476, 533)",1761.0,93.143,1760.9,jimmy
1,"(0, 477, 533)",1761.0,729.5705,1760.9,jimmy
1,"(0, 478, 533)",1761.0,199.214,1760.9,jimmy
1,"(0, 522, 533)",1751.0,89.0295,1750.9,jimmy
1,"(0, 523, 533)",1749.0,682.2645,1748.9,jimmy
1,"(0, 524, 533)",1749.0,539.759,1748.9,jimmy
1,"(0, 528, 533)",1749.0,201.8585,1748.9,jimmy
1,"(0, 529, 533)",1749.0,661.6965,1748.9,jimmy
1,"(0, 530, 533)",1748.0,406.3615,1747.9,jimmy
1,"(0, 543, 533)",1749.0,732.215,1748.9,jimmy
1,"(0, 544, 533)",1749.0,232.7105,1748.9,jimmy
1,"(0, 572, 533)",1742.0,86.914,1741.9,jimmy
1,"(0, 573, 533)",1742.0,91.2035,1741.9,jimmy
1,"(0, 478, 532)",1761.0,479.5245,1760.9,jimmy
1,"(0, 479, 532)",1760.0,678.7385,1759.9,jimmy
1,"(0, 480, 532)",1759.0,26.1505,1758.9,jimmy
1,"(0, 519, 532)",1752.0,295.2955,1751.9,jimmy
1,"(0, 520, 532)",1751.0,598.23,1750.9,jimmy
1,"(0, 521, 532)",1749.0,627.613,1748.9,jimmy
1,"(0, 522, 532)",1749.0,593.235,1748.9,jimmy
1,"(0, 530, 532)",1749.0,268.557,1748.9,jimmy
1,"(0, 531, 532)",1748.0,640.541,1747.9,jimmy
1,"(0, 541, 532)",1749.0,358.762,1748.9,jimmy
1,"(0, 542, 532)",1749.0,704.5955,1748.9,jimmy
1,"(0, 543, 532)",1749.0,3.8195,1748.9,jimmy
1,"(0, 573, 532)",1742.0,64.348,1741.9,jimmy
1,"(0, 574, 532)",1742.0,125.875,1741.9,jimmy
1,"(0, 480, 531)",1760.0,599.4055,1759.9,jimmy
1,"(0, 481, 531)",1760.0,625.556,1759.9,jimmy
1,"(0, 482, 531)",1759.0,494.5095,1758.9,jimmy
1,"(0, 517, 531)",1752.0,176.2955,1751.9,jimmy
1,"(0, 518, 531)",1752.0,694.0175,1751.9,jimmy
1,"(0, 519, 531)",1750.0,334.0805,1749.9,jimmy
1,"(0, 531, 531)",1749.0,382.8555,1748.9,jimmy
1,"(0, 532, 531)",1748.0,279.7225,1747.9,jimmy
1,"(0, 536, 531)",1749.0,284.424,1748.9,jimmy
1,"(0, 537, 531)",1749.0,598.23,1748.9,jimmy
1,"(0, 538, 531)",1749.0,596.761,1748.9,jimmy
1,"(0, 539, 531)",1749.0,593.529,1748.9,jimmy
1,"(0, 540, 531)",1749.0,593.529,1748.9,jimmy
1,"(0, 541, 531)",1749.0,335.2555,1748.9,jimmy
1,"(0, 574, 531)",1741.0,21.567,1740.9,jimmy
1,"(0, 575, 531)",1741.0,147.442,1740.9,jimmy
1,"(0, 576, 531)",1742.0,25.739,1741.9,jimmy
1,"(0, 482, 530)",1760.0,131.0465,1759.9,jimmy
1,"(0, 483, 530)",1759.0,605.576,1758.9,jimmy
1,"(0, 484, 530)",1759.0,588.8275,1758.9,jimmy
1,"(0, 485, 530)",1758.0,588.8275,1757.9,jimmy
1,"(0, 486, 530)",1757.0,588.8275,1756.9,jimmy
1,"(0, 487, 530)",1757.0,588.8275,1756.9,jimmy
1,"(0, 488, 530)",1757.0,604.6945,1756.9,jimmy
1,"(0, 489, 530)",1757.0,530.65,1756.9,jimmy
1,"(0, 516, 530)",1752.0,294.12,1751.9,jimmy
1,"(0, 517, 530)",1750.0,713.9975,1749.9,jimmy
1,"(0, 532, 530)",1749.0,607.6325,1748.9,jimmy
1,"(0, 533, 530)",1749.0,590.003,1748.9,jimmy
1,"(0, 534, 530)",1749.0,590.003,1748.9,jimmy
1,"(0, 535, 530)",1749.0,591.472,1748.9,jimmy
1,"(0, 536, 530)",1749.0,313.8065,1748.9,jimmy
1,"(0, 576, 530)",1741.0,121.703,1740.9,jimmy
1,"(0, 577, 530)",1741.0,79.392,1740.9,jimmy
1,"(0, 489, 529)",1756.0,108.7155,1755.9,jimmy
1,"(0, 490, 529)",1756.0,765.1235,1755.9,jimmy
1,"(0, 491, 529)",1755.0,45.249,1754.9,jimmy
1,"(0, 508, 529)",1755.0,14.6915,1754.9,jimmy
1,"(0, 509, 529)",1755.0,626.4375,1754.9,jimmy
1,"(0, 510, 529)",1755.0,616.741,1754.9,jimmy
1,"(0, 511, 529)",1754.0,590.297,1753.9,jimmy
1,"(0, 512, 529)",1754.0,590.297,1753.9,jimmy
1,"(0, 513, 529)",1752.0,590.8845,1751.9,jimmy
1,"(0, 514, 529)",1751.0,590.8845,1750.9,jimmy
1,"(0, 515, 529)",1751.0,608.808,1750.9,jimmy
1,"(0, 516, 529)",1750.0,321.152,1749.9,jimmy
1,"(0, 577, 529)",1741.0,59.294,1740.9,jimmy
1,"(0, 578, 529)",1741.0,134.69,1740.9,jimmy
1,"(0, 579, 529)",1741.0,47.2475,1740.9,jimmy
1,"(0, 491, 528)",1755.0,719.874,1754.9,jimmy
1,"(0, 492, 528)",1754.0,287.362,1753.9,jimmy
1,"(0, 506, 528)",1754.0,609.6895,1753.9,jimmy
1,"(0, 507, 528)",1754.0,614.6845,1753.9,jimmy
1,"(0, 508, 528)",1755.0,607.045,1754.9,jimmy
1,"(0, 579, 528)",1741.0,87.4425,1740.9,jimmy
1,"(0, 580, 528)",1740.0,134.69,1739.9,jimmy
1,"(0, 581, 528)",1740.0,19.0985,1739.9,jimmy
1,"(0, 492, 527)",1755.0,346.1275,1754.9,jimmy
1,"(0, 493, 527)",1755.0,597.6425,1754.9,jimmy
1,"(0, 494, 527)",1755.0,597.6425,1754.9,jimmy
1,"(0, 495, 527)",1754.0,598.524,1753.9,jimmy
1,"(0, 496, 527)",1754.0,600.581,1753.9,jimmy
1,"(0, 497, 527)",1754.0,367.5765,1753.9,jimmy
1,"(0, 504, 527)",1753.0,533.5885,1752.9,jimmy
1,"(0, 505, 527)",1753.0,669.924,1752.9,jimmy
1,"(0, 506, 527)",1753.0,21.743,1752.9,jimmy
1,"(0, 581, 527)",1740.0,115.5325,1739.9,jimmy
1,"(0, 582, 527)",1740.0,125.64,1739.9,jimmy
1,"(0, 497, 526)",1756.0,233.004,1755.9,jimmy
1,"(0, 498, 526)",1754.0,593.529,1753.9,jimmy
1,"(0, 499, 526)",1754.0,587.9465,1753.9,jimmy
1,"(0, 500, 526)",1754.0,587.9465,1753.9,jimmy
1,"(0, 501, 526)",1753.0,587.9465,1752.9,jimmy
1,"(0, 502, 526)",1753.0,587.9465,1752.9,jimmy
1,"(0, 503, 526)",1753.0,605.576,1752.9,jimmy
1,"(0, 504, 526)",1754.0,136.629,1753.9,jimmy
1,"(0, 582, 526)",1740.0,9.05,1739.9,jimmy
1,"(0, 583, 526)",1740.0,134.69,1739.9,jimmy
1,"(0, 584, 526)",1740.0,97.4915,1739.9,jimmy
1,"(0, 584, 525)",1740.0,37.1395,1739.9,jimmy
1,"(0, 585, 525)",1740.0,134.69,1739.9,jimmy
1,"(0, 586, 525)",1739.0,69.343,1738.9,jimmy
1,"(0, 586, 524)",1739.0,65.288,1738.9,jimmy
1,"(0, 587, 524)",1739.0,134.69,1738.9,jimmy
1,"(0, 588, 524)",1739.0,41.253,1738.9,jimmy
1,"(0, 588, 523)",1739.0,93.4365,1738.9,jimmy
1,"(0, 589, 523)",1739.0,134.69,1738.9,jimmy
1,"(0, 590, 523)",1739.0,13.1045,1738.9,jimmy
1,"(0, 590, 522)",1739.0,109.7145,1738.9,jimmy
1,"(0, 591, 522)",1739.0,118.941,1738.9,jimmy
1,"(0, 592, 522)",1738.0,118.8235,1737.9,jimmy
1,"(0, 593, 522)",1738.0,118.0595,1737.9,jimmy
1,"(0, 594, 522)",1738.0,118.0595,1737.9,jimmy
1,"(0, 595, 522)",1738.0,118.0595,1737.9,jimmy
1,"(0, 596, 522)",1738.0,118.0595,1737.9,jimmy
1,"(0, 597, 522)",1738.0,72.7515,1737.9,jimmy
1,"(0, 597, 521)",1738.0,48.599,1737.9,jimmy
1,"(0, 598, 521)",1738.0,121.938,1737.9,jimmy
1,"(0, 599, 521)",1737.0,121.938,1736.9,jimmy
1,"(0, 600, 521)",1737.0,121.938,1736.9,jimmy
1,"(0, 601, 521)",1737.0,28.9125,1736.9,jimmy
1,"(0, 601, 520)",1737.0,93.0255,1736.9,jimmy
1,"(0, 602, 520)",1737.0,141.5065,1736.9,jimmy
1,"(0, 603, 520)",1737.0,26.1505,1736.9,jimmy
1,"(0, 603, 519)",1737.0,116.355,1736.9,jimmy
1,"(0, 604, 519)",1737.0,89.676,1736.9,jimmy
1,"(0, 604, 518)",1737.0,55.2395,1736.9,jimmy
1,"(0, 605, 518)",1736.0,142.741,1735.9,jimmy
1,"(0, 605, 517)",1737.0,3.3495,1736.9,jimmy
1,"(0, 606, 517)",1736.0,146.149,1735.9,jimmy
1,"(0, 607, 517)",1736.0,48.4815,1735.9,jimmy
1,"(0, 607, 516)",1736.0,97.609,1735.9,jimmy
1,"(0, 608, 516)",1736.0,100.371,1735.9,jimmy
1,"(0, 608, 515)",1736.0,45.778,1735.9,jimmy
1,"(0, 609, 515)",1736.0,146.149,1735.9,jimmy
1,"(0, 610, 515)",1736.0,6.1115,1735.9,jimmy
1,"(0, 610, 514)",1736.0,133.7495,1735.9,jimmy
1,"(0, 611, 514)",1736.0,94.7885,1735.9,jimmy
1,"(0, 611, 513)",1736.0,39.6665,1735.9,jimmy
1,"(0, 612, 513)",1735.0,134.455,1734.9,jimmy
1,"(0, 613, 513)",1735.0,68.285,1734.9,jimmy
1,"(0, 613, 512)",1735.0,66.111,1734.9,jimmy
1,"(0, 614, 512)",1735.0,134.455,1734.9,jimmy
1,"(0, 615, 512)",1736.0,41.841,1735.9,jimmy
1,"(0, 615, 511)",1735.0,93.143,1734.9,jimmy
1,"(0, 616, 511)",1736.0,135.454,1735.9,jimmy
1,"(0, 616, 510)",1735.0,2.997,1734.9,jimmy
1,"(0, 617, 510)",1736.0,138.5095,1735.9,jimmy
1,"(0, 618, 510)",1736.0,80.9195,1735.9,jimmy
1,"(0, 618, 509)",1736.0,56.4735,1735.9,jimmy
1,"(0, 619, 509)",1736.0,135.7475,1735.9,jimmy
1,"(0, 620, 509)",1736.0,42.9575,1735.9,jimmy
1,"(0, 620, 508)",1736.0,92.849,1735.9,jimmy
1,"(0, 621, 508)",1736.0,124.7585,1735.9,jimmy
1,"(0, 621, 507)",1736.0,31.3805,1735.9,jimmy
1,"(0, 622, 507)",1736.0,111.0665,1735.9,jimmy
1,"(0, 622, 506)",1736.0,97.2565,1735.9,jimmy
1,"(0, 623, 506)",1736.0,45.1905,1735.9,jimmy
1,"(0, 623, 505)",1736.0,121.7615,1735.9,jimmy
1,"(0, 624, 505)",1736.0,74.2795,1735.9,jimmy
1,"(0, 624, 504)",1735.0,68.9905,1734.9,jimmy
1,"(0, 625, 504)",1735.0,109.127,1734.9,jimmy
1,"(0, 625, 503)",1735.0,56.9435,1734.9,jimmy
1,"(0, 626, 503)",1735.0,109.5385,1734.9,jimmy
1,"(0, 626, 502)",1734.0,56.532,1733.9,jimmy
1,"(0, 627, 502)",1734.0,103.427,1733.9,jimmy
1,"(0, 627, 501)",1733.0,78.9215,1732.9,jimmy
1,"(0, 628, 501)",1733.0,71.9285,1732.9,jimmy
1,"(0, 628, 500)",1733.0,115.65,1732.9,jimmy
1,"(0, 629, 500)",1733.0,35.2005,1732.9,jimmy
1,"(0, 629, 499)",1732.0,150.8505,1731.9,jimmy
1,"(0, 629, 498)",1732.0,1.528,1731.9,jimmy
1,"(0, 630, 498)",1732.0,148.2645,1731.9,jimmy
1,"(0, 630, 497)",1731.0,58.589,1730.9,jimmy
1,"(0, 631, 497)",1731.0,72.575,1730.9,jimmy
1,"(0, 631, 496)",1731.0,142.8585,1730.9,jimmy
1,"(0, 632, 496)",1731.0,17.1005,1730.9,jimmy
1,"(0, 632, 495)",1731.0,122.5845,1730.9,jimmy
1,"(0, 633, 495)",1731.0,66.64,1730.9,jimmy
1,"(0, 633, 494)",1731.0,123.936,1730.9,jimmy
1,"(0, 634, 494)",1731.0,24.505,1730.9,jimmy
1,"(0, 634, 493)",1731.0,148.441,1730.9,jimmy
1,"(0, 634, 492)",1731.0,19.6275,1730.9,jimmy
1,"(0, 635, 492)",1731.0,134.1025,1730.9,jimmy
1,"(0, 636, 491)",1730.0,607.9265,1729.9,jimmy
1,"(0, 635, 491)",1730.0,43.9565,1729.9,jimmy
1,"(0, 636, 490)",1730.0,227.1275,1729.9,jimmy
1,"(0, 637, 490)",1730.0,475.9985,1729.9,jimmy
1,"(0, 637, 489)",1730.0,614.3905,1729.9,jimmy
1,"(0, 637, 488)",1730.0,580.8945,1729.9,jimmy
1,"(0, 638, 488)",1730.0,74.044,1729.9,jimmy
1,"(0, 638, 487)",1730.0,731.3335,1729.9,jimmy
1,"(0, 638, 486)",1730.0,182.76,1729.9,jimmy
1,"(0, 639, 486)",1730.0,532.413,1729.9,jimmy
1,"(0, 639, 485)",1730.0,651.4125,1729.9,jimmy
1,"(0, 639, 484)",1730.0,28.795,1729.9,jimmy
1,"(0, 640, 484)",1730.0,601.4625,1729.9,jimmy
1,"(0, 640, 483)",1730.0,587.9465,1729.9,jimmy
1,"(0, 640, 482)",1730.0,589.4155,1729.9,jimmy
1,"(0, 640, 481)",1730.0,603.813,1729.9,jimmy
1,"(0, 640, 480)",1729.0,603.813,1728.9,jimmy
1,"(0, 640, 479)",1729.0,469.2405,1728.9,jimmy
1,"(0, 641, 479)",1730.0,130.459,1729.9,jimmy
1,"(0, 641, 478)",1730.0,598.818,1729.9,jimmy
1,"(0, 641, 477)",1729.0,598.818,1728.9,jimmy
1,"(0, 641, 476)",1729.0,610.277,1728.9,jimmy
1,"(0, 641, 475)",1729.0,571.198,1728.9,jimmy
1,"(0, 642, 475)",1729.0,46.1305,1728.9,jimmy
1,"(0, 642, 474)",1729.0,617.329,1728.9,jimmy
1,"(0, 642, 473)",1728.0,644.361,1727.9,jimmy
1,"(0, 642, 472)",1728.0,276.4905,1727.9,jimmy
1,"(0, 643, 472)",1729.0,385.5,1728.9,jimmy
1,"(0, 643, 471)",1728.0,661.9905,1727.9,jimmy
1,"(0, 643, 470)",1729.0,194.513,1728.9,jimmy
1,"(0, 644, 470)",1728.0,622.324,1727.9,jimmy
1,"(0, 644, 469)",1730.0,187.1675,1729.9,jimmy
1,"(0, 645, 469)",1728.0,746.6125,1727.9,jimmy
1,"(0, 646, 469)",1728.0,76.6885,1727.9,jimmy
1,"(0, 646, 468)",1729.0,540.64,1728.9,jimmy
1,"(0, 647, 468)",1728.0,617.329,1727.9,jimmy
1,"(0, 648, 468)",1728.0,592.06,1727.9,jimmy
1,"(0, 649, 468)",1727.0,590.5905,1726.9,jimmy
1,"(0, 650, 468)",1727.0,590.8845,1726.9,jimmy
1,"(0, 651, 468)",1727.0,593.235,1726.9,jimmy
1,"(0, 652, 468)",1727.0,593.235,1726.9,jimmy
1,"(0, 653, 468)",1727.0,592.06,1726.9,jimmy
1,"(0, 654, 468)",1727.0,587.9465,1726.9,jimmy
1,"(0, 655, 468)",1727.0,587.9465,1726.9,jimmy
1,"(0, 656, 468)",1726.0,587.9465,1725.9,jimmy
1,"(0, 657, 468)",1726.0,589.1215,1725.9,jimmy
1,"(0, 658, 468)",1726.0,590.8845,1725.9,jimmy
1,"(0, 659, 468)",1726.0,590.8845,1725.9,jimmy
1,"(0, 660, 468)",1726.0,590.8845,1725.9,jimmy
1,"(0, 661, 468)",1726.0,590.003,1725.9,jimmy
1,"(0, 662, 468)",1726.0,587.9465,1725.9,jimmy
1,"(0, 663, 468)",1726.0,587.9465,1725.9,jimmy
1,"(0, 664, 468)",1725.0,587.9465,1724.9,jimmy
1,"(0, 665, 468)",1725.0,587.9465,1724.9,jimmy
1,"(0, 666, 468)",1725.0,607.045,1724.9,jimmy
1,"(0, 667, 468)",1725.0,612.9215,1724.9,jimmy
1,"(0, 668, 468)",1725.0,592.06,1724.9,jimmy
1,"(0, 669, 468)",1725.0,592.06,1724.9,jimmy
1,"(0, 670, 468)",1725.0,147.7945,1724.9,jimmy
1,"(0, 670, 467)",1725.0,453.6675,1724.9,jimmy
1,"(0, 671, 467)",1725.0,604.1065,1724.9,jimmy
1,"(0, 672, 467)",1724.0,604.1065,1723.9,jimmy
1,"(0, 673, 467)",1724.0,599.1115,1723.9,jimmy
1,"(0, 674, 467)",1724.0,594.7045,1723.9,jimmy
1,"(0, 675, 467)",1724.0,22.331,1723.9,jimmy
1,"(0, 677, 466)",1724.0,174.533,1723.9,jimmy
1,"(0, 675, 466)",1724.0,572.0795,1723.9,jimmy
1,"(0, 676, 466)",1724.0,744.5555,1723.9,jimmy
1,"(0, 678, 465)",1724.0,533.5885,1723.9,jimmy
1,"(0, 677, 465)",1724.0,669.924,1723.9,jimmy
1,"(0, 678, 464)",1724.0,477.7615,1723.9,jimmy
1,"(0, 679, 464)",1724.0,485.6945,1723.9,jimmy
1,"(0, 679, 463)",1724.0,256.2165,1723.9,jimmy
1,"(0, 680, 463)",1724.0,724.5755,1723.9,jimmy
1,"(0, 681, 463)",1724.0,19.6865,1723.9,jimmy
1,"(0, 681, 462)",1724.0,659.052,1723.9,jimmy
1,"(0, 682, 462)",1724.0,516.5465,1723.9,jimmy
1,"(0, 682, 461)",1724.0,163.3675,1723.9,jimmy
1,"(0, 683, 461)",1724.0,698.719,1723.9,jimmy
1,"(0, 684, 461)",1724.0,234.4735,1723.9,jimmy
1,"(0, 684, 460)",1724.0,476.2925,1723.9,jimmy
1,"(0, 685, 460)",1724.0,492.4525,1723.9,jimmy
1,"(0, 685, 459)",1724.0,275.0215,1723.9,jimmy
1,"(0, 686, 459)",1723.0,496.86,1722.9,jimmy
1,"(0, 686, 458)",1723.0,631.1385,1722.9,jimmy
1,"(0, 686, 457)",1723.0,633.4895,1722.9,jimmy
1,"(0, 686, 456)",1723.0,635.2525,1722.9,jimmy
1,"(0, 686, 455)",1724.0,617.6225,1723.9,jimmy
1,"(0, 685, 454)",1723.0,438.9765,1722.9,jimmy
1,"(0, 686, 454)",1724.0,153.3775,1723.9,jimmy
1,"(0, 685, 453)",1723.0,592.3535,1722.9,jimmy
1,"(0, 685, 452)",1723.0,592.3535,1722.9,jimmy
1,"(0, 693, 452)",1722.0,374.3345,1721.9,jimmy
1,"(0, 694, 452)",1721.0,592.6475,1720.9,jimmy
1,"(0, 695, 452)",1722.0,119.881,1721.9,jimmy
1,"(0, 685, 451)",1723.0,592.3535,1722.9,jimmy
1,"(0, 692, 451)",1722.0,534.47,1721.9,jimmy
1,"(0, 693, 451)",1723.0,346.715,1722.9,jimmy
1,"(0, 695, 451)",1723.0,536.8205,1722.9,jimmy
1,"(0, 696, 451)",1721.0,663.4595,1720.9,jimmy
1,"(0, 697, 451)",1721.0,67.874,1720.9,jimmy
1,"(0, 685, 450)",1723.0,592.06,1722.9,jimmy
1,"(0, 691, 450)",1722.0,473.648,1721.9,jimmy
1,"(0, 692, 450)",1725.0,302.935,1724.9,jimmy
1,"(0, 697, 450)",1722.0,779.227,1721.9,jimmy
1,"(0, 698, 450)",1721.0,38.785,1720.9,jimmy
1,"(0, 685, 449)",1723.0,590.297,1722.9,jimmy
1,"(0, 690, 449)",1723.0,262.093,1722.9,jimmy
1,"(0, 691, 449)",1723.0,444.265,1722.9,jimmy
1,"(0, 698, 449)",1721.0,748.0815,1720.9,jimmy
1,"(0, 685, 448)",1723.0,704.889,1722.9,jimmy
1,"(0, 690, 448)",1722.0,678.151,1721.9,jimmy
1,"(0, 698, 448)",1722.0,163.661,1721.9,jimmy
1,"(0, 699, 448)",1722.0,521.2475,1721.9,jimmy
1,"(0, 685, 447)",1724.0,122.5255,1723.9,jimmy
1,"(0, 686, 447)",1723.0,747.2,1722.9,jimmy
1,"(0, 689, 447)",1722.0,661.109,1721.9,jimmy
1,"(0, 690, 447)",1722.0,242.9945,1721.9,jimmy
1,"(0, 699, 447)",1721.0,644.9485,1720.9,jimmy
1,"(0, 686, 446)",1723.0,45.543,1722.9,jimmy
1,"(0, 687, 446)",1722.0,701.657,1721.9,jimmy
1,"(0, 688, 446)",1722.0,672.2745,1721.9,jimmy
1,"(0, 689, 446)",1723.0,106.659,1722.9,jimmy
1,"(0, 699, 446)",1721.0,198.6265,1720.9,jimmy
1,"(0, 700, 446)",1721.0,446.322,1720.9,jimmy
1,"(0, 700, 445)",1721.0,644.9485,1720.9,jimmy
1,"(0, 700, 444)",1721.0,243.288,1720.9,jimmy
1,"(0, 701, 444)",1721.0,636.134,1720.9,jimmy
1,"(0, 701, 443)",1720.0,115.4735,1719.9,jimmy
1,"(0, 702, 443)",1721.0,670.8055,1720.9,jimmy
1,"(0, 702, 442)",1720.0,587.9465,1719.9,jimmy
1,"(0, 702, 441)",1720.0,597.3485,1719.9,jimmy
1,"(0, 702, 440)",1721.0,625.556,1720.9,jimmy
1,"(0, 701, 439)",1720.0,438.9765,1719.9,jimmy
1,"(0, 702, 439)",1721.0,181.291,1720.9,jimmy
1,"(0, 702, 438)",1720.0,615.566,1719.9,jimmy
1,"(0, 702, 437)",1720.0,595.8795,1719.9,jimmy
1,"(0, 702, 436)",1720.0,588.24,1719.9,jimmy
1,"(0, 702, 435)",1720.0,605.282,1719.9,jimmy
1,"(0, 701, 434)",1720.0,258.273,1719.9,jimmy
1,"(0, 702, 434)",1720.0,348.478,1719.9,jimmy
1,"(0, 701, 433)",1719.0,641.7165,1718.9,jimmy
1,"(0, 700, 432)",1719.0,282.9545,1718.9,jimmy
1,"(0, 701, 432)",1719.0,473.06,1718.9,jimmy
1,"(0, 699, 431)",1719.0,91.674,1718.9,jimmy
1,"(0, 700, 431)",1719.0,658.7585,1718.9,jimmy
1,"(0, 699, 430)",1719.0,747.494,1718.9,jimmy
1,"(0, 698, 429)",1719.0,616.1535,1718.9,jimmy
1,"(0, 699, 429)",1719.0,22.6835,1718.9,jimmy
1,"(0, 697, 428)",1719.0,317.92,1718.9,jimmy
1,"(0, 698, 428)",1719.0,384.031,1718.9,jimmy
1,"(0, 697, 427)",1719.0,611.4525,1718.9,jimmy
1,"(0, 697, 426)",1719.0,655.5265,1718.9,jimmy
1,"(0, 697, 425)",1718.0,371.1025,1717.9,jimmy
1,"(0, 698, 425)",1718.0,324.0905,1717.9,jimmy
1,"(0, 698, 424)",1718.0,547.398,1717.9,jimmy
1,"(0, 699, 424)",1718.0,588.24,1717.9,jimmy
1,"(0, 700, 424)",1718.0,588.534,1717.9,jimmy
1,"(0, 701, 424)",1718.0,590.5905,1717.9,jimmy
1,"(0, 702, 424)",1718.0,590.5905,1717.9,jimmy
1,"(0, 703, 424)",1718.0,592.06,1717.9,jimmy
1,"(0, 704, 424)",1718.0,593.529,1717.9,jimmy
1,"(0, 705, 424)",1718.0,593.529,1717.9,jimmy
1,"(0, 706, 424)",1718.0,491.865,1717.9,jimmy
1,"(0, 706, 423)",1718.0,99.607,1717.9,jimmy
1,"(0, 707, 423)",1718.0,588.8275,1717.9,jimmy
1,"(0, 708, 423)",1717.0,588.8275,1716.9,jimmy
1,"(0, 709, 423)",1717.0,699.6,1716.9,jimmy
1,"(0, 710, 423)",1717.0,274.7275,1716.9,jimmy
1,"(0, 710, 422)",1717.0,727.5135,1716.9,jimmy
1,"(0, 710, 421)",1717.0,588.24,1716.9,jimmy
1,"(0, 710, 420)",1717.0,623.499,1716.9,jimmy
1,"(0, 710, 419)",1717.0,629.9635,1716.9,jimmy
1,"(0, 709, 418)",1717.0,609.983,1716.9,jimmy
1,"(0, 710, 418)",1717.0,89.617,1716.9,jimmy
1,"(0, 708, 417)",1717.0,413.4135,1716.9,jimmy
1,"(0, 709, 417)",1717.0,441.033,1716.9,jimmy
1,"(0, 706, 416)",1716.0,22.9185,1715.9,jimmy
1,"(0, 707, 416)",1717.0,716.936,1716.9,jimmy
1,"(0, 708, 416)",1718.0,293.2385,1717.9,jimmy
1,"(0, 706, 415)",1716.0,766.005,1715.9,jimmy
1,"(0, 705, 414)",1716.0,608.2205,1715.9,jimmy
1,"(0, 706, 414)",1717.0,128.402,1716.9,jimmy
1,"(0, 705, 413)",1716.0,603.225,1715.9,jimmy
1,"(0, 705, 412)",1716.0,726.3385,1715.9,jimmy
1,"(0, 705, 411)",1715.0,213.6115,1714.9,jimmy
1,"(0, 706, 411)",1716.0,550.0425,1715.9,jimmy
1,"(0, 706, 410)",1716.0,370.8085,1715.9,jimmy
1,"(0, 707, 410)",1715.0,609.3955,1714.9,jimmy
1,"(0, 707, 409)",1718.0,73.7505,1717.9,jimmy
1,"(0, 708, 409)",1717.0,658.4645,1716.9,jimmy
1,"(0, 709, 409)",1715.0,614.6845,1714.9,jimmy
1,"(0, 709, 408)",1717.0,32.9085,1716.9,jimmy
1,"(0, 710, 408)",1715.0,647.593,1714.9,jimmy
1,"(0, 711, 408)",1715.0,432.2185,1714.9,jimmy
1,"(0, 711, 407)",1715.0,400.779,1714.9,jimmy
1,"(0, 712, 407)",1715.0,405.1865,1714.9,jimmy
1,"(0, 712, 406)",1715.0,599.6995,1714.9,jimmy
1,"(0, 712, 405)",1715.0,599.6995,1714.9,jimmy
1,"(0, 712, 404)",1714.0,674.0375,1713.9,jimmy
1,"(0, 711, 403)",1714.0,236.824,1713.9,jimmy
1,"(0, 712, 403)",1714.0,465.4205,1713.9,jimmy
1,"(0, 711, 402)",1714.0,695.4865,1713.9,jimmy
1,"(0, 710, 401)",1715.0,530.0625,1714.9,jimmy
1,"(0, 711, 401)",1716.0,330.2605,1715.9,jimmy
1,"(0, 709, 400)",1714.0,22.6245,1713.9,jimmy
1,"(0, 710, 400)",1715.0,644.361,1714.9,jimmy
1,"(0, 709, 399)",1714.0,665.5165,1713.9,jimmy
1,"(0, 709, 398)",1714.0,674.331,1713.9,jimmy
1,"(0, 709, 397)",1714.0,694.3115,1713.9,jimmy
1,"(0, 709, 396)",1714.0,104.3085,1713.9,jimmy
1,"(0, 710, 396)",1714.0,589.709,1713.9,jimmy
1,"(0, 710, 395)",1714.0,515.0775,1713.9,jimmy
1,"(0, 711, 395)",1714.0,178.94,1713.9,jimmy
1,"(0, 711, 394)",1714.0,694.3115,1713.9,jimmy
1,"(0, 711, 393)",1714.0,231.829,1713.9,jimmy
1,"(0, 712, 393)",1714.0,462.4825,1713.9,jimmy
1,"(0, 712, 392)",1714.0,642.598,1713.9,jimmy
1,"(0, 713, 392)",1714.0,51.7135,1713.9,jimmy
1,"(0, 713, 391)",1714.0,723.1065,1713.9,jimmy
1,"(0, 713, 390)",1713.0,199.214,1712.9,jimmy
1,"(0, 714, 390)",1713.0,667.867,1712.9,jimmy
1,"(0, 714, 389)",1712.0,131.634,1711.9,jimmy
1,"(0, 715, 389)",1712.0,735.447,1711.9,jimmy
1,"(0, 715, 388)",1712.0,64.054,1711.9,jimmy
1,"(0, 716, 388)",1712.0,748.669,1711.9,jimmy
1,"(0, 716, 387)",1712.0,459.838,1711.9,jimmy
1,"(0, 717, 387)",1712.0,142.7995,1711.9,jimmy
1,"(0, 716, 386)",1712.0,101.9575,1711.9,jimmy
1,"(0, 717, 386)",1712.0,561.208,1711.9,jimmy
1,"(0, 716, 385)",1712.0,767.474,1711.9,jimmy
1,"(0, 715, 384)",1712.0,647.0055,1711.9,jimmy
1,"(0, 716, 384)",1712.0,47.8935,1711.9,jimmy
1,"(0, 715, 383)",1712.0,468.9465,1711.9,jimmy
1,"(0, 714, 383)",1713.0,44.544,1712.9,jimmy
1,"(0, 714, 382)",1712.0,142.7995,1711.9,jimmy
1,"(0, 714, 381)",1712.0,89.911,1711.9,jimmy
1,"(0, 712, 381)",1712.0,54.534,1711.9,jimmy
1,"(0, 713, 381)",1712.0,140.919,1711.9,jimmy
1,"(0, 711, 380)",1712.0,123.7595,1711.9,jimmy
1,"(0, 712, 380)",1712.0,86.385,1711.9,jimmy
1,"(0, 711, 379)",1711.0,104.896,1710.9,jimmy
1,"(0, 710, 379)",1712.0,156.257,1711.9,jimmy
1,"(0, 710, 378)",1711.0,4.4075,1710.9,jimmy
1,"(0, 708, 378)",1711.0,19.1575,1710.9,jimmy
1,"(0, 709, 378)",1711.0,157.1385,1710.9,jimmy
1,"(0, 708, 377)",1711.0,735.447,1710.9,jimmy
1,"(0, 707, 376)",1711.0,407.831,1710.9,jimmy
1,"(0, 708, 376)",1711.0,239.762,1710.9,jimmy
1,"(0, 707, 375)",1710.0,647.593,1709.9,jimmy
1,"(0, 706, 374)",1710.0,302.0535,1709.9,jimmy
1,"(0, 707, 374)",1711.0,345.8335,1710.9,jimmy
1,"(0, 706, 373)",1711.0,647.593,1710.9,jimmy
1,"(0, 705, 372)",1711.0,47.012,1710.9,jimmy
1,"(0, 706, 372)",1711.0,116.708,1710.9,jimmy
1,"(0, 706, 371)",1711.0,117.883,1710.9,jimmy
1,"(0, 706, 370)",1711.0,117.883,1710.9,jimmy
1,"(0, 706, 369)",1710.0,117.883,1709.9,jimmy
1,"(0, 706, 368)",1710.0,589.4155,1709.9,jimmy
1,"(0, 706, 367)",1710.0,589.4155,1709.9,jimmy
1,"(0, 706, 366)",1710.0,589.4155,1709.9,jimmy
1,"(0, 706, 365)",1710.0,592.3535,1709.9,jimmy
1,"(0, 706, 364)",1710.0,617.9165,1709.9,jimmy
1,"(0, 706, 363)",1710.0,237.7055,1709.9,jimmy
1,"(0, 707, 363)",1710.0,380.211,1709.9,jimmy
1,"(0, 707, 362)",1709.0,617.9165,1708.9,jimmy
1,"(0, 707, 361)",1709.0,617.9165,1708.9,jimmy
1,"(0, 707, 360)",1709.0,289.125,1708.9,jimmy
1,"(0, 708, 360)",1709.0,328.7915,1708.9,jimmy
1,"(0, 708, 359)",1709.0,617.9165,1708.9,jimmy
1,"(0, 708, 358)",1709.0,617.9165,1708.9,jimmy
1,"(0, 708, 357)",1709.0,340.8385,1708.9,jimmy
1,"(0, 709, 357)",1709.0,277.078,1708.9,jimmy
1,"(0, 709, 356)",1709.0,617.9165,1708.9,jimmy
1,"(0, 709, 355)",1709.0,609.3955,1708.9,jimmy
1,"(0, 709, 354)",1709.0,597.055,1708.9,jimmy
1,"(0, 709, 353)",1709.0,597.055,1708.9,jimmy
1,"(0, 709, 352)",1709.0,603.225,1708.9,jimmy
1,"(0, 708, 351)",1709.0,597.055,1708.9,jimmy
1,"(0, 709, 351)",1708.0,6.464,1707.9,jimmy
1,"(0, 708, 350)",1709.0,605.8695,1708.9,jimmy
1,"(0, 708, 349)",1709.0,520.366,1708.9,jimmy
1,"(0, 709, 349)",1708.0,88.148,1707.9,jimmy
1,"(0, 709, 348)",1708.0,608.514,1707.9,jimmy
1,"(0, 709, 347)",1708.0,608.514,1707.9,jimmy
1,"(0, 710, 347)",1708.0,230.066,1707.9,jimmy
1,"(0, 710, 346)",1708.0,661.9905,1707.9,jimmy
1,"(0, 711, 346)",1709.0,100.1945,1708.9,jimmy
1,"(0, 711, 345)",1711.0,626.4375,1710.9,jimmy
1,"(0, 711, 344)",1711.0,593.235,1710.9,jimmy
1,"(0, 711, 343)",1709.0,589.709,1708.9,jimmy
1,"(0, 711, 342)",1708.0,589.709,1707.9,jimmy
1,"(0, 711, 341)",1708.0,595.292,1707.9,jimmy
1,"(0, 711, 340)",1708.0,597.6425,1707.9,jimmy
1,"(0, 711, 339)",1707.0,597.6425,1706.9,jimmy
1,"(0, 711, 338)",1707.0,290.594,1706.9,jimmy
1,"(0, 712, 338)",1707.0,475.411,1706.9,jimmy
1,"(0, 712, 337)",1707.0,425.754,1706.9,jimmy
1,"(0, 713, 337)",1708.0,346.421,1707.9,jimmy
1,"(0, 713, 336)",1707.0,574.4305,1706.9,jimmy
1,"(0, 714, 336)",1708.0,186.8735,1707.9,jimmy
1,"(0, 714, 335)",1708.0,618.504,1707.9,jimmy
1,"(0, 714, 334)",1707.0,589.1215,1706.9,jimmy
1,"(0, 714, 333)",1707.0,589.1215,1706.9,jimmy
1,"(0, 714, 332)",1707.0,607.6325,1706.9,jimmy
1,"(0, 714, 331)",1707.0,613.509,1706.9,jimmy
1,"(0, 713, 330)",1707.0,604.4005,1706.9,jimmy
1,"(0, 714, 330)",1707.0,28.2075,1706.9,jimmy
1,"(0, 701, 329)",1706.0,347.89,1705.9,jimmy
1,"(0, 702, 329)",1706.0,658.7585,1705.9,jimmy
1,"(0, 703, 329)",1706.0,594.998,1705.9,jimmy
1,"(0, 704, 329)",1706.0,587.9465,1705.9,jimmy
1,"(0, 705, 329)",1706.0,587.9465,1705.9,jimmy
1,"(0, 706, 329)",1706.0,587.9465,1705.9,jimmy
1,"(0, 707, 329)",1706.0,587.9465,1705.9,jimmy
1,"(0, 708, 329)",1706.0,587.9465,1705.9,jimmy
1,"(0, 709, 329)",1706.0,613.509,1705.9,jimmy
1,"(0, 710, 329)",1706.0,627.613,1705.9,jimmy
1,"(0, 711, 329)",1706.0,410.1815,1705.9,jimmy
1,"(0, 712, 329)",1707.0,487.4575,1706.9,jimmy
1,"(0, 713, 329)",1707.0,577.6625,1706.9,jimmy
1,"(0, 700, 328)",1706.0,173.0635,1705.9,jimmy
1,"(0, 701, 328)",1706.0,584.4205,1705.9,jimmy
1,"(0, 711, 328)",1706.0,238.8805,1705.9,jimmy
1,"(0, 712, 328)",1707.0,151.908,1706.9,jimmy
1,"(0, 700, 327)",1706.0,741.3235,1705.9,jimmy
1,"(0, 700, 326)",1705.0,77.57,1704.9,jimmy
1,"(0, 701, 326)",1705.0,684.909,1704.9,jimmy
1,"(0, 701, 325)",1705.0,188.049,1704.9,jimmy
1,"(0, 702, 325)",1705.0,704.0075,1704.9,jimmy
1,"(0, 703, 325)",1705.0,153.965,1704.9,jimmy
1,"(0, 703, 324)",1705.0,660.815,1704.9,jimmy
1,"(0, 704, 324)",1705.0,174.239,1704.9,jimmy
1,"(0, 704, 323)",1705.0,653.4695,1704.9,jimmy
1,"(0, 705, 323)",1705.0,181.5845,1704.9,jimmy
1,"(0, 705, 322)",1704.0,646.124,1703.9,jimmy
1,"(0, 706, 322)",1704.0,189.224,1703.9,jimmy
1,"(0, 706, 321)",1704.0,638.4845,1703.9,jimmy
1,"(0, 707, 321)",1704.0,196.5695,1703.9,jimmy
1,"(0, 707, 320)",1704.0,560.6205,1703.9,jimmy
1,"(0, 708, 320)",1704.0,552.981,1703.9,jimmy
1,"(0, 708, 319)",1705.0,113.7105,1704.9,jimmy
1,"(0, 709, 319)",1704.0,666.6915,1703.9,jimmy
1,"(0, 710, 319)",1704.0,465.7145,1703.9,jimmy
1,"(0, 710, 318)",1705.0,201.271,1704.9,jimmy
1,"(0, 711, 318)",1704.0,666.6915,1703.9,jimmy
1,"(0, 712, 318)",1703.0,378.1545,1702.9,jimmy
1,"(0, 712, 317)",1704.0,288.831,1703.9,jimmy
1,"(0, 713, 317)",1703.0,620.855,1702.9,jimmy
1,"(0, 713, 316)",1703.0,332.905,1702.9,jimmy
1,"(0, 714, 316)",1703.0,673.156,1702.9,jimmy
1,"(0, 715, 316)",1703.0,47.306,1702.9,jimmy
1,"(0, 715, 315)",1703.0,625.556,1702.9,jimmy
1,"(0, 716, 315)",1703.0,581.482,1702.9,jimmy
1,"(0, 716, 314)",1703.0,91.674,1702.9,jimmy
1,"(0, 717, 314)",1703.0,673.156,1702.9,jimmy
1,"(0, 718, 314)",1703.0,442.2085,1702.9,jimmy
1,"(0, 718, 313)",1703.0,230.6535,1702.9,jimmy
1,"(0, 719, 313)",1703.0,673.156,1702.9,jimmy
1,"(0, 720, 313)",1703.0,194.219,1702.9,jimmy
1,"(0, 720, 312)",1702.0,713.116,1701.9,jimmy
1,"(0, 721, 312)",1703.0,58.1775,1702.9,jimmy
1,"(0, 721, 311)",1702.0,771.294,1701.9,jimmy
1,"(0, 721, 310)",1702.0,78.7455,1701.9,jimmy
1,"(0, 722, 310)",1702.0,624.6745,1701.9,jimmy
1,"(0, 722, 309)",1702.0,487.4575,1701.9,jimmy
1,"(0, 723, 309)",1703.0,202.4465,1702.9,jimmy
1,"(0, 722, 308)",1702.0,119.5875,1701.9,jimmy
1,"(0, 723, 308)",1703.0,816.249,1702.9,jimmy
1,"(0, 718, 307)",1702.0,492.159,1701.9,jimmy
1,"(0, 719, 307)",1702.0,622.618,1701.9,jimmy
1,"(0, 720, 307)",1702.0,608.514,1701.9,jimmy
1,"(0, 721, 307)",1702.0,620.267,1701.9,jimmy
1,"(0, 722, 307)",1702.0,529.181,1701.9,jimmy
1,"(0, 716, 306)",1702.0,379.3295,1701.9,jimmy
1,"(0, 717, 306)",1702.0,659.052,1701.9,jimmy
1,"(0, 718, 306)",1702.0,166.8935,1701.9,jimmy
1,"(0, 715, 305)",1701.0,413.4135,1700.9,jimmy
1,"(0, 716, 305)",1701.0,404.305,1700.9,jimmy
1,"(0, 714, 304)",1701.0,385.206,1700.9,jimmy
1,"(0, 715, 304)",1701.0,432.512,1700.9,jimmy
1,"(0, 713, 303)",1701.0,443.384,1700.9,jimmy
1,"(0, 714, 303)",1701.0,442.2085,1700.9,jimmy
1,"(0, 712, 302)",1701.0,574.724,1700.9,jimmy
1,"(0, 713, 302)",1701.0,321.7395,1700.9,jimmy
1,"(0, 711, 301)",1701.0,618.2105,1700.9,jimmy
1,"(0, 712, 301)",1701.0,222.7205,1700.9,jimmy
1,"(0, 710, 300)",1700.0,596.467,1699.9,jimmy
1,"(0, 711, 300)",1701.0,204.209,1700.9,jimmy
1,"(0, 709, 299)",1701.0,398.722,1700.9,jimmy
1,"(0, 710, 299)",1701.0,329.0855,1700.9,jimmy
1,"(0, 708, 298)",1700.0,128.9895,1699.9,jimmy
1,"(0, 709, 298)",1701.0,598.818,1700.9,jimmy
1,"(0, 707, 297)",1700.0,104.602,1699.9,jimmy
1,"(0, 708, 297)",1701.0,726.3385,1700.9,jimmy
1,"(0, 706, 296)",1700.0,118.412,1699.9,jimmy
1,"(0, 707, 296)",1700.0,719.874,1699.9,jimmy
1,"(0, 706, 295)",1700.0,737.7975,1699.9,jimmy
1,"(0, 706, 294)",1700.0,595.292,1699.9,jimmy
1,"(0, 705, 293)",1700.0,517.134,1699.9,jimmy
1,"(0, 706, 293)",1700.0,93.4365,1699.9,jimmy
1,"(0, 705, 292)",1700.0,611.4525,1699.9,jimmy
1,"(0, 704, 291)",1700.0,337.6065,1699.9,jimmy
1,"(0, 705, 291)",1700.0,454.843,1699.9,jimmy
1,"(0, 703, 290)",1699.0,304.9915,1698.9,jimmy
1,"(0, 704, 290)",1700.0,497.448,1699.9,jimmy
1,"(0, 702, 289)",1699.0,131.3405,1698.9,jimmy
1,"(0, 703, 289)",1700.0,624.9685,1699.9,jimmy
1,"(0, 702, 288)",1699.0,631.1385,1698.9,jimmy
1,"(0, 702, 287)",1699.0,591.1785,1698.9,jimmy
1,"(0, 702, 286)",1699.0,591.1785,1698.9,jimmy
1,"(0, 702, 285)",1699.0,591.1785,1698.9,jimmy
1,"(0, 702, 284)",1699.0,591.1785,1698.9,jimmy
1,"(0, 702, 283)",1699.0,590.003,1698.9,jimmy
1,"(0, 702, 282)",1699.0,587.9465,1698.9,jimmy
1,"(0, 702, 281)",1698.0,588.534,1697.9,jimmy
1,"(0, 702, 280)",1698.0,595.8795,1697.9,jimmy
1,"(0, 702, 279)",1698.0,595.8795,1697.9,jimmy
1,"(0, 702, 278)",1698.0,627.319,1697.9,jimmy
1,"(0, 701, 277)",1698.0,295.883,1697.9,jimmy
1,"(0, 702, 277)",1698.0,68.4025,1697.9,jimmy
1,"(0, 701, 276)",1698.0,620.267,1697.9,jimmy
1,"(0, 701, 275)",1698.0,589.709,1697.9,jimmy
1,"(0, 701, 274)",1698.0,634.077,1697.9,jimmy
1,"(0, 701, 273)",1698.0,369.0455,1697.9,jimmy
1,"(0, 702, 273)",1698.0,545.3415,1697.9,jimmy
1,"(0, 702, 272)",1697.0,307.342,1696.9,jimmy
1,"(0, 703, 272)",1697.0,391.6705,1696.9,jimmy
1,"(0, 703, 271)",1697.0,607.339,1696.9,jimmy
1,"(0, 703, 270)",1697.0,588.8275,1696.9,jimmy
1,"(0, 703, 269)",1697.0,592.3535,1696.9,jimmy
1,"(0, 703, 268)",1697.0,602.05,1696.9,jimmy
1,"(0, 703, 267)",1697.0,617.9165,1696.9,jimmy
1,"(0, 702, 266)",1697.0,658.4645,1696.9,jimmy
1,"(0, 703, 266)",1697.0,20.274,1696.9,jimmy
1,"(0, 701, 265)",1697.0,161.6045,1696.9,jimmy
1,"(0, 702, 265)",1697.0,517.134,1696.9,jimmy
1,"(0, 701, 264)",1697.0,651.7065,1696.9,jimmy
1,"(0, 700, 263)",1697.0,29.3825,1696.9,jimmy
1,"(0, 701, 263)",1697.0,605.8695,1696.9,jimmy
1,"(0, 700, 262)",1697.0,618.798,1696.9,jimmy
1,"(0, 700, 261)",1697.0,582.3635,1696.9,jimmy
1,"(0, 701, 261)",1696.0,14.6915,1695.9,jimmy
1,"(0, 701, 260)",1696.0,597.055,1695.9,jimmy
1,"(0, 701, 259)",1696.0,771.0,1695.9,jimmy
1,"(0, 702, 259)",1696.0,6.1705,1695.9,jimmy
1,"(0, 702, 258)",1696.0,814.78,1695.9,jimmy
1,"(0, 713, 258)",1695.0,300.584,1694.9,jimmy
1,"(0, 714, 258)",1695.0,118.353,1694.9,jimmy
1,"(0, 715, 258)",1695.0,51.361,1694.9,jimmy
1,"(0, 702, 257)",1697.0,28.501,1696.9,jimmy
1,"(0, 703, 257)",1696.0,757.778,1695.9,jimmy
1,"(0, 704, 257)",1696.0,349.947,1695.9,jimmy
1,"(0, 711, 257)",1695.0,362.8755,1694.9,jimmy
1,"(0, 712, 257)",1695.0,601.756,1694.9,jimmy
1,"(0, 713, 257)",1695.0,611.4525,1694.9,jimmy
1,"(0, 715, 257)",1695.0,374.041,1694.9,jimmy
1,"(0, 716, 257)",1695.0,547.986,1694.9,jimmy
1,"(0, 704, 256)",1696.0,274.4335,1695.9,jimmy
1,"(0, 705, 256)",1696.0,633.1955,1695.9,jimmy
1,"(0, 706, 256)",1696.0,650.825,1695.9,jimmy
1,"(0, 707, 256)",1696.0,594.7045,1695.9,jimmy
1,"(0, 708, 256)",1696.0,594.7045,1695.9,jimmy
1,"(0, 709, 256)",1695.0,594.7045,1694.9,jimmy
1,"(0, 710, 256)",1695.0,614.3905,1694.9,jimmy
1,"(0, 711, 256)",1695.0,252.103,1694.9,jimmy
1,"(0, 716, 256)",1695.0,602.05,1694.9,jimmy
1,"(0, 716, 255)",1695.0,614.6845,1694.9,jimmy
1,"(0, 716, 254)",1694.0,216.256,1693.9,jimmy
1,"(0, 717, 254)",1694.0,398.4285,1693.9,jimmy
1,"(0, 717, 253)",1694.0,731.0395,1693.9,jimmy
1,"(0, 717, 252)",1694.0,70.5185,1693.9,jimmy
1,"(0, 718, 252)",1694.0,672.862,1693.9,jimmy
1,"(0, 718, 251)",1694.0,608.2205,1693.9,jimmy
1,"(0, 718, 250)",1694.0,593.235,1693.9,jimmy
1,"(0, 718, 249)",1694.0,599.4055,1693.9,jimmy
1,"(0, 718, 248)",1694.0,608.514,1693.9,jimmy
1,"(0, 718, 247)",1694.0,342.895,1693.9,jimmy
1,"(0, 719, 247)",1694.0,296.177,1693.9,jimmy
1,"(0, 719, 246)",1694.0,655.82,1693.9,jimmy
1,"(0, 719, 245)",1694.0,220.6635,1693.9,jimmy
1,"(0, 720, 245)",1693.0,697.8375,1692.9,jimmy
1,"(0, 721, 245)",1693.0,139.5675,1692.9,jimmy
1,"(0, 721, 244)",1694.0,528.5935,1693.9,jimmy
1,"(0, 722, 244)",1693.0,588.24,1692.9,jimmy
1,"(0, 723, 244)",1693.0,633.783,1692.9,jimmy
1,"(0, 724, 244)",1693.0,370.221,1692.9,jimmy
1,"(0, 724, 243)",1693.0,273.552,1692.9,jimmy
1,"(0, 725, 243)",1693.0,625.556,1692.9,jimmy
1,"(0, 726, 243)",1693.0,625.262,1692.9,jimmy
1,"(0, 726, 242)",1693.0,33.496,1692.9,jimmy
1,"(0, 727, 242)",1692.0,688.141,1691.9,jimmy
1,"(0, 728, 242)",1692.0,301.7595,1691.9,jimmy
1,"(0, 728, 241)",1692.0,543.5785,1691.9,jimmy
1,"(0, 729, 241)",1692.0,211.261,1691.9,jimmy
1,"(0, 729, 240)",1692.0,615.272,1691.9,jimmy
1,"(0, 729, 239)",1692.0,658.7585,1691.9,jimmy
1,"(0, 729, 238)",1692.0,101.37,1691.9,jimmy
1,"(0, 730, 238)",1692.0,632.608,1691.9,jimmy
1,"(0, 730, 237)",1692.0,348.7715,1691.9,jimmy
1,"(0, 731, 237)",1691.0,379.9175,1690.9,jimmy
1,"(0, 731, 236)",1691.0,632.608,1690.9,jimmy
1,"(0, 732, 236)",1691.0,88.4415,1690.9,jimmy
1,"(0, 732, 235)",1691.0,714.2915,1690.9,jimmy
1,"(0, 732, 234)",1691.0,279.7225,1690.9,jimmy
1,"(0, 733, 234)",1691.0,387.263,1690.9,jimmy
1,"(0, 733, 233)",1691.0,666.9855,1690.9,jimmy
1,"(0, 733, 232)",1691.0,190.987,1690.9,jimmy
1,"(0, 734, 232)",1691.0,475.7045,1690.9,jimmy
1,"(0, 734, 231)",1691.0,647.593,1690.9,jimmy
1,"(0, 734, 230)",1692.0,222.1325,1691.9,jimmy
1,"(0, 735, 230)",1690.0,473.9415,1689.9,jimmy
1,"(0, 735, 229)",1691.0,454.843,1690.9,jimmy
1,"(0, 736, 229)",1690.0,390.789,1689.9,jimmy
1,"(0, 736, 228)",1690.0,387.557,1689.9,jimmy
1,"(0, 737, 228)",1690.0,652.0005,1689.9,jimmy
1,"(0, 738, 228)",1690.0,93.7305,1689.9,jimmy
1,"(0, 738, 227)",1690.0,671.6865,1689.9,jimmy
1,"(0, 738, 226)",1690.0,441.9145,1689.9,jimmy
1,"(0, 739, 226)",1690.0,229.772,1689.9,jimmy
1,"(0, 739, 225)",1689.0,671.6865,1688.9,jimmy
1,"(0, 739, 224)",1689.0,314.688,1688.9,jimmy
1,"(0, 740, 224)",1689.0,346.1275,1688.9,jimmy
1,"(0, 740, 223)",1689.0,645.83,1688.9,jimmy
1,"(0, 740, 222)",1690.0,296.4705,1689.9,jimmy
1,"(0, 741, 222)",1689.0,559.739,1688.9,jimmy
1,"(0, 741, 221)",1689.0,201.8585,1688.9,jimmy
1,"(0, 742, 221)",1689.0,548.5735,1688.9,jimmy
1,"(0, 742, 220)",1689.0,604.988,1688.9,jimmy
1,"(0, 742, 219)",1689.0,679.62,1688.9,jimmy
1,"(0, 742, 218)",1689.0,30.558,1688.9,jimmy
1,"(0, 743, 218)",1688.0,704.5955,1687.9,jimmy
1,"(0, 743, 217)",1689.0,240.9375,1688.9,jimmy
1,"(0, 744, 217)",1688.0,545.6355,1687.9,jimmy
1,"(0, 744, 216)",1688.0,551.8055,1687.9,jimmy
1,"(0, 745, 216)",1688.0,107.5405,1687.9,jimmy
1,"(0, 745, 215)",1688.0,644.9485,1687.9,jimmy
1,"(0, 745, 214)",1688.0,617.035,1687.9,jimmy
1,"(0, 745, 213)",1687.0,299.7025,1686.9,jimmy
1,"(0, 746, 213)",1688.0,324.678,1687.9,jimmy
1,"(0, 746, 212)",1688.0,665.2225,1687.9,jimmy
1,"(0, 747, 212)",1688.0,180.703,1687.9,jimmy
1,"(0, 747, 211)",1688.0,637.309,1687.9,jimmy
1,"(0, 748, 211)",1688.0,208.6165,1687.9,jimmy
1,"(0, 748, 210)",1688.0,609.102,1687.9,jimmy
1,"(0, 749, 210)",1688.0,236.53,1687.9,jimmy
1,"(0, 749, 209)",1688.0,581.1885,1687.9,jimmy
1,"(0, 750, 209)",1688.0,379.9175,1687.9,jimmy
1,"(0, 750, 208)",1688.0,278.2535,1687.9,jimmy
1,"(0, 751, 208)",1688.0,602.6375,1687.9,jimmy
1,"(0, 752, 208)",1688.0,602.6375,1687.9,jimmy
1,"(0, 753, 208)",1688.0,602.6375,1687.9,jimmy
1,"(0, 754, 208)",1688.0,599.6995,1687.9,jimmy
1,"(0, 754, 207)",1688.0,2.9385,1687.9,jimmy
1,"(0, 755, 207)",1688.0,602.6375,1687.9,jimmy
1,"(0, 756, 207)",1688.0,602.6375,1687.9,jimmy
1,"(0, 757, 207)",1688.0,651.119,1687.9,jimmy
1,"(0, 758, 207)",1688.0,113.123,1687.9,jimmy
1,"(0, 758, 206)",1688.0,552.3935,1687.9,jimmy
1,"(0, 759, 206)",1688.0,665.2225,1687.9,jimmy
1,"(0, 760, 206)",1687.0,37.9035,1686.9,jimmy
1,"(0, 760, 205)",1688.0,627.319,1687.9,jimmy
1,"(0, 761, 205)",1688.0,628.2005,1687.9,jimmy
1,"(0, 761, 204)",1688.0,37.022,1687.9,jimmy
1,"(0, 762, 204)",1687.0,619.6795,1686.9,jimmy
1,"(0, 763, 204)",1687.0,588.24,1686.9,jimmy
1,"(0, 764, 204)",1687.0,588.24,1686.9,jimmy
1,"(0, 765, 204)",1687.0,676.682,1686.9,jimmy
1,"(0, 766, 204)",1688.0,426.342,1687.9,jimmy
1,"(0, 766, 203)",1688.0,615.272,1687.9,jimmy
1,"(0, 767, 203)",1688.0,96.9625,1687.9,jimmy
1,"(0, 767, 202)",1688.0,741.0295,1687.9,jimmy
1,"(0, 768, 202)",1687.0,674.625,1686.9,jimmy
1,"(0, 769, 202)",1687.0,537.996,1686.9,jimmy
1,"(0, 769, 201)",1687.0,85.2095,1686.9,jimmy
1,"(0, 770, 201)",1687.0,623.2055,1686.9,jimmy
1,"(0, 771, 201)",1687.0,623.2055,1686.9,jimmy
1,"(0, 772, 201)",1687.0,304.404,1686.9,jimmy
1,"(0, 772, 200)",1687.0,430.1615,1686.9,jimmy
1,"(0, 773, 200)",1687.0,472.7665,1686.9,jimmy
1,"(0, 773, 199)",1686.0,301.7595,1685.9,jimmy
1,"(0, 774, 199)",1686.0,601.1685,1685.9,jimmy
1,"(0, 774, 198)",1686.0,156.0215,1685.9,jimmy
1,"(0, 775, 198)",1686.0,609.6895,1685.9,jimmy
1,"(0, 776, 198)",1686.0,609.6895,1685.9,jimmy
1,"(0, 777, 198)",1686.0,597.6425,1685.9,jimmy
1,"(0, 778, 198)",1686.0,591.472,1685.9,jimmy
1,"(0, 779, 198)",1686.0,126.639,1685.9,jimmy
1,"(0, 779, 197)",1686.0,654.057,1685.9,jimmy
1,"(0, 780, 197)",1686.0,185.1105,1685.9,jimmy
1,"(0, 780, 196)",1685.0,638.778,1684.9,jimmy
1,"(0, 781, 196)",1685.0,200.3895,1684.9,jimmy
1,"(0, 781, 195)",1685.0,585.302,1684.9,jimmy
1,"(0, 782, 195)",1685.0,359.6435,1684.9,jimmy
1,"(0, 782, 194)",1685.0,364.3445,1684.9,jimmy
1,"(0, 783, 194)",1685.0,664.0475,1684.9,jimmy
1,"(0, 784, 194)",1684.0,213.024,1683.9,jimmy
1,"(0, 786, 193)",1684.0,109.3035,1683.9,jimmy
1,"(0, 784, 193)",1684.0,433.9815,1683.9,jimmy
1,"(0, 785, 193)",1684.0,690.198,1683.9,jimmy
1,"(0, 786, 192)",1684.0,756.015,1683.9,jimmy
1,"(0, 786, 191)",1684.0,592.6475,1683.9,jimmy
1,"(0, 786, 190)",1684.0,632.608,1683.9,jimmy
1,"(0, 785, 189)",1684.0,78.4515,1683.9,jimmy
1,"(0, 786, 189)",1684.0,672.2745,1683.9,jimmy
1,"(0, 785, 188)",1684.0,728.983,1683.9,jimmy
1,"(0, 785, 187)",1683.0,604.4005,1682.9,jimmy
1,"(0, 785, 186)",1683.0,587.9465,1682.9,jimmy
1,"(0, 786, 186)",1683.0,51.4195,1682.9,jimmy
1,"(0, 786, 185)",1683.0,808.61,1682.9,jimmy
1,"(0, 787, 185)",1685.0,49.9505,1684.9,jimmy
1,"(0, 786, 184)",1683.0,270.614,1682.9,jimmy
1,"(0, 787, 184)",1684.0,356.1175,1683.9,jimmy
1,"(0, 786, 183)",1683.0,641.7165,1682.9,jimmy
1,"(0, 785, 182)",1683.0,194.807,1682.9,jimmy
1,"(0, 786, 182)",1682.0,508.907,1681.9,jimmy
1,"(0, 785, 181)",1683.0,607.6325,1682.9,jimmy
1,"(0, 785, 180)",1682.0,604.988,1681.9,jimmy
1,"(0, 785, 179)",1682.0,82.859,1681.9,jimmy
1,"(0, 786, 179)",1682.0,525.655,1681.9,jimmy
1,"(0, 786, 178)",1682.0,605.576,1681.9,jimmy
1,"(0, 786, 177)",1682.0,608.808,1681.9,jimmy
1,"(0, 785, 176)",1681.0,611.746,1680.9,jimmy
1,"(0, 786, 176)",1682.0,185.992,1681.9,jimmy
1,"(0, 784, 175)",1681.0,684.909,1680.9,jimmy
1,"(0, 785, 175)",1682.0,257.9795,1681.9,jimmy
1,"(0, 782, 174)",1681.0,155.14,1680.9,jimmy
1,"(0, 783, 174)",1681.0,747.494,1680.9,jimmy
1,"(0, 784, 174)",1681.0,38.1975,1680.9,jimmy
1,"(0, 781, 173)",1681.0,182.76,1680.9,jimmy
1,"(0, 782, 173)",1681.0,662.872,1680.9,jimmy
1,"(0, 780, 172)",1681.0,245.345,1680.9,jimmy
1,"(0, 781, 172)",1681.0,622.03,1680.9,jimmy
1,"(0, 779, 171)",1681.0,209.2045,1680.9,jimmy
1,"(0, 780, 171)",1680.0,578.8375,1679.9,jimmy
1,"(0, 779, 170)",1680.0,678.7385,1679.9,jimmy
1,"(0, 777, 169)",1682.0,269.4385,1681.9,jimmy
1,"(0, 778, 169)",1680.0,635.546,1679.9,jimmy
1,"(0, 779, 169)",1680.0,255.041,1679.9,jimmy
1,"(0, 776, 168)",1682.0,568.8475,1681.9,jimmy
1,"(0, 777, 168)",1681.0,445.1465,1680.9,jimmy
1,"(0, 775, 167)",1682.0,585.5955,1681.9,jimmy
1,"(0, 776, 167)",1682.0,197.1575,1681.9,jimmy
1,"(0, 774, 166)",1682.0,403.1295,1681.9,jimmy
1,"(0, 775, 166)",1682.0,304.9915,1681.9,jimmy
1,"(0, 774, 165)",1682.0,8.815,1681.9,jimmy
1,"(0, 775, 165)",1682.0,606.751,1681.9,jimmy
1,"(0, 775, 164)",1680.0,640.2475,1679.9,jimmy
1,"(0, 774, 163)",1682.0,503.618,1681.9,jimmy
1,"(0, 775, 163)",1679.0,137.217,1678.9,jimmy
1,"(0, 774, 162)",1680.0,611.4525,1679.9,jimmy
1,"(0, 774, 161)",1679.0,611.4525,1678.9,jimmy
1,"(0, 774, 160)",1678.0,595.8795,1677.9,jimmy
1,"(0, 774, 159)",1678.0,689.3165,1677.9,jimmy
1,"(0, 775, 158)",1678.0,955.523,1677.9,jimmy
1,"(0, 774, 158)",1678.0,341.426,1677.9,jimmy
1,"(0, 775, 157)",1678.0,1222.317,1677.9,jimmy
1,"(0, 775, 156)",1678.0,189.224,1677.9,jimmy
1,"(0, 774, 156)",1678.0,555.3315,1677.9,jimmy
1,"(0, 774, 155)",1677.0,649.9435,1676.9,jimmy
1,"(0, 774, 154)",1677.0,603.519,1676.9,jimmy
1,"(0, 774, 153)",1677.0,588.534,1676.9,jimmy
1,"(0, 774, 152)",1677.0,808.61,1676.9,jimmy
1,"(0, 775, 151)",1677.0,1387.4475,1676.9,jimmy
1,"(0, 774, 151)",1677.0,92.2615,1676.9,jimmy
1,"(0, 775, 150)",1677.0,639.9535,1676.9,jimmy
1,"(0, 774, 149)",1677.0,411.9445,1676.9,jimmy
1,"(0, 775, 149)",1676.0,200.0955,1675.9,jimmy
1,"(0, 774, 148)",1677.0,590.003,1676.9,jimmy
1,"(0, 774, 147)",1676.0,434.863,1675.9,jimmy
1,"(0, 775, 147)",1676.0,157.197,1675.9,jimmy
1,"(0, 793, 147)",1674.0,168.3625,1673.9,jimmy
1,"(0, 794, 147)",1674.0,602.9315,1673.9,jimmy
1,"(0, 795, 147)",1673.0,602.9315,1672.9,jimmy
1,"(0, 796, 147)",1674.0,602.9315,1673.9,jimmy
1,"(0, 797, 147)",1674.0,623.499,1673.9,jimmy
1,"(0, 798, 147)",1673.0,627.9065,1672.9,jimmy
1,"(0, 799, 147)",1674.0,163.3675,1673.9,jimmy
1,"(0, 775, 146)",1676.0,591.472,1675.9,jimmy
1,"(0, 790, 146)",1674.0,14.3975,1673.9,jimmy
1,"(0, 791, 146)",1674.0,630.257,1673.9,jimmy
1,"(0, 792, 146)",1674.0,630.257,1673.9,jimmy
1,"(0, 793, 146)",1674.0,443.9715,1673.9,jimmy
1,"(0, 799, 146)",1673.0,464.2455,1672.9,jimmy
1,"(0, 800, 146)",1673.0,589.709,1672.9,jimmy
1,"(0, 775, 145)",1676.0,588.8275,1675.9,jimmy
1,"(0, 788, 145)",1674.0,278.841,1673.9,jimmy
1,"(0, 789, 145)",1675.0,637.8965,1674.9,jimmy
1,"(0, 790, 145)",1675.0,615.86,1674.9,jimmy
1,"(0, 800, 145)",1673.0,361.4065,1672.9,jimmy
1,"(0, 801, 145)",1673.0,353.179,1672.9,jimmy
1,"(0, 775, 144)",1676.0,605.282,1675.9,jimmy
1,"(0, 786, 144)",1675.0,353.473,1674.9,jimmy
1,"(0, 787, 144)",1675.0,650.2375,1674.9,jimmy
1,"(0, 788, 144)",1676.0,371.3965,1675.9,jimmy
1,"(0, 801, 144)",1673.0,616.741,1672.9,jimmy
1,"(0, 775, 143)",1677.0,863.5555,1676.9,jimmy
1,"(0, 780, 143)",1675.0,362.2875,1674.9,jimmy
1,"(0, 781, 143)",1675.0,600.8745,1674.9,jimmy
1,"(0, 782, 143)",1675.0,593.235,1674.9,jimmy
1,"(0, 783, 143)",1675.0,591.1785,1674.9,jimmy
1,"(0, 784, 143)",1675.0,618.2105,1674.9,jimmy
1,"(0, 785, 143)",1675.0,629.376,1674.9,jimmy
1,"(0, 786, 143)",1675.0,289.419,1674.9,jimmy
1,"(0, 801, 143)",1673.0,594.1165,1672.9,jimmy
1,"(0, 775, 142)",1677.0,4.1135,1676.9,jimmy
1,"(0, 776, 142)",1677.0,600.287,1676.9,jimmy
1,"(0, 777, 142)",1676.0,609.983,1675.9,jimmy
1,"(0, 778, 142)",1675.0,595.5855,1674.9,jimmy
1,"(0, 779, 142)",1675.0,598.818,1674.9,jimmy
1,"(0, 780, 142)",1675.0,238.8805,1674.9,jimmy
1,"(0, 801, 142)",1673.0,609.3955,1672.9,jimmy
1,"(0, 801, 141)",1672.0,612.6275,1671.9,jimmy
1,"(0, 801, 140)",1672.0,668.161,1671.9,jimmy
1,"(0, 801, 139)",1672.0,307.342,1671.9,jimmy
1,"(0, 802, 139)",1672.0,499.5045,1671.9,jimmy
1,"(0, 802, 138)",1672.0,309.399,1671.9,jimmy
1,"(0, 803, 138)",1673.0,429.868,1672.9,jimmy
1,"(0, 802, 137)",1672.0,614.3905,1671.9,jimmy
1,"(0, 802, 136)",1672.0,614.3905,1671.9,jimmy
1,"(0, 802, 135)",1672.0,614.3905,1671.9,jimmy
1,"(0, 802, 134)",1672.0,303.2285,1671.9,jimmy
1,"(0, 801, 134)",1672.0,475.9985,1671.9,jimmy
1,"(0, 801, 133)",1672.0,250.9275,1671.9,jimmy
1,"(0, 802, 133)",1672.0,1530.247,1671.9,jimmy
1,"(0, 802, 132)",1671.0,34.6715,1670.9,jimmy
1,"(0, 803, 132)",1672.0,1292.2475,1671.9,jimmy
1,"(0, 0, 369)",1842.0,2816.387,1841.94,sand
1,"(0, 0, 368)",1842.0,1049.0395,1841.94,sand
1,"(0, 1, 368)",1842.0,3865.427,1841.94,sand
1,"(0, 2, 368)",1842.0,2694.0855,1841.94,sand
1,"(0, 2, 367)",1841.0,1171.3415,1840.94,sand
1,"(0, 3, 367)",1841.0,3865.427,1840.94,sand
1,"(0, 4, 367)",1841.0,2571.7835,1840.94,sand
1,"(0, 4, 366)",1841.0,1295.366,1840.94,sand
1,"(0, 5, 366)",1841.0,3865.427,1840.94,sand
1,"(0, 6, 366)",1841.0,2447.759,1840.94,sand
1,"(0, 6, 365)",1841.0,1417.6675,1840.94,sand
1,"(0, 7, 365)",1841.0,3865.427,1840.94,sand
1,"(0, 8, 365)",1840.0,2325.4575,1839.94,sand
1,"(0, 8, 364)",1840.0,1539.9695,1839.94,sand
1,"(0, 9, 364)",1840.0,3865.427,1839.94,sand
1,"(0, 10, 364)",1840.0,2179.0395,1839.94,sand
1,"(0, 10, 363)",1840.0,1813.8565,1839.94,sand
1,"(0, 11, 363)",1839.0,4142.759,1838.94,sand
1,"(0, 12, 363)",1839.0,256.6615,1838.94,sand
1,"(0, 12, 362)",1839.0,3886.0975,1838.94,sand
1,"(0, 13, 362)",1838.0,2327.18,1837.94,sand
1,"(0, 13, 361)",1838.0,1815.5795,1837.94,sand
1,"(0, 14, 361)",1837.0,4142.759,1836.94,sand
1,"(0, 15, 361)",1837.0,254.939,1836.94,sand
1,"(0, 15, 360)",1837.0,3886.0975,1836.94,sand
1,"(0, 16, 360)",1836.0,1700.1675,1835.94,sand
1,"(0, 16, 359)",1836.0,3779.299,1835.94,sand
1,"(0, 17, 359)",1835.0,621.8445,1834.94,sand
1,"(0, 17, 358)",1835.0,4401.1435,1834.94,sand
1,"(0, 17, 357)",1835.0,518.491,1834.94,sand
1,"(0, 18, 357)",1834.0,3882.6525,1833.94,sand
1,"(0, 18, 356)",1834.0,1658.826,1833.94,sand
1,"(0, 19, 356)",1834.0,2742.317,1833.94,sand
1,"(0, 19, 355)",1834.0,2799.1615,1833.94,sand
1,"(0, 20, 355)",1833.0,1601.9815,1832.94,sand
1,"(0, 20, 354)",1833.0,3939.497,1832.94,sand
1,"(0, 21, 354)",1833.0,461.6465,1832.94,sand
1,"(0, 21, 353)",1833.0,4147.927,1832.94,sand
1,"(0, 21, 352)",1833.0,1837.9725,1832.94,sand
1,"(0, 22, 352)",1833.0,2084.299,1832.94,sand
1,"(0, 22, 351)",1832.0,3923.994,1831.94,sand
1,"(0, 22, 350)",1832.0,1204.07,1831.94,sand
1,"(0, 23, 350)",1832.0,2718.201,1831.94,sand
1,"(0, 23, 349)",1831.0,3923.994,1830.94,sand
1,"(0, 23, 348)",1831.0,570.1675,1830.94,sand
1,"(0, 24, 348)",1831.0,3352.1035,1830.94,sand
1,"(0, 24, 347)",1831.0,3860.259,1830.94,sand
1,"(0, 25, 347)",1831.0,63.735,1830.94,sand
1,"(0, 25, 346)",1830.0,3923.994,1829.94,sand
1,"(0, 25, 345)",1830.0,3226.3565,1829.94,sand
1,"(0, 26, 345)",1830.0,697.637,1829.94,sand
1,"(0, 26, 344)",1830.0,3923.994,1829.94,sand
1,"(0, 26, 343)",1829.0,2592.4545,1828.94,sand
1,"(0, 27, 343)",1830.0,1331.5395,1829.94,sand
1,"(0, 27, 342)",1829.0,3923.994,1828.94,sand
1,"(0, 27, 341)",1829.0,1958.552,1828.94,sand
1,"(0, 28, 341)",1829.0,1963.7195,1828.94,sand
1,"(0, 28, 340)",1828.0,3923.994,1827.94,sand
1,"(0, 28, 339)",1828.0,1324.6495,1827.94,sand
1,"(0, 29, 339)",1828.0,2597.622,1827.94,sand
1,"(0, 29, 338)",1828.0,3923.994,1827.94,sand
1,"(0, 29, 337)",1827.0,692.4695,1826.94,sand
1,"(0, 30, 337)",1828.0,3231.5245,1827.94,sand
1,"(0, 30, 336)",1827.0,3923.994,1826.94,sand
1,"(0, 30, 335)",1827.0,58.567,1826.94,sand
1,"(0, 31, 335)",1827.0,3865.427,1826.94,sand
1,"(0, 31, 334)",1826.0,3662.1645,1825.94,sand
1,"(0, 31, 333)",1826.0,1229.9085,1825.94,sand
1,"(0, 32, 333)",1827.0,2396.0825,1826.94,sand
1,"(0, 32, 332)",1826.0,3625.991,1825.94,sand
1,"(0, 32, 331)",1826.0,3625.991,1825.94,sand
1,"(0, 32, 330)",1825.0,1431.448,1824.94,sand
1,"(0, 33, 330)",1826.0,2194.5425,1825.94,sand
1,"(0, 33, 329)",1825.0,3625.991,1824.94,sand
1,"(0, 33, 328)",1825.0,3625.991,1824.94,sand
1,"(0, 33, 327)",1824.0,1632.988,1823.94,sand
1,"(0, 34, 327)",1825.0,1994.7255,1824.94,sand
1,"(0, 34, 326)",1824.0,3625.991,1823.94,sand
1,"(0, 34, 325)",1824.0,3625.991,1823.94,sand
1,"(0, 34, 324)",1823.0,1834.5275,1822.94,sand
1,"(0, 35, 324)",1824.0,1793.186,1823.94,sand
1,"(0, 35, 323)",1823.0,3625.991,1822.94,sand
1,"(0, 35, 322)",1822.0,3625.991,1821.94,sand
1,"(0, 35, 321)",1822.0,2036.067,1821.94,sand
1,"(0, 36, 321)",1822.0,1591.6465,1821.94,sand
1,"(0, 36, 320)",1822.0,3625.991,1821.94,sand
1,"(0, 36, 319)",1822.0,3619.1005,1821.94,sand
1,"(0, 36, 318)",1822.0,2871.509,1821.94,sand
1,"(0, 37, 318)",1822.0,689.0245,1821.94,sand
1,"(0, 37, 317)",1822.0,3560.5335,1821.94,sand
1,"(0, 37, 316)",1822.0,3560.5335,1821.94,sand
1,"(0, 37, 315)",1822.0,3560.5335,1821.94,sand
1,"(0, 37, 314)",1822.0,2354.741,1821.94,sand
1,"(0, 38, 314)",1822.0,1205.7925,1821.94,sand
1,"(0, 38, 313)",1822.0,3560.5335,1821.94,sand
1,"(0, 38, 312)",1822.0,3560.5335,1821.94,sand
1,"(0, 38, 311)",1822.0,3560.5335,1821.94,sand
1,"(0, 38, 310)",1822.0,1839.695,1821.94,sand
1,"(0, 39, 310)",1822.0,1720.8385,1821.94,sand
1,"(0, 39, 309)",1822.0,3560.5335,1821.94,sand
1,"(0, 39, 308)",1821.0,3560.5335,1820.94,sand
1,"(0, 39, 307)",1821.0,3560.5335,1820.94,sand
1,"(0, 39, 306)",1821.0,1322.927,1820.94,sand
1,"(0, 40, 306)",1821.0,2237.6065,1820.94,sand
1,"(0, 40, 305)",1820.0,3560.5335,1819.94,sand
1,"(0, 40, 304)",1819.0,3560.5335,1818.94,sand
1,"(0, 40, 303)",1819.0,3560.5335,1818.94,sand
1,"(0, 40, 302)",1818.0,807.881,1817.94,sand
1,"(0, 41, 302)",1818.0,2752.6525,1817.94,sand
1,"(0, 41, 301)",1817.0,3560.5335,1816.94,sand
1,"(0, 41, 300)",1816.0,3798.247,1815.94,sand
1,"(0, 41, 299)",1816.0,652.8505,1815.94,sand
1,"(0, 42, 299)",1816.0,3178.125,1815.94,sand
1,"(0, 42, 298)",1815.0,3830.9755,1814.94,sand
1,"(0, 42, 297)",1815.0,892.2865,1814.94,sand
1,"(0, 43, 297)",1815.0,2938.689,1814.94,sand
1,"(0, 43, 296)",1814.0,3830.9755,1813.94,sand
1,"(0, 43, 295)",1814.0,1131.7225,1813.94,sand
1,"(0, 44, 295)",1815.0,2697.5305,1814.94,sand
1,"(0, 44, 294)",1814.0,3830.9755,1813.94,sand
1,"(0, 44, 293)",1813.0,1372.881,1812.94,sand
1,"(0, 45, 293)",1815.0,2458.0945,1814.94,sand
1,"(0, 45, 292)",1814.0,3830.9755,1813.94,sand
1,"(0, 45, 291)",1813.0,1612.317,1812.94,sand
1,"(0, 46, 291)",1815.0,2216.936,1814.94,sand
1,"(0, 46, 290)",1815.0,3830.9755,1814.94,sand
1,"(0, 46, 289)",1813.0,1853.4755,1812.94,sand
1,"(0, 47, 289)",1815.0,1977.5,1814.94,sand
1,"(0, 47, 288)",1814.0,3829.253,1813.94,sand
1,"(0, 47, 287)",1812.0,2092.9115,1811.94,sand
1,"(0, 48, 287)",1814.0,1746.677,1813.94,sand
1,"(0, 48, 286)",1812.0,3877.485,1811.94,sand
1,"(0, 48, 285)",1809.0,1943.049,1808.94,sand
1,"(0, 49, 285)",1811.0,1934.436,1810.94,sand
1,"(0, 49, 284)",1809.0,3877.485,1808.94,sand
1,"(0, 49, 283)",1809.0,1712.2255,1808.94,sand
1,"(0, 50, 283)",1810.0,2165.259,1809.94,sand
1,"(0, 50, 282)",1809.0,3877.485,1808.94,sand
1,"(0, 50, 281)",1809.0,1479.68,1808.94,sand
1,"(0, 51, 281)",1809.0,2396.0825,1808.94,sand
1,"(0, 51, 280)",1809.0,3877.485,1808.94,sand
1,"(0, 51, 279)",1808.0,1248.8565,1807.94,sand
1,"(0, 52, 279)",1808.0,2626.9055,1807.94,sand
1,"(0, 52, 278)",1808.0,3877.485,1807.94,sand
1,"(0, 52, 277)",1808.0,1012.866,1807.94,sand
1,"(0, 53, 277)",1808.0,2935.244,1807.94,sand
1,"(0, 53, 276)",1807.0,3968.7805,1806.94,sand
1,"(0, 53, 275)",1807.0,43.064,1806.94,sand
1,"(0, 54, 275)",1807.0,3927.439,1806.94,sand
1,"(0, 54, 274)",1807.0,3019.6495,1806.94,sand
1,"(0, 55, 274)",1807.0,949.131,1806.94,sand
1,"(0, 55, 273)",1806.0,3968.7805,1805.94,sand
1,"(0, 55, 272)",1806.0,2027.4545,1805.94,sand
1,"(0, 56, 272)",1806.0,1941.326,1805.94,sand
1,"(0, 56, 271)",1806.0,3968.7805,1805.94,sand
1,"(0, 56, 270)",1806.0,1035.259,1805.94,sand
1,"(0, 57, 270)",1805.0,2923.186,1804.94,sand
1,"(0, 57, 269)",1805.0,3758.628,1804.94,sand
1,"(0, 57, 268)",1805.0,1290.198,1804.94,sand
1,"(0, 58, 268)",1805.0,2468.43,1804.94,sand
1,"(0, 58, 267)",1805.0,3758.628,1804.94,sand
1,"(0, 58, 266)",1805.0,2413.308,1804.94,sand
1,"(0, 59, 266)",1804.0,1345.32,1803.94,sand
1,"(0, 59, 265)",1804.0,3758.628,1803.94,sand
1,"(0, 59, 264)",1804.0,3536.4175,1803.94,sand
1,"(0, 60, 264)",1804.0,222.2105,1803.94,sand
1,"(0, 60, 263)",1804.0,3758.628,1803.94,sand
1,"(0, 60, 262)",1804.0,3758.628,1803.94,sand
1,"(0, 60, 261)",1804.0,900.8995,1803.94,sand
1,"(0, 61, 261)",1803.0,2857.7285,1802.94,sand
1,"(0, 61, 260)",1803.0,3758.628,1802.94,sand
1,"(0, 61, 259)",1803.0,2024.009,1802.94,sand
1,"(0, 62, 259)",1802.0,1732.8965,1801.94,sand
1,"(0, 62, 258)",1802.0,3758.628,1801.94,sand
1,"(0, 62, 257)",1802.0,3148.8415,1801.94,sand
1,"(0, 63, 257)",1802.0,609.7865,1801.94,sand
1,"(0, 63, 256)",1802.0,3758.628,1801.94,sand
1,"(0, 63, 255)",1801.0,3758.628,1800.94,sand
1,"(0, 63, 254)",1802.0,513.323,1801.94,sand
1,"(0, 64, 254)",1801.0,3245.305,1800.94,sand
1,"(0, 64, 253)",1801.0,3758.628,1800.94,sand
1,"(0, 64, 252)",1801.0,1636.433,1800.94,sand
1,"(0, 65, 252)",1800.0,2132.5305,1799.94,sand
1,"(0, 65, 251)",1800.0,3796.5245,1799.94,sand
1,"(0, 65, 250)",1800.0,2339.238,1799.94,sand
1,"(0, 66, 250)",1799.0,1457.2865,1798.94,sand
1,"(0, 66, 249)",1799.0,3796.5245,1798.94,sand
1,"(0, 66, 248)",1799.0,2969.695,1798.94,sand
1,"(0, 67, 248)",1798.0,826.8295,1797.94,sand
1,"(0, 67, 247)",1798.0,3796.5245,1797.94,sand
1,"(0, 67, 246)",1798.0,3600.1525,1797.94,sand
1,"(0, 68, 246)",1797.0,196.372,1796.94,sand
1,"(0, 68, 245)",1797.0,3796.5245,1796.94,sand
1,"(0, 68, 244)",1797.0,3736.235,1796.94,sand
1,"(0, 68, 243)",1797.0,1369.436,1796.94,sand
1,"(0, 69, 243)",1797.0,2197.988,1796.94,sand
1,"(0, 69, 242)",1797.0,3567.424,1796.94,sand
1,"(0, 69, 241)",1797.0,3567.424,1796.94,sand
1,"(0, 69, 240)",1797.0,3567.424,1796.94,sand
1,"(0, 69, 239)",1798.0,411.692,1797.94,sand
1,"(0, 70, 239)",1797.0,3155.7315,1796.94,sand
1,"(0, 70, 238)",1797.0,3567.424,1796.94,sand
1,"(0, 70, 237)",1797.0,3567.424,1796.94,sand
1,"(0, 70, 236)",1796.0,3023.0945,1795.94,sand
1,"(0, 71, 236)",1796.0,544.3295,1795.94,sand
1,"(0, 71, 235)",1796.0,3567.424,1795.94,sand
1,"(0, 71, 234)",1795.0,3567.424,1794.94,sand
1,"(0, 71, 233)",1795.0,3567.424,1794.94,sand
1,"(0, 71, 232)",1795.0,2067.073,1794.94,sand
1,"(0, 72, 232)",1795.0,1500.3505,1794.94,sand
1,"(0, 72, 231)",1794.0,3567.424,1793.94,sand
1,"(0, 72, 230)",1794.0,3567.424,1793.94,sand
1,"(0, 72, 229)",1794.0,3567.424,1793.94,sand
1,"(0, 72, 228)",1794.0,1112.7745,1793.94,sand
1,"(0, 73, 228)",1794.0,2456.372,1793.94,sand
1,"(0, 73, 227)",1794.0,3567.424,1793.94,sand
1,"(0, 73, 226)",1794.0,3567.424,1793.94,sand
1,"(0, 73, 225)",1793.0,3567.424,1792.94,sand
1,"(0, 73, 224)",1793.0,156.753,1792.94,sand
1,"(0, 74, 224)",1793.0,3410.6705,1792.94,sand
1,"(0, 74, 223)",1793.0,3605.32,1792.94,sand
1,"(0, 74, 222)",1792.0,3688.003,1791.94,sand
1,"(0, 74, 221)",1792.0,590.8385,1791.94,sand
1,"(0, 75, 221)",1792.0,3097.1645,1791.94,sand
1,"(0, 75, 220)",1792.0,3688.003,1791.94,sand
1,"(0, 75, 219)",1792.0,2904.238,1791.94,sand
1,"(0, 76, 219)",1791.0,783.765,1790.94,sand
1,"(0, 76, 218)",1791.0,3688.003,1790.94,sand
1,"(0, 76, 217)",1791.0,3688.003,1790.94,sand
1,"(0, 76, 216)",1790.0,1529.634,1789.94,sand
1,"(0, 77, 216)",1790.0,2158.369,1789.94,sand
1,"(0, 77, 215)",1790.0,3688.003,1789.94,sand
1,"(0, 77, 214)",1789.0,3688.003,1788.94,sand
1,"(0, 77, 213)",1789.0,155.0305,1788.94,sand
1,"(0, 78, 213)",1789.0,3532.9725,1788.94,sand
1,"(0, 78, 212)",1788.0,3688.003,1787.94,sand
1,"(0, 78, 211)",1788.0,2468.43,1787.94,sand
1,"(0, 79, 211)",1788.0,1219.573,1787.94,sand
1,"(0, 79, 210)",1787.0,3688.003,1786.94,sand
1,"(0, 79, 209)",1787.0,3688.003,1786.94,sand
1,"(0, 79, 208)",1787.0,1093.826,1786.94,sand
1,"(0, 80, 208)",1786.0,2594.177,1785.94,sand
1,"(0, 80, 207)",1786.0,3688.003,1785.94,sand
1,"(0, 80, 206)",1786.0,3407.2255,1785.94,sand
1,"(0, 81, 206)",1785.0,279.055,1784.94,sand
1,"(0, 81, 205)",1785.0,3688.003,1784.94,sand
1,"(0, 81, 204)",1785.0,3688.003,1784.94,sand
1,"(0, 81, 203)",1785.0,2034.3445,1784.94,sand
1,"(0, 82, 203)",1784.0,1653.6585,1783.94,sand
1,"(0, 82, 202)",1784.0,3688.003,1783.94,sand
1,"(0, 82, 201)",1784.0,3688.003,1783.94,sand
1,"(0, 82, 200)",1783.0,661.4635,1782.94,sand
1,"(0, 83, 200)",1783.0,3026.5395,1782.94,sand
1,"(0, 83, 199)",1783.0,3688.003,1782.94,sand
1,"(0, 83, 198)",1783.0,2974.863,1782.94,sand
1,"(0, 84, 198)",1783.0,713.14,1782.94,sand
1,"(0, 84, 197)",1782.0,3688.003,1781.94,sand
1,"(0, 84, 196)",1782.0,3688.003,1781.94,sand
1,"(0, 84, 195)",1782.0,1601.9815,1781.94,sand
1,"(0, 85, 195)",1782.0,2086.0215,1781.94,sand
1,"(0, 85, 194)",1781.0,3688.003,1780.94,sand
1,"(0, 85, 193)",1781.0,3688.003,1780.94,sand
1,"(0, 85, 192)",1781.0,229.1005,1780.94,sand
1,"(0, 86, 192)",1781.0,3457.18,1780.94,sand
1,"(0, 86, 191)",1780.0,3596.7075,1779.94,sand
1,"(0, 86, 190)",1780.0,3489.9085,1779.94,sand
1,"(0, 86, 189)",1779.0,3489.9085,1778.94,sand
1,"(0, 86, 188)",1779.0,1067.988,1778.94,sand
1,"(0, 87, 188)",1779.0,2421.9205,1778.94,sand
1,"(0, 87, 187)",1779.0,3489.9085,1778.94,sand
1,"(0, 87, 186)",1779.0,3489.9085,1778.94,sand
1,"(0, 87, 185)",1779.0,3526.0825,1778.94,sand
1,"(0, 87, 184)",1779.0,3536.4175,1778.94,sand
1,"(0, 86, 183)",1779.0,2740.5945,1778.94,sand
1,"(0, 87, 183)",1779.0,797.5455,1778.94,sand
1,"(0, 86, 182)",1779.0,3536.4175,1778.94,sand
1,"(0, 86, 181)",1778.0,3536.4175,1777.94,sand
1,"(0, 86, 180)",1778.0,3536.4175,1777.94,sand
1,"(0, 85, 179)",1778.0,1579.5885,1777.94,sand
1,"(0, 86, 179)",1778.0,1958.552,1777.94,sand
1,"(0, 85, 178)",1778.0,3538.14,1777.94,sand
1,"(0, 85, 177)",1778.0,3722.4545,1777.94,sand
1,"(0, 84, 176)",1777.0,1400.442,1776.94,sand
1,"(0, 85, 176)",1778.0,2330.625,1777.94,sand
1,"(0, 84, 175)",1778.0,3731.067,1777.94,sand
1,"(0, 84, 174)",1778.0,3731.067,1777.94,sand
1,"(0, 83, 173)",1779.0,3586.372,1778.94,sand
1,"(0, 84, 173)",1779.0,142.9725,1778.94,sand
1,"(0, 83, 172)",1779.0,3731.067,1778.94,sand
1,"(0, 82, 171)",1778.0,2044.68,1777.94,sand
1,"(0, 83, 171)",1779.0,1686.387,1778.94,sand
1,"(0, 82, 170)",1778.0,3750.015,1777.94,sand
1,"(0, 81, 169)",1777.0,873.3385,1776.94,sand
1,"(0, 82, 169)",1778.0,2904.238,1777.94,sand
1,"(0, 81, 168)",1777.0,3777.576,1776.94,sand
1,"(0, 80, 167)",1776.0,1.7225,1775.94,sand
1,"(0, 81, 167)",1776.0,3775.8535,1775.94,sand
1,"(0, 80, 166)",1776.0,3777.576,1775.94,sand
1,"(0, 80, 165)",1775.0,3777.576,1774.94,sand
1,"(0, 79, 164)",1775.0,2905.9605,1774.94,sand
1,"(0, 80, 164)",1775.0,871.616,1774.94,sand
1,"(0, 79, 163)",1774.0,3777.576,1773.94,sand
1,"(0, 79, 162)",1774.0,3712.119,1773.94,sand
1,"(0, 79, 161)",1773.0,3694.8935,1772.94,sand
1,"(0, 79, 160)",1773.0,1839.695,1772.94,sand
1,"(0, 80, 160)",1773.0,1855.198,1772.94,sand
1,"(0, 80, 159)",1773.0,3694.8935,1772.94,sand
1,"(0, 80, 158)",1773.0,3694.8935,1772.94,sand
1,"(0, 80, 157)",1772.0,322.119,1771.94,sand
1,"(0, 81, 157)",1772.0,3371.052,1771.94,sand
1,"(0, 81, 156)",1772.0,3694.8935,1771.94,sand
1,"(0, 81, 155)",1772.0,2501.1585,1771.94,sand
1,"(0, 82, 155)",1772.0,1193.735,1771.94,sand
1,"(0, 82, 154)",1772.0,3956.7225,1771.94,sand
1,"(0, 83, 154)",1771.0,1698.445,1770.94,sand
1,"(0, 83, 153)",1771.0,2537.3325,1770.94,sand
1,"(0, 84, 153)",1771.0,3386.555,1770.94,sand
1,"(0, 84, 152)",1771.0,850.945,1770.94,sand
1,"(0, 85, 152)",1771.0,4237.5,1770.94,sand
1,"(0, 86, 152)",1770.0,837.1645,1769.94,sand
1,"(0, 86, 151)",1770.0,3400.3355,1769.94,sand
1,"(0, 87, 151)",1770.0,2523.552,1769.94,sand
1,"(0, 87, 150)",1770.0,1713.948,1769.94,sand
1,"(0, 88, 150)",1770.0,4211.6615,1769.94,sand
1,"(0, 88, 149)",1770.0,25.8385,1769.94,sand
1,"(0, 89, 149)",1771.0,4146.2045,1770.94,sand
1,"(0, 90, 149)",1770.0,2072.241,1769.94,sand
1,"(0, 90, 148)",1772.0,2034.3445,1771.94,sand
1,"(0, 91, 148)",1771.0,4106.5855,1770.94,sand
1,"(0, 92, 148)",1769.0,198.0945,1768.94,sand
1,"(0, 92, 147)",1769.0,3908.491,1768.94,sand
1,"(0, 93, 147)",1768.0,2430.5335,1767.94,sand
1,"(0, 93, 146)",1768.0,1676.052,1767.94,sand
1,"(0, 94, 146)",1768.0,4106.5855,1767.94,sand
1,"(0, 95, 146)",1767.0,556.387,1766.94,sand
1,"(0, 95, 145)",1767.0,3550.198,1766.94,sand
1,"(0, 96, 145)",1767.0,2273.7805,1766.94,sand
1,"(0, 96, 144)",1767.0,3038.5975,1766.94,sand
1,"(0, 97, 144)",1767.0,1241.9665,1766.94,sand
1,"(0, 97, 143)",1767.0,4280.564,1766.94,sand
1,"(0, 97, 142)",1767.0,289.39,1766.94,sand
1,"(0, 98, 142)",1767.0,3991.174,1766.94,sand
1,"(0, 98, 141)",1767.0,1820.747,1766.94,sand
1,"(0, 99, 141)",1767.0,2458.0945,1766.94,sand
1,"(0, 99, 140)",1767.0,3353.826,1766.94,sand
1,"(0, 100, 140)",1766.0,926.738,1765.94,sand
1,"(0, 100, 139)",1766.0,4066.9665,1765.94,sand
1,"(0, 100, 138)",1766.0,3452.012,1765.94,sand
1,"(0, 100, 137)",1765.0,3452.012,1764.94,sand
1,"(0, 100, 136)",1765.0,3452.012,1764.94,sand
1,"(0, 100, 135)",1764.0,3452.012,1763.94,sand
1,"(0, 100, 134)",1764.0,3452.012,1763.94,sand
1,"(0, 100, 133)",1763.0,3452.012,1762.94,sand
1,"(0, 100, 132)",1763.0,3452.012,1762.94,sand
1,"(0, 100, 131)",1762.0,3453.735,1761.94,sand
1,"(0, 100, 130)",1762.0,3458.9025,1761.94,sand
1,"(0, 100, 129)",1761.0,3458.9025,1760.94,sand
1,"(0, 100, 128)",1761.0,3458.9025,1760.94,sand
1,"(0, 100, 127)",1761.0,3458.9025,1760.94,sand
1,"(0, 100, 126)",1762.0,3458.9025,1761.94,sand
1,"(0, 100, 125)",1762.0,25.8385,1761.94,sand
