time,FOUNTAIN NO.1,SC01406518ACD T02-MW006,SC01406518CAA MW 1-1,SC01406519ABD T04-MW004,SC01406519BBB T01-MW002,SC01406520CDB MW2-4,SC01406527ACB1,SC01406527DDB1 BANNING-LEWIS RANCHES,SC01406527DDB2,SC01406527DDC1,SC01406528BBC 03-002,SC01406529BCB T07-MW004,SC01406529CDD PAFB07MW03,SC01406530DBD T07-MW006,SC01406531BBC T13-MW004,SC01406531CBC 04-009,SC01406531DAC T11-MW001,SC01406531DCC T12-MW003,SC01406534AAC1,SC01406534DAB1,SC01406627DCC,SC01406632ADA1 U-4 (WIDEFIELD),SC01406633CAD1,SC01406633DAC2,SC01406633DBB1 U-5,SC01406633DBB2,SC01406633DBB3,SC01406634AAA,SC01406634CCC1,SC01406634DBB1,SC01406634DBB2,SC01406635CAA CO259-26,SC01506503AAB2,SC01506508CAB,SC01506510AAB,SC01506510ABA,SC01506510ABB2,SC01506515DAA,SC01506519BAD1 NONUM-2,SC01506519BCB1 U-17,SC01506522DBA1,SC01506522DBA4,SC01506522DBB1,SC01506527ACA1,SC01506528DCD1 USGS 384231104400600,SC01506528DCD2,SC01506530CDA FRANCOIS,SC01506533BDD1,SC01506602CCC1,SC01506602CCC2 U-9,SC01506603ABA TH-22,SC01506603BAC1 MARS GAS,SC01506603BBC TH-42,SC01506603BCA2,SC01506603CAB1,SC01506603CAB2,SC01506603CAB3 U-08,SC01506603CAB4,SC01506603CAB5,SC01506603CAD1 STRATMOOR HILLS 4,SC01506603DCA1,SC01506603DDB SECURITY 14,SC01506604ABA1 U-7,SC01506604ACA TH-52,SC01506610ADB1 TH-7,SC01506610ADB2 TH-46,SC01506611ACD1 U-10,SC01506611BBB2,SC01506611BCA,SC01506611BDC,SC01506611BDC2,SC01506611BDC3 U-11,SC01506611CAA,SC01506611CDB,SC01506611CDD1,SC01506611CDD2 U-12,SC01506611DCB2,SC01506612ABA,SC01506612CDC CO259-25,SC01506613ADD,SC01506613BCC2,SC01506613CBD1 U-14B,SC01506613CBD2 U-14,SC01506613CCA,SC01506613CDD,SC01506613DDC1 U-15,SC01506614AAC2,SC01506614AAD SECURITY 2,SC01506614ABB,SC01506614ADD,SC01506614BAA,SC01506614BBA  TH-5,SC01506614DAA1 U-13,SC01506614DAD1,SC01506619ADA2,SC01506624ABC1,SC01506624ABC2 U-16,SC01506624BAA1,SC01506624BAD1 WIDEFIELD 4,SC01506624DAB2 U-18,SC01506624DBD2 U-19,SC01506624DBD3,SC01506624DCA1,SC01506625AAA1,SC01606504BBB,SC01606505ADA USGS 384122104410000,SC01606505ADD,SC01606505CCB FOUNTAIN 3,SC01606505DCD,SC01606505DDC,SC01606505DDC2,SC01606506ABB1,SC01606506ABB2,SC01606506ABB3,SC01606506ABB4,SC01606506ACC1,SC01606506DAA FOUNTAIN 2,SC01606506DAB1,SC01606506DAB2,SC01606508AAB,SC01606508DBA1 DELBERT WELLS WELL 1,SC01606508DBB,SC01606508DCB,SC01606508DCC,SC01606516BBA1,SC01606516CCC1,SC01606516CCC2,SC01606517AAA1,SC01606517AAA2,SC01606517DDA,SC01606520AAA1,SC01606520AAB,SC01606521BAB,SC01606521BBA1,SC01606521BBC,SC01606521BCB,SCO1406633DAC2,SCO1406634CCD,SCO1416633DAC1,SCO1506601BBD TH-53,SCO1506602BBB TH-18,SCO1506602BDC,SCO1506602CAA,SCO1506603AAD,SCO1506603BAC,SCO1506604AAA,SCO1506604AAB TH-49,SCO1506604ABA2 TH-50,SCO1506610BAA,SCO1506611ABC TH-47
59.0,,,,,,,,,,,,,,,,,,,,,,,,,,,,,,,,,,,,,,,,,,,,,,1708.404,,,,,,,,,,,,,,,,,,,,,,,,,,,,,,,,,,,,,,,,,,,,,,,,,,,,,,,,,,,,,,,,,,,,,,,,,,,,,,,,,,,,,,,,,,,,,,,,,,,,,,,,
89.0,,,,,,,,,,,,,,,,,,,,,,,,,,,,,,,,,,,,,1766.0782560000002,,,,,,,,1708.611264,,,,,,,,,,,,,,,,,,,,,,,,,,,,,,,,,,,,,,,,,,,,,,,,,,,,,,,,,,,,,,,,,,,,,,,,,,,,,,,,,,,1668.359376,,,,,,,,,,,,,,,,,,,,,,
454.0,,,,,,,,,,,,,,,,,,,,,,,,,,,,,,,,,,,,,1765.971576,,,,,,,,1708.730136,,,,,,,,,,,,,,,,,,,,,,,,,,,,,,,,,,,,,,,,,,,,,,,,,,,,,,,,,,,,,,,,,,,,,,,,,,,,,,,,,,,,,,,,,,,,,,,,,,,,,,,,,
639.0,,,,,,,,,,,,,,,,,,,,,,,,,,,,,,,,,,,,,,,,,,,,,,,,,,,,,,,,,,,,,,,,,,,,,,,,,,,,,,,,,,,,,,,,,,,,,,,,,,,,,,,,,,,,,1679.588208,,,,,,,,,,,,,,,,,,,,,,,,,,,,,,,,,,,,,,,,,
789.0,,,,,,,,,1802.7578880000003,1803.123648,,,,,,,,,1797.838416,1793.751048,,,,,,,,,,,,,,1673.7330000000002,,,1765.590576,1741.3406880000002,,,1729.775052,1730.145384,1729.767432,1722.0834240000002,1708.580784,1708.583832,,,,,,,,1747.7232,,,,,,,,1747.2964800000002,,,,,,1745.0348640000002,,,,,1738.841328,,,,1733.6902080000002,,,,1729.547976,,,,1719.882768,,,,,,,,,,,,,,,,,,,,1690.432992,1691.3900640000002,1687.918392,,1679.49372,1681.3057560000002,1684.96488,,,,,,,,,,,1673.6568,1672.4772240000002,1671.303744,,1689.469824,1964.3598,1668.359376,1667.8168320000002,1661.562336,,1655.649216,1653.076704,1658.480808,1656.874512,1655.2499280000002,,,,,,,,,,,,,,
819.0,,,,,,,,,,,,,,,,,,,,,,,,,,,,,,,,,,,,,,,,,,,,,,,,,,,,,,,,,,,,,,,,,,,,1745.126304,,,,,,,,,,,,,,,,,,,,,,,,,,,,,,,,,,,,1711.046616,,,,,,,,,,,,,,,,,,,,,,,1964.1312,,,,,,,1658.252208,,,,,,,,,,,,,,,,
1005.0,,,,,,,,,,,,,,,,,,,,,,,,,,,,,,,,,,,,,,,,,,,,,,,,,,,,,,,,,,,,,,,,,,,,,,,,,,,,,,,,,,,,,,,,,,,,,,,,,,,,,,,,,,1690.4208,,,,,,,,,,,,,,,,,,,,,,,,,,,,,,,,,,,,,,,,,,,,
1035.0,,,,,,,,,,,,,,,,,,,,,,,,,,,,,,,,,,,,,,1742.041728,,,,,1728.112368,1722.491856,1708.5564000000002,,,,,,,,,,,,,,,,1747.515936,1746.790512,,,,,,1744.745304,,,,,1736.4638880000002,,,,1730.8220400000002,,,,1728.270864,,,1722.095616,1718.953128,,,,,1725.494136,,,,,,,,,,,,,,,,,,,1679.9814,,,,,,,,,,,,,,,1670.92884,,1689.119304,,1668.3288960000002,,,,1655.316984,1652.726184,,,,,,,,,,,,,,,,,
1155.0,,,,,,,,,,,,,,,,,,,,,,,,,,,,,,,,,,1673.352,,,,1741.706448,,,,,,,1708.404,,,,,,,,,,,,,,,,,,,,,,,,,,,,,,,,,,,,,,,,,,,,,,,,,,,,,,,,,,,,,,,,1678.8384,,,,,,,,,,,,,,,,,,,,,,,,,,,,,,,,,,,,,,,,,
1185.0,,,,,,,,,,,,,,,,,,,1798.2438000000002,1794.028416,,,,,,,,,,,,,,1673.327616,1765.26444,1767.39804,1765.8740400000002,1741.913712,,,,1727.9630160000002,1727.89596,,1708.5564000000002,,,,,,,,,,,,,,,,1748.1864960000005,1747.92132,,,,,,1745.126304,,,,,1739.78316,1738.06104,,,1733.931,,,,1726.003152,,,1723.235568,1719.858384,,,,1733.3518800000002,1726.9998480000002,,,,,,,,,,,,,,1711.0374720000002,,,1687.458144,,1678.996896,,,,,,,,,,,,,,,1670.44116,,1689.073584,,1668.319752,,1661.062464,,1655.286504,1653.116328,1658.054088,1656.578856,1655.435856,,,,,,,,,,,,,,
1520.0,,,,,,,,,,,,,,,,,,,,,,,,,,,,,,,,,1781.7114480000002,,,,,,,,,,,,,,,,,,,,,,,,,,,,,,,,,,,,,,,,,,,,,,,,1729.1304,,,,,,,,,,,,,,,,,,,,,,,,,,,,,,,,,,,,,,,,,,,1670.6088,,,,,,,,,,1658.4168000000002,,,,,,,,,,,,,,,,
1550.0,,,,,,,,,,,,,,,,,,,1797.6372480000002,1794.06804,,,,,,,,,,,,,,,1765.688112,1767.821712,,1742.03868,,,,1728.42936,1728.100176,1721.848728,1708.580784,,,,,,,,,,,,,,,,1748.783904,1748.152968,,,,,,,,,,,1739.5728480000002,1737.805008,,,,,,,,,,1723.439784,1720.416168,,,,1733.278728,1726.9602240000002,,,,,,,,,,,,,,1711.0130880000002,,,1687.63188,,1679.6308800000002,,,,,,,,,,,,,,,1671.038568,,1689.3296160000002,,1668.7068480000005,,1661.818368,,1654.9878,1653.192528,1658.688072,1657.011672,,,,,,,,,,,,,,,
1826.0,,,,,,,,,,,,,,,,,,,1797.305016,1793.0774400000005,,,,,,,,,,,,,1783.4670960000003,,1764.7554240000002,1767.318792,,1741.84056,,,,,1727.173584,1721.385432,,,,,,,,,,,,,,,,,,1747.016064,,,,,,1744.897704,1744.928184,,,,1737.945216,1736.088984,,,1732.0930560000002,,,,1727.80452,,,1722.308976,1719.1024800000002,,1728.950568,,1731.498696,1726.05192,,,,,,,,,,,,,,1710.65952,,,1687.519104,,1679.6308800000002,,,,,,,,,,,,,,,1671.41652,,1689.41496,,1668.816576,,1661.5470960000002,,1655.554728,1653.0462240000002,1658.450328,,,,,,,,,,,,,,,,
1885.0,,,,,,,,,,,,,,,,,,,,,,,,,,,,,,,,,,,,,,,,,,,,,,,,,,,,,,1743.6358320000002,,,,,,,,,,,,,,,,,,,,,,,,,,,,,,,,,,,,,,,,,,,,,,,,,,,,,,,,,,,,,,,,,,,,,,,,,,,,,,,,,,,,,,,,,,,,,,,,
1915.0,,,,,,,,,,,,,,,,,,,,,,,,,,,,,,,,,,,,,,,,,,,,,,,,,,,,,,1743.565728,,,,,,,,,,,,,,,,,,,,,,,,,,,,,,,,,,,,,,,,,,,,,,,,,,,,,,,,,,,,,,,,,,,,,,,,,,,,,,,,,,,,,,,,,,,,,,,,
2100.0,,,,,,,,,,,,,,,,,,,,,,,,,,,,,,,,,,,,,,,,,,,,,,,,,,,,,,1743.651072,,,,,,,,,,,,,,,,,,,,,,,,,,,,,,,,,,,,,,,,,,,,,,,,,,,,,,,,,,,,,,,,,,,,,,,,,,,,,,,,,,,,,,,,,,,,,,,,
2191.0,,,,,,,,,,,,,,,,,,,,,,,,,,,,,,,,,1783.604256,,,,,,,,,,1727.0912880000003,,1708.3430400000002,,,,,,,,,,,,,,,,,,,,,,,,,,,,,,,,,,,,,,,,,,,,1732.464912,,,,,,,,,,,,,,,,,,,,,,,,,,,,,,,,,,,1670.922744,,,,1668.234408,1669.7888880000005,,,,,,,,,,,,,,,,,,,,,
2616.0,,,,,,,,,,,,,,,,,,,1797.2836800000002,,,,,,,,,,,,,,1783.65912,,,,1762.8504240000002,1741.6272,,,,,1728.176376,,1708.37352,,,,,,,,,1743.79128,,,,,,,,1748.518728,,,,,,,1745.202504,1740.22512,,,,,,,,,,,1731.163416,,,,,,1731.745584,,1734.321144,1728.6122400000002,,,,,,,,,,,,,,,,,1687.625784,,,,,,,,,,,,,,,,,1671.069048,,,,1668.435576,,,,,,,,,,,,,,,,,,,,,,
2831.0,,,,,,,1812.788856,1804.17216,,,,,,,,,,,,,,,,,,,,,,,,,,,,,,,,,,,,,,,,1701.463704,,,,1755.135936,,,1750.919028,,,,,,,,,,,,,,,,,,,,,,,1780.400808,,,,,,,,,,,,,,,,1728.706728,,,,1719.77304,,,,,1714.33236,,,,,1680.959808,,,,,,,,1683.8218800000002,,,,,1673.4282,,,,1668.118584,,,,,,1657.173216,,,,,,,,,,,,,,,,,,,
3011.0,,,,,,,,,,,,,,,,,,,1797.2836800000002,,,,,,,,,,,,,,1783.21716,,,,1763.3198160000002,1741.426032,,,,,1726.5182640000005,,1708.1174880000003,,,,,,,,,,,,,,,,,,,,,,,,1745.120208,1739.069928,,,,1737.914736,,,,,,,1730.5020000000002,,,,,,1730.4044640000002,,1732.992216,1727.899008,,,,,,,,,,,,,,,,,1687.927536,,,,,,,,,,,,,1678.85364,,,,,,,,1668.587976,,1662.08964,,,,,,,,,,,,,,,,,,,,
3346.0,,,,,,,,,,,,,,,,,,,1797.250152,,,,,,,,,,,,,,1783.56768,,,,1766.2946640000002,1740.7950960000005,,,,,1727.6094480000002,,1708.059576,,,,,,,,,1743.59316,,,,,,,,,,,,,,,1745.25432,1739.52408,,,,1737.046056,,,,,,,1729.5296880000003,,,,,,1729.804008,,1732.1784,1729.98384,,,,,,,,,,,,,,,,,1687.381944,,,,,,,,,,,,,,,,,,,,,1668.182592,,,,,,,,,,,,,,,,,,,,,,
3561.0,,,,,,,,,,,,,,,,,,,,,1795.939512,,,,,,,1796.76552,,,,,,,,,,,,,,,,,,,,,,,,,,,,,,,,,,,,,,,,,,,,,,,,,,,,,,,,,,,,,,,,,,,,,,,,,,,,,,,,,,,,,,,,,,,,,,,,,,,,,,,,,,,,,,,,,,,,,,,,,,
3591.0,,,,,,,,,,,,,,,,,,,,,,,,,,,,1796.640552,,,,,,,,,,,,,,,,,,,,,,,,,,,,,,,,,,,,,,,,,,,,,,,,,,,,,,,,,,,,,,,,,,,,,,,,,,,,,,,,,,,,,,,,,,,,,,,,,,,,,,,,,,,,,,,,,,,,,,,,,,
3741.0,,,,,,,,,,,,,,,,,,,1797.125184,,,,,,,,,,,,,,1783.457952,,,,1765.928904,1740.8042400000002,,,,,1727.3930400000002,,1708.2058800000002,,,,,,,,,1743.864432,,,,,,,,,,,,,,,1745.4250080000002,1741.249248,,,,1739.2192800000005,,,,,,,1732.4100480000002,,,,,,,,1735.221828,1729.788768,,,,,,,,,,,,,,,,,1687.659312,,,,,,,,,,,,,,,,,,,,,1668.18564,,,,,,,,,,,,,,,,,,,,,,
4107.0,,,,,,,,,,,,,,,,,,,1797.2410080000002,,,,,,,,,,,,,,1782.699,,,,1766.815872,1740.999312,,,,,1724.3328480000002,,1707.8492640000002,,,,,,,,,1743.965016,,,,,,,,,,,,,,,1745.3488080000002,,,,,1738.94496,,,,,,,1731.593184,,,,,,,,,,,,,,,,,,,,,,,,,,1688.220144,,,,,,,,,,,,,1678.993848,,,,,,,,1669.34388,,,,,,,,,,,,,,,,,,,,,,
4442.0,,,,,,,,,,,,,,,,,,,,,1797.048984,,,,,,,1796.759424,,,1778.75184,,1782.5526960000002,,,,1766.89512,1741.6272,,,,,1725.18324,,1708.0169039999998,,,,,,,,,1744.0960800000005,,,,,,,,,,,,,,,1745.458536,,,,,1738.844376,,,,,,,1731.456024,,,,,,1731.645,,,,,,,,,,,,,,,,,,,,1687.3606080000002,,,,,,,,,,,,,1677.655776,,,,,,,,1668.478248,,,,1655.8686720000003,,,,,,,,,,,,,,,,,,
4472.0,,,,,,,,,,,,,,,,,,,,,,,,,,,,,,1776.1508800000001,1778.720344,,,,,,,,,,,,,,,,1706.5416720000003,,,,,,,,,,,,,,,,,,,,,,,,,,,,,,,,,,,,,,,,,,,,,,,,,,,,,,,,,,,,,,,,,,,,,,,,,,,,,,,,,,,,,,,,,,,,,,,,,,,,,,,
4657.0,,,,,,,,,,,,,,,,,,,,,,,,,,,,,,,,,,,,,,,,,,,,,,,,,,,,,,,,,,,,,,,,,,,,,,,,,,,,,,,,,,,,,,,,,,,,,,,1700.450244,,,,,,,,,,,,,,,,,,,,,,,,,,,,,,,,,,,,,,,,,,,,,,,,,,,,,,,
4687.0,,,,,,,,,,,,,,,,,,,,,,,,,,,,,,,1778.87376,,,,,,,,,,,,,,,,,,,,,,,,,,,,,,,,,,,,,,,,,,,,,,,,,,,,,,,,,,,,,,,,,,,,,,,,,,,,,,,,,,,,,,,,,,,,,,,,,,,,,,,,,,,,,,,,,,,,,,,
4748.0,,,,,,,,,,,,,,,,,,,,,,,,,,,,,,,1778.8128000000002,,,,,,,,,,,,,,,,,,,,,,,,,,,,,,,,,,,,,,,,,,,,,,,,,,,,,,,,,,,,,,,,,,,,,,,,,,,,,,,,,,,,,,,,,,,,,,,,,,,,,,,,,,,,,,,,,,,,,,,
4837.0,,,,,,,,,,,,,,,,,,,,,,,,,,,,,,,,,1782.6228,,,,1767.035328,1741.898472,,,,,1725.850752,,1708.199784,,,,,,,,,,,,,,,,,,,,,,,,1745.952312,,,,,1740.496392,,,,,,,1733.30616,,,,,,1733.53476,,,,,,,,,,,,,,,,,,,,1687.394136,,,,,,,,,,,,,1677.442416,,,,,,,,1667.792448,,,,1655.5212,,,,,,,,,,,,,,,,,,
5202.0,,,,,,,,,,,,,,,,,,,,,,,,,,,,,,,,,1782.415536,,,,1766.983512,1741.5174720000002,,,,,1726.06716,,1707.721248,,,,,,,,,,,,,,,,,,,,,,,,1745.659704,,,,,1739.0668800000003,,,,,,,1732.5258720000002,,,,,,1732.385664,,,,,,,,,,,,,,,,,1710.726576,,,,,,,,,,,,,,,,1677.8020800000002,,,,,,,,1668.5818800000002,,,,1655.874768,,,,,,,,,,,,,,,,,,
5538.0,,,,,,,,,,,,,,,,,,,,,,,,,,,,,,,,,,,,,,1741.499184,,,,,,,,,,,,,,,,,,,,,,,,,,,,,,,,,,,,,,,,,,,,,,,,,,,,,,,,,,,,,,,,,,,,,,,,,,,,,,,,,,,,,,,,,,,,,,,,,,,,,,,,,,,,,,,,
5568.0,,,,,,,,,,,,,,,,,,,,,,,,,,,,,,,,,1782.314952,,,,1766.928648,,,,,,1724.134728,,1707.91632,,,,,,,,,,,,,,,,,,,,,,,,1745.7054240000002,,,,,1739.225376,,,,,,,1732.20888,,,,,,1732.31556,,,,,,,,,,,,,,,,,,,,1687.4398560000002,,,,,,,,,,,,,1677.26868,,,,,,,,1667.7802560000002,,,,1655.6736,,,,,,,,,,,,,,,,,,
5753.0,1682.4624720000002,,,,,,,,,,,,,,,,,,,,,,,,,,,,,,,,,,,,,,,,,,,,,,,,,,,,,,,,,,,,,,,,,,,,,,,,,,,,,,,,,,,,,,,,,,,,,,,,,,,,,,,,,,,,,,,,,,,,,,,,,,,,,,,,,,,,,,,,,,,,,,,,,,,,,
5933.0,,,,,,,,,,,,,,,,,,,,,,,,,,,,,,,,,1782.6532800000002,,,,1765.956336,1742.654376,,,,,1727.341224,,1708.0534800000005,,,,,,,,,,,,,,,,,,,,,,,,1745.48292,,,,,1739.277192,,,,,,,1732.0168560000002,,,,,,1733.06232,,,,,,,,,,,,,,,,,1711.022232,,,1687.711128,,,,,,,,,,,,,1678.369008,,,,,,,,1668.23136,,,,1655.682744,,,,,,,,,,,,,,,,,,
6268.0,,,,,,,,,,,,,,,,,,,,,,,,,,,,,,,,,1783.235448,,,,1765.8588000000002,1742.7762960000002,,,,,1728.487272,,,,,,,,,,,,,,,,,,,,,,,,,,1745.028768,,,,,1738.9784880000002,,,,,,,1731.718152,,,,,,1732.656936,,,,,,,,,,,,,,,,,1710.6808560000002,,,1687.7842800000003,,,,,,,,,,,,,,,,,,,,,1668.2770800000003,,,,1655.73456,,,,,,,,,,,,,,,,,,
6483.0,,,,,,,,,,,,,,,,,,,,,,1780.120392,1772.9606400000002,,1767.12372,1766.59032,1766.59032,,1765.52352,,,,,,,,,,1733.79384,1719.3768,,,,,,,,,1750.109784,1749.35388,,,,,,1757.41584,1752.3866400000002,1760.46384,1760.34192,,,,1760.8296,,,,1742.57208,,,,1737.180168,1736.6010480000002,,,1734.0986400000002,1731.6632880000002,,,,,,1725.60996,1725.83856,,,1722.01332,,,,,,,1728.64272,,,1719.9864,1719.072,,,1715.74968,1713.95136,1712.6712,,,,,,,,,,1689.09492,1689.11016,1689.01872,1689.0492000000002,,,1684.14192,1684.29432,,,,,,,,,,,,,,,,,,,,,,,,,,,,,,,
6663.0,,,,,,,,,,,,,,,,,,,,,,,,,,,,,,,,,1780.918968,,,,1765.9654800000003,1742.764104,,,,,1728.8256,,1708.29732,,,,,,,,,,,,,,,,,,,,,,,,1745.19336,,,,,1739.088216,,,,,,,1732.3490880000002,,,,,,1732.6508400000002,,,,,,,,,,,,,,,,,1710.406536,,,1687.5434880000005,,,,,,,,,,,,,1677.759408,,,,,,,,1669.307304,,,,1655.929632,,,,,,,,,,,,,,,,,,
6849.0,,,,,,,,,,,,,,,,,,,,,,1779.480312,1773.14352,,1767.0170400000002,,,,,,,,,,,,,,,1720.19976,,,,,,,,,1749.36912,1749.00336,,,,,,1756.53192,1751.80752,,,,,,1761.3172800000002,,,,1745.04096,,,,1736.5980000000002,,,,1733.91576,1731.282288,,,,,,1724.9546400000002,1725.50328,,,1721.5104,,,,,,,1728.55128,,,,,,,1715.47536,1714.01232,1712.79312,,,,,,,,,,1688.80536,1688.8968,,,,,1683.92856,1683.92856,,,,,,,,,,,,,,,,,,,,,,,,,,,,,,,
6940.0,,,,,,,,,,,,,,,,,,,,,,1779.632712,1772.99112,,,,,,,,,,,,,,,,,,,,,,,,,,1749.8568,,,,,,,1756.80624,,,,,,,,,,,,,,,,,,,,,,,,,,,,,,,,,,,,,1729.1304,,,,,,,1716.08496,,,,,,,,,,,,1688.8968,,,,,,,,,,,,,,,,,,,,,,,,,,,,,,,,,,,,,,
6999.0,,,,,,,,,,,,,,,,,,,,,,,,,1767.3675600000001,,,,,,,,1782.0802560000002,,,,1765.886232,1742.352624,,1720.26072,,,1729.337664,,,,,,,,,,,,,,,,,,,,,,,,1744.43136,,1745.001336,,,,,1738.969344,1735.74456,,,,,,1732.3490880000002,1726.5700800000002,,,,1722.5772000000002,1732.602072,,,,,,,,,1719.95592,,,,,1714.53048,,,1710.2084160000002,,,1687.442904,,,,,,,,,,,1684.11144,,1677.655776,,,,,,,,1668.197832,,,,1655.8778160000002,,,,,,,,,,,,,,,,,,
7364.0,,,,,,,,,,,,,,,,,,,,,,,,,,,,,,,,,1782.232656,,,,1765.8984240000002,1742.35872,,,,,1729.813152,,1708.324752,,,,,,,,,,,,,,,,,,,,,,,,1745.5621680000002,,,,,1738.3688880000002,,,,,,,1732.656936,,,,,,1732.861152,,,,,,,,,,,,,,,,,1710.5680800000002,,,1687.2966,,,,,,,,,,,,,1676.845008,,,,,,,,1668.07896,,,,1655.707128,,,,,,,,,,,,,,,,,,
7759.0,,,,,,,,,,,,,,,,,,,,,,1779.51384,1773.15876,1764.0696240000002,1767.166392,,,,1762.329216,,,,1783.195824,,,,1765.916712,1742.105736,1733.327496,1720.163184,,,1730.1270960000002,,,,,,,1749.171,1761.375192,,1756.1052000000002,,,,1751.341176,,,,,,1760.917992,1758.1869840000002,1743.8796720000005,1743.9314880000002,1744.620336,,,,,1739.4326400000002,,,,1732.897728,,,,,,,1726.749912,,,,,,,,,1736.646768,1729.34376,,,,1719.2426880000005,,,1716.7646640000005,1714.783464,,,,,,,,,,,,,,,,,,,,,,,,,,,1667.6430960000002,,,,,,,,,1763.581944,1761.0642960000002,1764.002568,1805.504136,1767.175536,1760.2718160000002,1761.4392,1759.36656,1756.390188,1763.32896,1760.424216,1760.6772,1747.23552,1747.628712
7944.0,,,,,,,,,,,,,,,,,,,,,,1779.633728,1773.160792,1764.28527,1767.214398,,,,1762.58728,,,,,,,,,,1733.353404,1720.1713120000002,,,,,,,,,,1749.091752,1761.440724,,1756.239312,,,,1751.2908840000002,,,,,,1761.154212,1758.241086,1743.3544000000002,1743.3866580000001,1744.643196,,,,,1738.909908,,,,1732.553304,,,,,,,1726.67676,,,1722.476616,,,,,,1737.0049080000001,1729.2759420000002,,,,1719.2518320000001,,,1716.551304,1714.634112,,,,,,,,,,,,,,,,,,,,,,,,,,,,,,,,,,,,,1761.601506,1764.17478,1805.583384,1767.1115280000001,1760.320584,1761.3210900000001,1759.359702,1756.8275760000001,1763.635792,1760.5743300000001,1760.8334100000002,1747.2853040000002,1748.0813400000002
7974.0,,,,,,,,,,,,,,,,,,,,,,1779.6022320000002,1773.109992,1764.122456,1767.023136,,,,1762.557816,,1778.8188960000002,,,,,,,,1733.3214,1720.190616,,,,,,,,,,1749.29292,1761.219744,,1756.2850320000002,,,,1751.4234720000002,,,,,,,1758.10164,1743.7912800000001,1743.817188,1744.650816,,,,,1739.3427240000003,,,,1732.535016,,,,1746.1748160000002,,,1726.6310400000002,,,1722.13524,,,,,1733.894424,1737.2838000000002,1729.2492720000002,,,,1718.9256960000002,,,1716.398904,1714.512192,,,,,,,,,,,,,,,,,,,,,,,,,,,,,,,,,,,,,1761.68304,1764.0228880000002,1805.4934680000001,1767.090192,1760.3160120000002,1761.539784,1759.345224,1756.986072,1763.365536,1760.2062839999999,1760.735112,1747.278192,1747.3909680000002
8035.0,,,,,,,,,,,,,,,,,,,,,,1779.5687040000003,1773.1389480000003,1764.0360960000005,1767.1892520000001,,,,1762.502952,,1778.7747,1782.2859960000003,,,,,,,1733.3808359999998,1720.160136,,,,,,,,,,1749.6144840000002,1761.161832,,1756.2987480000002,,,,1751.5210080000002,,,,,,1761.2182200000002,1758.0726840000002,1743.5962080000002,1743.858336,1744.589856,,,,,1740.147396,,,,1733.303112,,,,1747.7872080000002,,,1726.896216,,,1722.580248,,,,,1734.3165720000002,1737.58098,1729.5144480000001,,,,1719.526152,,,1716.7326600000001,1714.7926080000002,,,,,,,,,,,,,,,,,,,,,,,,,,,,,,,,,,,,,1761.596172,1764.002568,1805.507184,1767.0901920000003,1760.2718160000002,1761.4544400000002,,1757.0074080000002,1763.563656,1760.60862,1760.855508,1747.406208,1747.246188
8066.0,,,,,,,,,,,,,,,,,,,,,,1779.510792,1773.12828,1763.926368,1767.1846800000003,,,,1762.341408,,1778.7792720000002,1782.3728640000002,,,,,,,1733.327496,1720.147944,,,,,,,,,,1749.6556320000002,1761.2014560000002,,1756.16616,,,,1751.466144,,,,,,1761.189264,1758.074208,1743.6084,1743.858336,1744.577664,,,,,1740.2586480000002,,,,1733.598768,,,1731.882744,1746.400368,,,1727.28636,,,1722.921624,,,,,1734.894168,1737.7074720000005,1729.9228800000003,,,,1719.876672,,,1716.9536400000002,1714.932816,,,,,,,,,,,,,,,,,,,,,,,,,,,,,,,,,,,,,1761.174024,1763.93856,1805.5254720000005,1767.187728,1760.32668,1761.436152,,1756.91292,1763.4996480000002,1760.597952,1760.8356960000003,1747.223328,1745.02572
8095.0,,,,,,,,,,,,,,,,,,,,,,1779.568704,1773.170952,1764.039144,1767.407184,,,,1762.32312,,1778.718312,1782.30276,,,,,,,1733.434176,1720.114416,,,,,,,,,,1749.622104,1761.1648800000005,,1756.157016,,,,1751.200968,,,,,,1761.350808,1758.220512,1743.66936,1743.9162480000002,1744.510608,,,,,1740.328752,,,,1733.7084960000002,,,1731.922368,1746.4948560000005,,,1727.405232,,,1723.119744,,,,,1735.0038960000002,1737.768432,1730.002128,,,,1720.071744,,,1717.026792,1715.042544,,,,,,,,,,,,,,,,,,,,,,,,,,,,,,,,,,,,,1761.14964,1764.0086640000002,1805.519376,1767.0932400000002,1760.20476,1758.78744,,1757.1262800000002,1763.6733840000002,1760.686344,1760.969808,,1743.687648
8126.0,,,,,,,,,,,,,,,,,,,,,,1779.471168,1773.119136,1764.051336,1767.282216,,,,1762.326168,,1778.696976,1782.269232,,,,,,,,1720.114416,,,,,,,,,,1749.171,1761.10392,,1756.1417760000002,,,,1751.5514880000003,,,,,,1761.143544,1758.183936,1743.605352,1743.8522400000002,1744.504512,,,,,1740.124536,,,,1733.5560960000005,,,1731.9498,1746.6106800000002,,,1727.374752,,,1723.104504,,,,,1734.89112,1737.704424,1729.962504,,,,1719.95592,,,1717.066416,1715.01816,,,,,,,,,,,,,,,,,,,,,,,,,,,1668.051528,,,,,,,,,,1761.1374480000002,1764.01476,1805.51328,1767.0566640000002,1760.152944,,,1756.784904,1763.719104,1760.57052,1760.8082640000002,1747.314768,1743.66936
8156.0,,,,,,,,,,,,,,,,,,,,,,,,1764.094008,,,,,,,,,1783.253736,,,,1765.959384,1742.431872,,,,,1730.5050480000002,,,,,,,,,,,,,,,,,,,,,,1743.565728,1743.794328,,,1745.40672,,,,,1738.941912,,,,,,,,,,,,,1732.8794400000002,,,,,,,,,,,,,,,,,,,,,,,,,,,,,,,,,,,,,,,,,,,,,,,,,,,,1764.026952,,,,,,,,,,,
8187.0,,,,,,,,,,,,,,,,,,,,,,1779.4864080000002,1773.0978,1764.218976,1767.135912,,,,1762.365792,,1778.718312,1782.266184,,,,,,,,1720.147944,,,,,,,,,,1749.0429840000002,1761.170976,,1756.1234880000002,,,,1751.039424,,,,,,1761.122208,1758.0924960000002,1743.495624,1743.7333680000002,1744.577664,,,,,1739.755728,,,,1733.0958480000002,,,1731.742536,1746.7447920000002,,,1727.185776,,,1722.875904,,,,,1734.513168,1737.552024,1729.77048,,,,1719.449952,,,1716.98412,1714.923672,,,,,,,,,,,,,,,,,,,,,,,,,,,,,,,,,,,,,1761.2746080000002,1764.100104,1805.522424,1767.03228,1760.11332,,,1756.778808,1763.612424,1760.5674720000002,1760.796072,1747.150176,1743.5626800000002
8217.0,,,,,,,,,,,,,,,,,,,,,,1779.5016480000002,1773.1130400000002,,1767.324888,,,,1762.621824,,1778.733552,1782.22656,,,,,,,,1720.175376,,,,,,,,,,1748.997264,1761.015528,,1756.2240720000002,,,,1751.450904,,,,,,1760.954568,1758.0864,,,1744.586808,,,,,1739.786208,,,,1733.190336,,,1731.693768,1746.8636640000002,,,1727.173584,,,1722.857616,,,,,1734.564984,1737.48192,1729.761336,,,,1719.654168,,,1717.008504,1714.984632,,,,,,,,,,,,,,,,,,,,,,,,,,,,,,,,,,,,,1761.475776,,1805.522424,1766.995704,1760.216952,,,1756.842816,1763.642904,1760.4882240000002,1760.6650080000002,1747.23552,1743.495624
8248.0,,,,,,,,,,,,,,,,,,,,,,1779.492504,1773.0337920000002,1764.158016,1767.0780000000002,,,,1762.661448,,1778.733552,1782.1777920000002,,,,,,,,1720.202808,,,,,,,,,,1748.9332560000005,1761.015528,,1756.208832,,,,1750.29876,,,,,,1760.774736,1758.022392,1743.785184,1743.904056,1744.592904,,,,,1738.816944,,,,1733.004408,,,1731.638904,1746.949008,,,1727.0272800000002,,,1722.641208,,,,,1734.430872,1737.45144,,,,,1719.434712,,,1716.6336,1714.368936,,,,,,,,,,,,,,,,,,,,,,,,,,,,,,,,,,,,,1761.60684,1764.04524,1805.534616,1766.949984,1760.119416,,,1756.848912,1763.5758480000002,1760.360208,1760.4912720000002,1747.134936,1743.4986720000002
8279.0,,,,,,,,,,,,,,,,,,,,,,1779.4864080000002,1773.055128,1764.1732560000005,1767.013992,,,,1762.716312,,,1782.1656,,,,,,,,1720.1784240000002,,,,,,,,,,1748.884488,1761.006384,,1756.05948,,,,1751.4448080000002,,,,,,1760.817408,1757.9705760000002,1743.782136,1743.80652,1744.6782480000002,,,,,1739.008968,,,,1733.013552,,,1731.59928,1747.016064,,,1726.9876560000002,,,1722.6442560000005,,,,,,1737.631272,1729.645512,,,,1719.3768,,,1716.7768560000002,1714.7712720000002,,,,,,,,,,,,,,,,,,,,,,,,,,,,,,,,,,,,,1761.692184,1764.0360960000005,1805.479752,1766.812824,1760.1438,1761.01248,,1756.855008,1763.597184,1760.369352,1760.6253840000002,1747.171512,1743.331032
8309.0,,,,,,,,,,,,,,,,,,,,,,1779.556512,1773.1038960000003,1764.164112,1766.9012160000002,,,,1762.716312,,1778.7792720000002,1782.13512,,,,,,,,1720.2210960000002,,,,,,,,,,1748.92716,1760.99724,,1756.2880800000005,,,,1750.987608,,,,,,1761.015528,1758.0132480000002,1743.708984,1743.8430960000003,1744.7178720000002,,,,,1739.542368,,,,1732.8001920000002,,,1731.559656,1747.0404480000002,,,1726.9632720000002,,,1722.650352,,,,,1734.232752,1737.332568,1729.554072,,,,1719.3158400000002,,,1716.8804880000002,1714.826136,,,,,,,,,,,,,,,,,,,,,,,,,,,,,,,,,,,,,1761.798864,1764.026952,1805.537664,1766.919504,1760.2504800000002,,,,1763.6368080000002,1760.482128,1760.6832960000002,1747.1806560000002,1743.3798000000002
8340.0,,,,,,,,,,,,,,,,,,,,,,1779.5016480000002,1773.085608,1764.097056,1766.91036,,,,1762.5822,,1778.788416,1782.098544,,,,,,,,1720.27596,,,,,,,,,,1748.921064,1760.95152,,1756.202736,,,,1750.493832,,,,,,1760.9484720000005,1758.214416,1743.751656,1743.95892,1744.7056800000005,,,,,1739.298528,,,,1732.416144,,,1731.352392,1747.061784,,,1726.765152,,,1722.491856,,,,,1733.866992,1737.2746560000005,1729.3620480000002,,,,1718.9500800000003,,,1716.57264,1714.487808,,,,,,,,,,,,,,,,,,,,,,,,,,,,,,,,,,,,,1761.6860880000002,1763.975136,1805.418792,1766.8798800000002,1760.28096,1760.6772,,,1763.493552,1760.430312,1760.747304,,1743.31884
8491.0,,,,,,,,,,,,,,,,,,,,,,,,,,,,,,,,,1783.290312,,,,1765.962432,1742.13012,,,,,1730.203296,,,,,,,,,,,,,,,,,,,,,,,,,,,,,,,,,,,,,,,,,,,,,,,,,,,,,,,,,,,,,,,,,,,,,,,,,,,,,,,,,,,,,1667.8534080000002,,,,,,,,,,,,,,,,,,,,,,
8521.0,,,,,,,,,,,,,,,,,,,,,,,,,,,,,,,,,,,,,,,,,,,,,,,,,,1748.5156800000002,,,,,,,,,,,,,,,,,,,1745.403672,,,,,1739.033352,,,,,,,,,1726.81392,,,,1733.169,,,,,,,,,,,,,,,,,,,,,,,,,,,,,,,,,,,,,,,,,,,,,,,,,,,,,,1766.6208,,,,,,,,,
8552.0,,,,,,,,,,,,,,,,,,,,,,1779.446784,1773.058176,1764.5634,1767.059712,,,,,,1778.7000240000002,1782.113784,,,,,,,1733.309208,1720.1418480000002,,,,,,,,,,1748.978976,1760.9820000000002,,1755.849168,,,,1751.295456,,,,,,1760.72292,1757.915712,1743.757752,1743.894912,1744.708728,,,,,1739.850216,,,,1733.345784,,,1731.9680880000003,1746.775272,,,,,,1723.296528,,,,,,1737.49716,1729.941168,,,,1719.8858160000002,,,1717.038984,1714.816992,,,,,,,,,,,,,,,,,,,,,,,,,,,,,,,,,,,,,1760.8082640000002,1763.2832400000002,1805.4888960000003,1766.913408,1760.110272,1758.6502800000003,,1756.45572,1763.38992,1760.3022960000003,1760.445552,,1744.025976
8644.0,,,,,,,,,,,,,,,,,,,,,,1779.480312,1773.277632,1764.47196,1766.690904,,,,,,1778.70612,1782.007104,,,,,,,1733.2970160000002,1720.132704,,,,,,,,,,1748.1804000000002,1760.811312,,1755.172512,,,,1750.716336,,,,,,1760.604048,1757.8638960000003,1743.7394640000002,1743.7729920000002,1744.967808,,,,,1738.737696,,,,1732.278984,,,1731.236568,1746.735648,,,1726.8748800000003,,,1722.63816,,,,,,1737.2868480000002,1729.371192,,,,1719.4926240000002,,,1716.490344,1714.600584,,,,,,,,,,,,,,,,,,,,,,,,,,,,,,,,,,,,,1761.049056,1763.234472,1805.4828,1766.617752,1759.93044,1758.488736,,1756.370376,1763.6368080000002,1760.241336,1760.384592,,1743.111576
8797.0,,,,,,,,,,,,,,,,,,,,,,,,,,,,,,,,,,,,,,,,,,,,,,,,,,,,,,,,,,,,,,,,,,,,,,,,,,,,,,,,,,,1727.54544,,,,,,,,,,,,,,,,,,,,,,,,,,,,,,,,,,,,,,,,,,,,,,,,,,,,,,,,,,,1760.2352400000002,,,,,,,,
8825.0,,,,,,,,,,,,,,,,,,,,,,1779.434592,1772.844816,1764.356136,1767.318792,,,,,,1778.696976,1781.882136,,,,,,,1733.357976,1720.096128,,,,,,,,,,1748.68332,1760.741208,,1755.7242,,,,1751.569776,,,,,,1761.067344,1757.8974240000002,1743.8796720000005,1744.114368,1744.72092,,,,,1740.264744,,,,1733.6658240000002,,,1731.971136,1746.5070480000002,,,1727.600304,,,1723.317864,,,,,,1737.55812,1730.1514800000002,,,,1720.27596,,,1717.1304240000002,1715.137032,,,,,,,,,,,,,,,,,,,,,,,,,,,,,,,,,,,,,1760.6680560000002,1763.060736,1805.4492720000003,1766.722908,1760.137704,1758.7020960000002,,1756.373424,1763.3868720000005,1760.4089760000002,1760.674152,,1743.6358320000002
8856.0,,,,,,,,,,,,,,,,,,,,,,,,,,,,,,,,,1782.4612560000005,,,,1765.959384,1741.843608,,,,,1730.017368,,,,,,,,,,,,,,,,,,,,,,,,,,,,,,,,,,,,,,,,,,,,,,,,,,,,,,,,,,,,,,,,,,,,,,,,,,,,,,,,,,,,,,,,,,,,,,,,,,,,,,,,,,,
8886.0,,,,,,,,,,,,,,,,,,,,,,,,,,,,,,,,,,,,,,,,,,,,,,,,,,,,,,,,,,,,,,,,,,,,,1745.047056,,,,,1738.560912,,,,,,,,,,,,,1732.461864,,,,,,,,,,,,,,,,,,,,,,,,,,,,,,,,,,,,,,,,,1667.624808,,,,,,,,,,,,,,,,,,,,,,
9009.0,,,,,,,,,,,,,,,,,,,,,,1779.583944,1772.9972160000002,1764.4018560000002,1766.74272,,,,,,1778.718312,1781.7876480000002,,,,,,,1733.147664,1720.1388000000002,,,,,,,,,,1748.847912,1760.759496,,1755.794304,,,,1750.7986320000002,,,,,,1760.6253840000002,1757.909616,1743.641928,1743.693744,1744.9982880000002,,,,,1738.8230400000002,,,,1732.214976,,,1731.2152320000002,1746.208344,,,1726.6142760000002,,,1722.5954880000002,,,,,,1737.45144,1729.118208,,,,1719.218304,,,1716.67932,1714.752984,,,,,,,,,,,,,,,,,,,,,,,,,,,,,,,,,,,,,1761.02772,1763.13084,1805.446224,1766.297712,1759.860336,1758.412536,,1756.3581840000002,1763.530128,1760.3114400000002,1760.424216,,1743.1572960000003
9162.0,,,,,,,,,,,,,,,,,,,,,,1779.5016480000002,1773.122184,1764.267744,1767.2608800000005,,,,,,1778.696976,1781.9034720000002,,,,,,,1733.406744,1720.09308,,,,,,,,,,1748.8905840000002,1760.713776,,1755.843072,,,,1751.597208,,,,,,1760.713776,1758.001056,1743.785184,1744.0564560000005,1744.891608,,,,,1740.380568,,,,1733.82432,,,1732.22412,1746.4704720000002,,,1727.7770880000005,,,1723.531224,,,,,,1737.616032,1730.331312,,,,1720.2820560000002,,,1717.042032,1715.042544,,,,,,,,,,,,,,,,,,,,,,,,,,,,,,,,,,,,,1760.8448400000002,1762.9692960000002,1805.476704,1766.5613640000001,1759.887768,1758.476544,,1756.4648640000005,1763.3472480000005,1760.308392,1760.442504,,1743.6266880000005
9221.0,,,,,,,,,,,,,,,,,,,,,,,,,,,,,,,,,,,,,,,,,,,,,,,,,,,,,,,,,,,,,,,,,,,,,1745.2848,,,,,1738.8626640000002,,,,,,,,,,,,,1733.208624,,,,,,,,,,,,,,,,,,,,,,,,,,,,,,,,,,,,,,,,,,,,,,,,,,,,,,,,,,,,,,,
9251.0,,,,,,,,,,,,,,,,,,,,,,,,,,,,,,,,,,,,,1765.992912,,,,,,1730.063088,,,,,,,,,,,,,,,,,,,,,,,,,,,,,,,,,,,,,,,,,,,,,,,,,,,,,,,,,,,,,,,,,,,,,,,,,,,,,,,,,,,,,1667.80464,,,,,,,,,,,,,,,,,,,,,,
9343.0,,,,,,,,,,,,,,,,,,,,,,1779.8582640000002,1772.6192640000002,1764.4780560000002,1767.35232,,,,,,1778.8768080000002,1782.055872,,,,,,,1733.324448,1720.251576,,,,,,,,,,1748.9637360000002,1760.9820000000002,,1756.157016,,,,1750.935792,,,,,,1761.268512,1758.156504,1743.6602160000002,1743.7729920000002,1745.10192,,,,,1739.063832,,,,1733.559144,,,1732.400904,1746.592392,,,1727.795376,,,1723.570848,,,,,,1737.64956,1730.282544,,,,1720.163184,,,1717.4718,1715.121792,,,,,,,,,,,,,,,,,,,,,,,,,,,,,,,,,,,,,1761.95736,1763.3838240000002,1805.522424,1766.724432,,1758.412536,,1756.827576,1763.6002320000002,1760.5552800000005,1760.8478880000002,,1743.6388800000002
9374.0,,,,,,,,,,,,,,,,,,,,,,,,,,,,,,,,,,,,,,,,,,,,,,,,,,,,,,,,,,,,,,,,,,,,,,,,,,,,,,,,,,,,,,,,,,,,,,,,,,,,,,,,,,,,,,,,,,,,,,,,,,,,,,,,,,,,,,,,,,,,,,1760.076744,,,,,,,,
9556.0,,,,,,,,,,,,,,,,,,,,,,1779.4498320000002,1772.8874880000003,1764.15192,1767.0078960000003,,,,,,1778.7426960000005,1783.061712,,,,,,,1733.3732160000002,1720.135752,,,,,,,,,,1749.27768,1761.158784,,1755.7242,,,,1751.514912,,,,,,1760.640624,1757.8334160000002,1743.727272,1743.9894000000002,1744.940376,,,,,1740.307416,,,,1733.8730880000005,,,1732.455768,1746.7447920000002,,,1728.0300720000002,,,1723.772016,,,,,,1737.6038400000002,1730.648304,,,,1720.71792,,,1717.5632400000002,1715.423544,,,,,,,,,,,,,,,,,,,,,,,,,,,,,,,,,,,,,1760.5156560000005,1762.8290880000002,1805.626056,1767.498624,1760.323632,1758.9428880000005,,1759.220256,1763.43564,1760.293152,,,1743.666312
9587.0,,,,,,,,,,,,,,,,,,,,,,,,,,,,,,,,,,,,,1766.035584,,,,,,1729.5114,,,,,,,,,,,,,,,,,,,,,,,,,,1745.293944,,,,,1738.713312,,,,,,,1733.1964320000002,,,,,,1733.226912,,,,,,,,,,,,,,,,,,,,,,,,,,,,,,,,,,,,,,,,,1667.8320720000002,,,,,,,,,,,,,,,,,,,,,,
9740.0,,,,,,,,,,,,,,,,,,,,,,1779.63576,1772.77776,1764.1763039999998,1766.8402560000002,,,,,,1778.773176,1783.305552,,,,,,,1733.3396880000005,1720.160136,,,,,,,,,,1749.1618560000002,1761.390432,,1755.718104,,,,1750.987608,,,,,,1760.802168,1758.019344,1743.632784,1743.8034720000005,1745.02572,,,,,1738.8596160000002,,,,1732.9038240000002,,,1731.40116,,,,1726.67676,,,1722.629016,,,,,,1737.457536,1729.0724880000002,,,,1719.404232,,,1716.8164800000002,1714.993776,,,,,,,,,,,,,,,,,,,,,,,,,,,,,,,,,,,,,1760.826552,1762.9266240000002,1805.54376,1767.7272240000002,,,,,1763.3624880000002,1760.2992480000005,,,1743.39504
9770.0,,,,,,,,,,,,,,,,,,,,,,,,,,,,,,,,,,,,,,,,,,,,,,,,,,1749.311208,,,,,,,,,,,,,,,,,,,,,,,,,,,,,,,,,1727.2558800000002,,,,,1730.779368,,,,,,,,,,,,,,,,,,,,,,,,,,,,,,,,,,,,,,,,,,,,,,,,,,,,,1767.7698960000002,1760.6772,,,,,,,,
9921.0,,,,,,,,,,,,,,,,,,,,,,1779.4650720000002,1772.6436480000002,1764.07572,1766.882928,,,,,,1778.7396480000002,1783.525008,,,,,,,1733.361024,1720.114416,,,,,,,,,,1749.4788480000002,1761.497112,,1755.5016960000005,,,,1751.505768,,,,,,1760.5278480000002,1757.7998880000002,1743.73032,1744.00464,1744.864176,,,,,1740.4384800000005,,,,1733.967576,,,1732.49844,,1733.117184,,1727.94168,,,1723.564752,,,,,,1737.631272,1730.474568,,,,1720.4588400000002,,,1717.2858720000002,1715.271144,,,,,,,,,,,,,,,,,,,,,,,,,,,,,,,,,,,,,1759.954824,1762.7132640000002,1805.568144,1767.849144,1760.8814160000002,1759.482384,,,1762.807752,1760.360208,1760.58576,,1743.79128
9952.0,,,,,,,,,,,,,,,,,,,,,,,,,,,,,,,,,,,,,,,,,,,,,,,,,,,,,,,,,,,,,,,,,,,,,,,,,,1738.91448,,,,,,,,,,,,,1732.617312,,,,,,,,,,,,,,,,,,,,,,,,,,,,,,,,,,,,,,,,,,,,,,,,,,,,,,,,,,,,,,,
9982.0,,,,,,,,,,,,,,,,,,,,,,,,,,,,,,,1778.681736,,,,,,,,,,,,1729.9716480000002,,,,,,,,,,1755.468168,,,,,,,,,,,,,,,,1745.364048,,,,,,,,,,,,,,,,,,,,,,,,,,,,,,,,,,,,,,,,,,,,,,,,,,,,,,,,,,,1667.822928,,,,,,,,,,1759.6926960000003,,,,,,,,1762.923576,,,,
10105.0,,,,,,,,,,,,,,,,,,,,,,1779.873504,1772.8692,1764.4414800000002,1766.98656,,,,,,1778.834136,1783.387848,,,,,,,1733.257392,1720.2089039999998,,,,,,,,,,1749.38436,1761.661704,,1755.879648,,,,1751.42652,,,,,,1760.72292,1758.296712,1743.809568,1744.013784,1745.1110640000002,,,,,1740.14892,,,,1733.525616,,,1732.166208,1746.958152,,,1727.703936,,,1723.378824,,,,,,1737.6007920000002,1730.1972,,,,1720.361304,,,1717.218816,1715.103504,,,,,,,,,,,,,,,,,,,,,,,,,,,,,,,,,,,,,1761.60684,1763.307624,1805.507184,1767.9802080000002,1761.085632,1759.659168,,,1763.2222800000002,1760.405928,1760.573568,,1746.47352
10286.0,,,,,,,,,,,,,,,,,,,,,,1779.611376,1772.521728,1764.206784,1766.831112,,,,,,1778.7366000000002,1783.842,,,,,,,1733.379312,1720.120512,,,,,,,,,,1749.599244,1761.63732,,1755.974136,,,,1751.450904,,,,,,1760.4150720000002,1757.869992,1743.8552880000002,1744.117416,1744.94952,,,,,1740.542112,,,,1734.092544,,,1732.6234080000002,1747.3909680000002,,,1728.151992,,,1723.881744,,,,,,1737.6373680000002,1730.6787840000002,,,,1720.708776,,,1717.4778960000003,1715.377824,,,,,,,,,,,,,,,,,,,,,,,,,,,,,,,,,,,,,1761.7074240000002,1763.042448,1805.8638,1768.1006040000002,1761.039912,,,,1763.213136,1759.848144,,,
10317.0,,,,,,,,,,,,,,,,,,,,,,,,,,,,,,,,,1783.3268880000005,,,,,,,,,,1730.33436,,,,,,,,,,,,,,,,,,,,,,,,,,1745.638368,,,,,1739.2192800000005,,,,,,,1733.4494160000002,,,,,,1733.4494160000002,,,,,,,,,,,,,,,,,,,,,,,,,,,,,,,,,,,,,,,,,1668.082008,,,,,,,,,,,,,,,,,,,,,,
10470.0,,,,,,,,,,,,,,,,,,,,,,1779.852168,1772.7198480000002,1764.3348,1766.645184,,,,,,1778.7670800000003,,,,,,,,1733.315304,1720.163184,,,,,,,,,,1749.49104,1762.341408,,1756.08996,,,,1751.4478560000002,,,,,,1761.0764880000002,1758.14736,1743.797376,1743.971112,1745.08668,,,,,1740.091008,,,,1733.464656,,,1732.035144,1747.47936,,,1727.4540000000002,,,1723.235568,,,,,,1737.548976,1729.944216,,,,1720.071744,,,1717.252344,1715.21628,,,,,,,,,,,,,,,,,,,,,,,,,,,,,,,,,,,,,1761.9146880000003,1763.17656,1805.81808,1768.1752800000002,1761.40872,,,,1763.23752,1760.305344,,,1743.7760400000002
10651.0,,,,,,,,,,,,,,,,,,,,,,1779.623568,1772.561352,,1766.5750800000003,,,,,,1778.7426960000005,1784.155944,1783.2506880000003,,,,,,1733.3762640000002,1720.09308,,,1729.319376,,,,,,,1749.710496,1761.8110560000002,,1755.93756,,,,1751.3442240000002,,,,,,1760.348016,1757.830368,1743.794328,1744.053408,1744.891608,,1745.556072,,,1740.4750560000002,,1739.1948960000002,,1734.0620640000002,,,1732.699608,1747.3940160000002,1733.525616,,1724.902824,,,1723.924416,1733.5896240000002,,,,,1738.0336080000002,1730.694024,,,,1720.8306960000002,,,1717.453512,1715.316864,,,,,,,,,,,,,,,,,,,,,,,,,,,1668.018,,,,,,,,,,1761.539784,1762.97844,1805.754072,1769.4402,,,,,,1759.963968,,,1743.9497760000002
10835.0,,,,,,,,,,,,,,,,,,,,,,1780.6324560000005,1774.8412560000002,,1766.675664,,,,,,1778.910336,,,,,,,,1733.6658240000002,1720.3155840000002,,,,,,,,,,1749.969576,1762.1310960000003,,1756.76052,,,,1751.926392,,,,,,1760.8448400000002,1758.488736,1743.8552880000002,1744.077792,1745.144592,,,,,1740.243408,,,,1733.912712,,,1732.75752,,,,1727.8532880000002,,,1723.957944,,,,,,1737.826344,1730.437992,,,,1720.9008,,,1717.953384,1715.588136,,,,,,,,,,,,,,,,,,,,,,,,,,,,,,,,,,,,,1762.390176,,1806.314904,1768.4526480000002,,,,,,1760.332776,,,1744.150944
11016.0,,,,,,,,,,,,,,,,,,,,,,1779.657096,,,1766.949984,,,,,,1778.7792720000002,1785.100824,1783.5372,,,,,,1733.379312,1720.150992,,,1729.919832,,,,,,,1750.018344,1762.33836,,1756.382568,,,,1751.6977920000002,,,,,,1760.28096,1757.8120800000002,1743.833952,1744.123512,1745.028768,,1745.6658,,,1740.813384,,,,1734.409536,,,1733.025744,,1733.7694560000002,,1728.5208,,,1724.2292160000002,1733.8730880000005,,,,,1737.731856,1731.026256,,,,1721.1812160000002,,,1717.8771840000002,1715.563752,,,,,,,,,,,,,,,,,,,,,,,,,,,1667.533368,,,,,,,,,,1762.23168,,1806.36672,1768.9830000000002,,,,,,1760.101128,1760.558328,,1744.181424
11169.0,,,,,,,,,,,,,,,,,,,,,,1779.7272,,,1766.303808,,,,,,1778.760984,1785.2288400000002,,,,,,,1733.074512,1720.090032,,,,,,,,,,1749.6952560000002,1762.365792,,1756.385616,,,,1751.2344960000005,,,,,,1760.11332,1757.821224,,,1744.98,,,,,1738.987632,,,,1732.8642,,,1731.928464,,,,1727.3016,,,1723.15632,,,,,,1737.353904,1729.8222960000005,,,,1719.919344,,,1716.990216,1714.7712720000002,,,,,,,,,,,,,,,,,,,,,,,,,,,,,,,,,,,,,1762.621824,,1805.872944,1769.010432,,,,,,,,,1743.6846
11353.0,,,,,,,,,,,,,,,,,,,,,,1779.596136,,,1766.59032,,,,,,1778.727456,1785.292848,,,,,,,1733.370168,1720.0626,,,,,,,,,,1750.170744,1762.423704,,1756.550208,,,,1751.709984,,,,,,1760.091984,1757.7876960000003,1743.763848,1743.998544,1744.928184,,,,,1740.7310880000002,,,,1734.2022720000002,,,1732.580736,,,,1727.984352,,,1723.531224,,,,,,1737.612984,1730.56296,,,,1720.48932,,,1717.22796,1715.2040880000002,,,,,,,,,,,,,,,,,,,,,,,,,,,,,,,,,,,,,,,1805.6352,1769.18112,,,,,,,,,1744.282008
11442.0,,,,,,,,,,,,,,,,,,,,,,,,,,,,,,,,,1783.1196240000002,,,,,,,,,,1729.627224,,,,,,,,,,,,,,,,,,,,,,,,,,1745.6718960000003,,,,,,,,,,,,1733.400648,,,,,,1732.84896,,,,,,,,,,,,,,,,,,,,,,,,,,,,,,,,,,,,,,,,,1667.978376,,,,,,,,,,,,,,,,,,,,,,
11565.0,,,,,,,,,,,,,,,,,,,,,,1779.687576,,,1766.337336,,,,,,,1784.9392800000005,,,,,,,1733.013552,1720.096128,,,,,,,,,,1749.7318320000002,1762.195104,,1756.251504,,,,1751.469192,,,,,,1759.936536,1757.738928,1743.6266880000005,1744.074744,1744.791024,,,,,1739.316816,,,,1732.4344320000002,,,1731.535272,,,,1726.780392,,,1722.6930240000002,,,,,,1737.1344480000002,1729.346808,,,,1719.465192,,,1716.6762720000002,1714.634112,,,,,,,,,,,,,,,,,,,,,,,,,,,,,,,,,,,,,,,1805.568144,1768.9250880000002,,,,,,,,,1743.651072
11746.0,,,,,,,,,,,,,,,,,,,,,,1779.5991840000002,,,1766.4744960000005,,,,,,,1784.674104,,,,,,,1733.431128,1720.1022240000002,,,,,,,,,,1750.1524560000005,1762.112808,,1755.925368,,,,1751.6002560000002,,,,,,1759.896912,1757.677968,1743.8430960000003,1744.153992,1744.632528,,,,,1740.62136,,,,1733.967576,,,1732.3704240000002,,,,1727.658216,,,1723.259952,,,,,,1737.631272,1730.267304,,,,1720.129656,,,1717.042032,1715.073024,,,,,,,,,,,,,,,,,,,,,,,,,,,,,,,,,,,,,,,1805.555952,1768.7330640000002,,,,,,,,,1744.114368
11777.0,,,,,,,,,,,,,,,,,,,,,,,,,,,,,,,,,,,,,,,,,,,,,,,,,,,,,,,,,,,,,,,,,,,,,,,,,,,,,,,,,1733.025744,,,,,,1733.1232800000002,,,,,,,,,,,,,,,,,,,,,,,,,,,,,,,,,,,,,,,,,,,,,,,,,,,,,,,,,,,,,,,
11807.0,,,,,,,,,,,,,,,,,,,,,,,,,,,,,,,,,1782.961128,,,,,,,,,,1729.26756,,,,,,,,,,,,,,,,,,,,,,,,,,,,,,,,,,,,,,,,,,,,,,,,,,,,,,,,,,,,,,,,,,,,,,,,,,,,,,,,,,,,,1668.234408,,,,,,,,,,,,,,,,,,,,,,
11930.0,,,,,,,,,,,,,,,,,,,,,,1779.6022320000002,,,1766.197128,,,,,,,1784.183376,,,,,,,1732.858104,1720.019928,,,,,,,,,,1749.4026480000002,1761.7348560000005,,1755.553512,,,,1751.2466880000002,,,,,,1759.79328,1757.626152,1743.370656,1743.529152,1744.550232,,,,,1738.6432080000002,,,,1731.8766480000002,,,1730.992728,,,,1726.118976,,,1721.958456,,,,,,1736.863176,1728.557376,,,,1718.346576,,,1715.42964,1713.683136,,,,,,,,,,,,,,,,,,,,,,,,,,,,,,,,,,,,,,,1805.519376,1768.233192,,,,,,,,,1743.34932
12111.0,,,,,,,,,,,,,,,,,,,,,,1779.586992,,,1766.5110720000002,,,,,,,1783.8663840000002,1782.7873920000002,,,,,,1733.388456,1720.1174640000002,,,1726.75296,,,,,,,1750.134168,1761.725712,,1755.733344,,,,1751.5332,,,,,,1760.421168,1757.830368,1743.6846,1744.077792,1744.504512,,,,,1740.417144,,,,1733.67192,,,1732.0412400000002,,,,1727.5210560000005,,,1723.35444,,,,,,1737.414864,1730.06004,,,,1720.239384,,,1717.06032,1715.0638800000002,,,,,,,,,,,,,,,,,,,,,,,,,,,1667.173704,,,,,,,,,,,,1805.51328,1768.2362400000002,,,,,,,,,1744.038168
12142.0,,,,,,,,,,,,,,,,,,,,,,,,,,,,,,,,,,,,,,,,,,,,,,,,,,,,,,,,,,,,,,,,,,,,,,,,,,,,,,,,,1732.8428640000002,,,,,,1732.9800240000002,,,,,,,,,,,,,,,,,,,,,,,,,,,,,,,,,,,,,,,,,,,,,,,,,,,,,,,,,,,,,,,
12264.0,,,,,,,,,,,,,,,,,,,,,,1779.6692880000005,,,1766.2946640000002,,,,,,,1783.372608,,,,,,,1732.9830720000002,1720.096128,,,,,,,,,,1749.469704,1761.4544400000002,,1754.526336,,,,1751.219256,,,,,,1759.936536,1757.665776,1743.33408,1743.5565840000002,1744.5014640000002,,,,,1739.277192,,,,1732.6508400000002,,,1731.559656,,,,1726.801728,,,1722.574152,,,,,,1737.0734880000002,1729.395576,,,,1719.13296,,,1716.441576,1714.371984,,,,,,,,,,,,,,,,,,,,,,,,,,,,,,,,,,,,,,,1805.494992,1767.8308560000005,,,,,,,,,1743.602304
12477.0,,,,,,,,,,,,,,,,,,,,,,1779.763776,,,1766.413536,,,,,,,1782.8635920000002,,,,,,,1733.342736,1720.0290720000005,,,,,,,,,,1749.718116,1761.30204,,1756.077768,,,,1751.4844320000002,,,,,,1759.787184,1757.6840640000005,1743.66936,1744.0198800000005,1744.458792,,,,,1740.3744720000002,,,,1733.7664080000002,,,1732.166208,,,,1727.59116,,,1723.3635840000002,,,,,,1737.561168,1730.178912,,,,,,,1717.072512,1715.057784,,,,,,,,,,,,,,,,,,,,,,,,,,,,,,,,,,,,,,,1805.470608,1767.553488,,,,,,,,,
12508.0,,,,,,,,,,,,,,,,,,,,,,,,,,,,,,,,,,,,,,,,,,,1727.249784,,,,,,,,,,,,,,,,,,,,,,,,,,1745.5896,,,,,,,,,,,,1732.9708800000003,,,,,,,,,,,,,,,,,,,,,,,,,,,,,,,,,,,,,,,,,,,,,,,1666.679928,,,,,,,,,,,,,,,,,,,,,,
12538.0,,,,,,,,,,,,,,,,,,,,,,,,,,,,,,,,,1783.06476,,,,,,,,,,,,,,,,,,,,,,,,,,,,,,,,,,,,,,,,,,,,,,,,,,,,,,,,,,,,,,,,,,,,,,,,,,,,,,,,,,,,,,,,,,,,,,,,,,,,,,,,,,,,,,,,,,,,,
12661.0,,,,,,,,,,,,,,,,,,,,,,1780.0746720000002,,,1766.733576,,,,,,,1782.808728,,,,,,,1733.461608,1720.12356,,,,,,,,,,1748.8082880000002,1761.2380320000002,,1756.571544,,,,1751.362512,,,,,,1760.832648,1758.302808,1743.6358320000002,1743.888816,1744.4496480000005,,,,,1739.578944,,,,1733.0470800000005,,,1731.422496,,,,1726.79868,,,1722.69912,,,,,,1737.5672640000005,1729.352904,,,,,,,,1715.17056,,,,,,,,,,,,,,,,,,,,,,,,,,,,,,,,,,,,,,,1805.464512,1767.227352,,,,,,1760.348016,1760.655864,,
12814.0,,,,,,,,,,,,,,,,,,,,,,1779.6784320000002,,,1766.5110720000002,,,,,,,1782.3942000000002,,,,,,,1733.345784,1720.035168,,,,,,,,,,1749.5946720000002,1760.957616,,1756.4770560000002,,,,1751.359464,,,,,,1759.8694800000003,1757.6566320000002,1743.687648,1744.038168,1744.498416,,,,,1740.34704,,,,1733.7298320000002,,,1732.1540160000002,,,,1727.691744,,,,,,,,,1737.698328,1730.221584,,,,,,,,1715.243712,,,,,,,,,,,,,,,,,,,,,,,,,,,,,,,,,,,,,,,1805.516328,1767.059712,,,,,,1760.05236,,,
12873.0,,,,,,,,,,,,,,,,,,,,,,,,,,,,,,,,,1783.5554880000002,,,,,,,,,,1727.505816,,,,,,,,,,,,,,,,,,,,,,,,,,1745.519496,,,,,,,,,,,,1733.5804800000003,,,,,,1734.0072,,,,,,,,,,,,,,,,,,,,,,,,,,,,,,,,,,,,,,,,,1666.622016,,,,,,,,,,,,,,,,,,,,,,
12995.0,,,,,,,,,,,,,,,,,,,,,,1779.907032,,,1766.2550400000002,,,,,,,,,,,,,,1732.90992,1720.035168,,,,,,,,,,1749.2228160000002,1760.927136,,1756.345992,,,,1751.4478560000002,,,,,,1759.796328,1757.714544,1743.59316,1743.861384,1744.443552,,,,,1739.033352,,,,1731.7882560000005,,,1730.986632,,,,1726.1768880000002,,,1722.412608,,,,,,1736.979,1728.590904,,,,,,,,1714.320168,,,,,,,,,,,,,,,,,,,,,,,,,,,,,,,,,,,,,,,,1766.934744,,,,,,,,,
13179.0,,,,,,,,,,,,,,,,,,,,,,1779.596136,,,1766.5446000000002,,,,,,,1782.314952,,,,,,,1733.3518800000002,1720.044312,,,,,,,,,,1749.457512,1760.9058,,1756.367328,,,,1751.6398800000002,,,,,,1759.74756,1757.6596800000002,1743.712032,1744.0320720000002,1744.4526960000003,,,,,1739.9416560000002,,,,1733.141568,,,1733.00136,,,,1726.896216,,,1722.571104,,,,,,1737.2898960000002,1729.25232,,,,,,,,1714.77432,,,,,,,,,,,,,,,,,,,,,,,,,,,,,,,,,,,,,,,,1766.91036,,,,,,,,,
13238.0,,,,,,,,,,,,,,,,,,,,,,,,,,,,,,,,,1783.5158640000002,,,,,,,,,,1726.740768,,,,,,,,,,,,,,,,,,,,,,,,,,1745.3914800000002,,,,,,,,,,,,1732.754472,,,,,,1733.425032,,,,,,,,,,,,,,,,,,,,,,,,,,,,,,,,,,,,,,,,,1666.1892,,,,,,,,,,,,,,,,,,,,,,
13360.0,,,,,,,,,,,,,,,,,,,,,,1779.812544,,,1766.4714480000002,,,,,,,,,,,,,,1733.169,1720.026024,,,,,,,,,,,,,1756.2210240000002,,,,1751.402136,,,,,,1760.3114400000002,1757.8608480000005,1743.544392,1743.712032,,,,,,1739.121744,,,,1731.769968,,,,,,,,,,,,,,,,1737.000336,1728.216,,,,,,,,1714.3658880000005,,,,,,,,,,,,,,,,,,,,,,,,,,,,,,,,,,,,,,,,,,,,,,1760.49432,,,
13391.0,,,,,,,,,,,,,,,,,,,,,,,,,,,,,,,,1782.168648,,,,,,,,,,,,,,,,,,1749.177096,1760.930184,,,,,,,,,,,,,,,,1744.43136,,,,,,,,,,,,1730.651352,,,,1725.933048,,,1721.9310240000002,,,,,,,,,,,,,,,,,,,,,,,,,,,,,,,,,,,,,,,,,,,,,,,,,,,,,,,1766.825016,,,,,,,,,
13544.0,,,,,,,,,,,,,,,,,,,,,,1779.577848,,,1766.642136,,,,,,,1782.1442640000002,,,,,,,1733.38236,1720.0656480000002,,,,,,,,,,,1760.87532,,1756.422192,,,,1751.0546640000002,,,,,,1760.2962,1757.64444,1743.5962080000002,1743.580968,1744.480128,,,,,1740.49944,,,,1732.897728,,,1731.40116,,,,,,,1722.5558640000002,,,,,,1737.2472240000002,1729.3132800000003,,,,,,,,1714.78956,,,,,,,,,,,,,,,,,,,,,,,,,,,,,,,,,,,,,,,,,,,,,,1760.445552,,,
13572.0,,,,,,,,,,,,,,,,,,,,,,,,,,,,,,,,,,,,,,,,,,,,,,,,,,1749.2990160000002,,,,,,,,,,,,,,,,,,,,,,,,,,,,,,,,,1726.8474480000002,,,,,,,,,,,,,,,,,,,,,,,,,,,,,,,,,,,,,,,,,,,,,,,,,,,,,,,,,,1766.8280640000005,,,,,,,,,
13664.0,,,,,,,,,,,,,,,,,,,,,,,,,,,,,,,,,1784.570472,,,,,,,,,,1726.457304,,,,,,,,,,,,,,,,,,,,,,,,,,1745.30004,,,,,,,,,,,,1732.026,,,,,,1733.0166000000002,,,,,,,,,,,,,,,,,,,,,,,,,,,,,,,,,,,,,,,,,1666.875,,,,,,,,,,,,,,,,,,,,,,
13725.0,,,,,,,,,,,,,,,,,,,,,,1779.775968,,,1766.444016,,,,,,,1782.007104,,,,,,,1733.0470800000005,1720.129656,,,,,,,,,,,1760.89056,,1756.413048,,,,1751.2070640000002,,,,,,1760.317536,1757.894376,1743.526104,1743.79128,1744.531944,,,,,1740.0422400000002,,,,1732.211928,,,1730.919576,,,,1725.954384,,,1721.854824,,,,,,1736.911944,1728.7128240000002,,,,,,,,1714.31712,,,,,,,,,,,,,,,,,,,,,,,,,,,,,,,,,,,,,,,,,,,,,,1760.762544,,,
13756.0,,,,,,,,,,,,,,,,,,,,,,,,,,,,,,,,,,,,,,,,,,,,,,,,,,1749.131376,,,,,,,,,,,,,,,,,,,,,,,,,,,,,,,,,,,,,,,,,,,,,,,,,,,,,,,,,,,,,,,,,,,,,,,,,,,,,,,,,,,,,,,,,,,1766.754912,,,,,,,,,
13938.0,,,,,,,,,,,,,,,,,,,,,,1779.510792,,,1766.495832,,,,,,,1781.970528,,,,,,,1733.3732160000002,1720.04736,,,,,,,,,,1749.36912,1760.73816,,1756.15092,,,,1751.36556,,,,,,1760.08284,1757.5712880000003,1743.6266880000005,1743.940632,1744.534992,,,,,1740.801192,,,,1733.4158880000002,,,1731.7882560000005,,,,1727.228448,,,1722.921624,,,,,,1737.338664,1729.6790400000002,,,,,,,,1714.8352800000002,,,,,,,,,,,,,,,,,,,,,,,,,,,,,,,,,,,,,,,,1766.632992,,,,,,1760.2321920000002,,,
13969.0,,,,,,,,,,,,,,,,,,,,,,,,,,,,,,,,,1784.015736,,,,,,,,,,1726.548744,,,,,,,,,,,,,,,,,,,,,,,,,,,,,,,,,,,,,,,,,,,,,,,,,,,,,,,,,,,,,,,,,,,,,,,,,,,,,,,,,,,,,,,,,,,,,,,,,,,,,,,,,,,
13999.0,,,,,,,,,,,,,,,,,,,,,,,,,,,,,,,,,,,,,,,,,,,,,,,,,,,,,,,,,,,,,,,,,,,,,1745.1324000000002,,,,,,,,,,,,1732.84896,,,,,,1733.21472,,,,,,,,,,,,,,,,,,,,,,,,,,,,,,,,,,,,,,,,,1666.3812240000002,,,,,,,,,,,,,,,,,,,,,,
14030.0,,,,,,,,,,,,,,,,,,,,,,,,,,,,,,,,,,,,,,,,,,,,,,,,,,,,,,,,,,,,,,,,,,,,,,,,,,,,,,,,,,,1727.228448,,,,,,,,,,,,,,,,,,,,,,,,,,,,,,,,,,,,,,,,,,,,,,,,,,,,,,,,,,,,,,,,,,,
14122.0,,,,,,,,,,,,,,,,,,,,,,1779.907032,,,1766.480592,,,,,,,1781.83032,,,,,,,1733.257392,1720.013832,,,,,,,,,,1749.0734640000005,1760.6284320000002,,1756.12044,,,,1751.255832,,,,,,1760.28096,1757.5773840000002,1743.5962080000002,1743.88272,1744.4496480000005,,,,,1739.6642880000002,,,,1731.4712640000002,,,1730.6178240000002,,,,,,,1721.4982080000002,,,,,,1736.829648,1727.725272,,,,,,,,1714.106808,,,,,,,,,,,,,,,,,,,,,,,,,,,,,,,,,,,,,,,,1766.730528,,,,,,1760.506512,,,
14303.0,,,,,,,,,,,,,,,,,,,,,,1779.532128,,,,,,,,,,1781.75412,,,,,,,1733.388456,1720.053456,,,,,,,,,,1749.44532,1760.573568,,1755.9314640000002,,,,1751.28936,,,,,,1760.18952,1757.5408080000002,1743.632784,1743.9528240000002,1744.519752,,,,,1741.0450320000002,,,,1733.6566800000005,,,1731.8370240000002,,,,,,,1722.671688,,,,,,1737.533736,1729.569312,,,,,,,,1714.4664720000003,,,,,,,,,,,,,,,,,,,,,,,,,,,,,,,,,,,,,,,,1766.450112,,,,,,1760.35716,,,
14334.0,,,,,,,,,,,,,,,,,,,,,,,,,,,,,,,,,1784.1620400000002,,,,,,,,,,1726.3872,,,,,,,,,,,,,,,,,,,,,,,,,,1746.0772800000002,,,,,,,,,,,,1733.76336,,,,,,1733.2756800000002,,,,,,,,,,,,,,,,,,,,,,,,,,,,,,,,,,,,,,,,,1666.0368,,,,,,,,,,,,,,,,,,,,,,
14456.0,,,,,,,,,,,,,,,,,,,,,,1779.7424400000002,,,,,,,,,,1781.696208,,,,,,,1733.178144,1719.809616,,,,,,,,,,1749.198432,1760.558328,,1756.022904,,,,1751.011992,,,,,,1761.091728,1757.6474880000003,,,1744.50756,,,,,1740.0422400000002,,,,1732.6142640000005,,,1731.6114720000005,,,,1726.81392,,,1722.461376,,,,,,1737.1496880000002,1729.913736,,,,,,,,,,,,,,,,,,,,,,,,,,,,,,,,,,,,,,,,,,,,,,,,1766.316,,,,,,,,,
14640.0,,,,,,,,,,,,,,,,,,,,,,,,,,,,,,,,,,,,,,,,,,,,,,,,,,1749.649536,,,,,,,,,,,,,,,,,,,,,,,,,,,,,,,,,,,,,,,,,,,,,,,,,,,,,,,,,,,,,,,,,,,,,,,,,,,,,,,,,,,,,,,,,,,1766.4470640000002,,,,,,,,,
14668.0,,,,,,,,,,,,,,,,,,,,,,1779.586992,,,,,,,,,,1781.6870640000002,,,,,,,1733.4738,1720.038216,,,,,,,,,,,1760.08284,,1755.882696,,,,1751.19792,,,,,,1760.1590400000002,1757.513376,1743.5870640000005,1743.9192960000005,1744.483176,,,,,1740.98712,,,,1733.51952,,,1732.123536,,,,,,,1723.299576,,,,,,1737.430104,1730.1118560000002,,,,,,,,,,,,,,,,,,,,,,,,,,,,,,,,,,,,,,,,,,,,,,,,,,,,,,,,,
14760.0,,,,,,,,,,,,,,,,,,,,,,,,,,,,,,,,,1784.42112,,,,,,,,,,1727.54544,,,,,,,,,,,,,,,,,,,,,,,,,,1745.2848,,,,,,,,,,,,1732.595976,,,,,,1732.367376,,,,,,,,,,,,,,,,,,,,,,,,,,,,,,,,,,,,,,,,,1666.198344,,,,,,,,,,,,,,,,,,,,,,
14821.0,,,,,,,,,,,,,,,,,,,,,,,,,,,,,,,,1781.668776,,,,,,,1733.104992,1720.053456,,,,,,,,,,1749.0826080000002,1760.430312,,1755.9070800000002,,,,1750.8138720000002,,,,,,1760.497368,1757.5712880000003,1743.541344,1743.827856,1744.428312,,,,,1739.9020320000002,,,,1731.8796960000002,,,1731.17256,,,,,,,1722.482712,,,,,,1736.829648,1729.1090640000002,,,,,,,,,,,,,,,,,,,,,,,,,,,,,,,,,,,,,,,,,,,,,,,,1766.1910320000002,,,,,,,,,
15033.0,,,,,,,,,,,,,,,,,,,,,,,,,,,,,,,,1781.6443920000002,,,,,,,1733.42808,1720.09308,,,,,,,,,,1749.2654880000002,1760.421168,,1755.736392,,,,1751.1704880000002,,,,,,1760.399832,1757.4768,1743.6388800000002,1744.013784,1744.3856400000002,,,,,1740.999312,,,,1733.50428,,,1731.132936,,,,,,,1722.7936080000002,,,,,,1737.4605840000002,1729.660752,,,,,,,,,,,,,,,,,,,,,,,,,,,,,,,,,,,,,,,,,,,,,,,,,,,,,,,,,
15064.0,,,,,,,,,,,,,,,,,,,,,,,,,,,,,,,,,1784.171184,,,,,,,,,,,,,,,,,,,,,,,,,,,,,,,,,,,,1745.318328,,,,,,,,,,,,1732.1143920000002,,,,,,1732.050384,,,,,,,,,,,,,,,,,,,,,,,,,,,,,,,,,,,,,,,,,1666.213584,,,,,,,,,,,,,,,,,,,,,,
15217.0,,,,,,,,,,,,,,,,,,,,,,,,,,,,,,,,,,,,,,,1732.81848,1720.010784,,,,,,,,,,1749.030792,1760.436408,,1755.699816,,,,1750.627944,,,,,,1760.26572,1757.4006000000002,1743.4224720000002,1743.7150800000002,1744.410024,,,,,1739.5728480000002,,,,1731.145128,,,1730.636112,,,1725.573384,,,,1721.87616,,,,,,1736.579712,1728.249528,,,,,,,,,,,,,,,,,,,,,,,,,,,,,,,,,,,,,,,,,,,,,,,,,,,,,,,,,
15399.0,,,,,,,,,,,,,,,,,,,,,,,,,,,,,,,,1781.549904,,,,,,,1733.5560960000005,1720.135752,,,,,,,,,,1749.320352,1760.348016,,1755.8766,,,,1751.1918240000002,,,,,,1760.4272640000002,1757.501184,1743.5626800000002,1743.894912,1744.7422560000002,,,,,1740.609168,,,,1732.8001920000002,,,1731.8233080000002,,,1726.9480320000002,,,,1722.857616,,,,,,1737.2136960000005,1729.685136,,,,,,,,,,,,,,,,,,,,,,,,,,,,,,,,,,,,,,,,,,,,,,,,,,,,,,,,,
15430.0,,,,,,,,,,,,,,,,,,,,,,,,,,,,,,,,,1783.924296,,,,,,,,,,,,,,,,,,,,,,,,,,,,,,,,,,,,1744.73616,,,,,,,,,,,,1731.93456,,,,,,1731.59928,,,,,,,,,,,,,,,,,,,,,,,,,,,,,,,,,,,,,,,,,1664.10132,,,,,,,,,,,,,,,,,,,,,,
15552.0,,,,,,,,,,,,,,,,,,,,,,,,,,,,,,,,,,,,,,,,,,,,,,,,,,1749.1252800000002,1760.2718160000002,,,,,,,,,,,,,,,,,,,,,,,,,,,,,,,1725.168,,,,,,,,,,,,,,,,,,,,,,,,,,,,,,,,,,,,,,,,,,,,,,,,,,,,,,,,,,,,,,,,,,,,
15583.0,,,,,,,,,,,,,,,,,,,,,,,,,,,,,,,,1781.443224,,,,,,,1733.03184,1720.0626,,,,,,,,,,,,,1755.599232,,,,1750.6980480000002,,,,,,1760.2626720000003,1757.52252,1743.3858960000002,1743.712032,1744.656912,,,,,1739.027256,,,,1729.547976,,,1730.587344,,,,,,,1721.78472,,,,,,1736.646768,1727.996544,,,,,,,,,,,,,,,,,,,,,,,,,,,,,,,,,,,,,,,,,,,,,,,,,,,,,,,,,
15736.0,,,,,,,,,,,,,,,,,,,,,,,,,,,,,,,,,,,,,,,,,,,,,,,,,,1749.564192,1760.3724000000002,,,,,,,,,,,,,,,,,,,,,,,,,,,,,,,1725.545952,,,,,,,,,,,,,,,,,,,,,,,,,,,,,,,,,,,,,,,,,,,,,,,,,,,,,,,,,,,,,,,,,,,,
15764.0,,,,,,,,,,,,,,,,,,,,,,,,,,,,,,,,1781.46456,,,,,,,1733.379312,1720.03212,,,,,,,,,,,,,1755.7912560000002,,,,1751.0912400000002,,,,,,1760.3114400000002,1757.4768,1743.495624,1743.940632,1744.0930320000002,,,,,1740.642696,,,,1732.84896,,,1731.17256,,,,,,,1721.912736,,,,,,1737.195408,1728.548232,,,,,,,,,,,,,,,,,,,,,,,,,,,,,,,,,,,,,,,,,,,,,,,,,,,,,,,,,
15948.0,,,,,,,,,,,,,,,,,,,,,,,,,,,,,,,,1781.38836,,,,,,,1733.406744,1720.096128,,,,,,,,,,,1759.9212960000002,,1755.7424880000003,,,,1751.021136,,,,,,1760.3906880000002,1757.839512,1743.327984,1743.73032,1744.361256,,,,,1739.566752,,,,1730.687928,,,1730.5050480000002,,,1724.073768,,,,1721.52564,,,,,,1737.1466400000002,1728.03312,,,,,,,,,,,,,,,,,,,,,,,,,,,,,,,,,,,,,,,,,,,,,,,,,,,,,,,,,
16129.0,,,,,,,,,,,,,,,,,,,,,,,,,,,,,,,,1781.4279840000002,,,,,,,1733.357976,1720.044312,,,,,,,,,,1749.2593920000002,1760.171232,,1755.7242,,,,1751.057712,,,,,,1760.439456,1757.6840640000005,1743.33408,1743.7760400000002,1744.43136,,,,,1740.657936,,,,1732.83372,,,1731.3950640000005,,,1726.20432,,,,1722.296784,,,,,,1737.2472240000002,1728.621384,,,,,,,,,,,,,,,,,,,,,,,,,,,,,,,,,,,,,,,,,,,,,,,,,,,,,,,,,
16313.0,,,,,,,,,,,,,,,,,,,,,,,,,,,,,,,,1781.452368,,,,,,,1733.303112,1720.090032,,,,,,,,,,1749.1130880000003,1760.2260960000003,,1755.833928,,,,1750.630992,,,,,,1760.50956,1757.927904,1743.337128,1743.7790880000002,1744.361256,,,,,1739.923368,,,,1731.928464,,,1731.0536880000002,,,1725.936096,,,,1722.0377039999998,,,,,,1736.783928,1728.606144,,,,,,,,,,,,,,,,,,,,,,,,,,,,,,,,,,,,,,,,,,,,,,,,,,,,,,,,,
16343.0,,,,,,,,,,,,,,,,,,,,,,,,,,,,,,,,,1784.079744,,,,,,,,,,,,,,,,,,,,,,,,,,,,,,,,,,,,1745.22384,,,,,,,,,,,,1730.77632,,,,,,1727.9538720000005,,,,,,,,,,,,,,,,,,,,,,,,,,,,,,,,,,,,,,,,,1665.5856960000003,,,,,,,,,,,,,,,,,,,,,,
16494.0,,,,,,,,,,,,,,,,,,,,,,,,,,,,,,,,1781.537712,,,,,,,1733.379312,1720.050408,,,,,,,,,,1749.2014800000002,1760.224572,,,,,,1751.024184,,,,,,1760.558328,1757.726736,1743.3066480000002,1743.7364160000002,1744.455744,,,,,1740.6670800000002,,,,1733.357976,,,1731.78216,,,1726.816968,,,,1722.5406240000002,,,,,,1737.338664,1729.5784560000002,,,,,,,,,,,,,,,,,,,,,,,,,,,,,,,,,,,,,,,,,,,,,,,,,,,,,,,,,
16525.0,,,,,,,,,,,,,,,,,,,,,,,,,,,,,,,,,,,,,,,,,,,,,,,,,,,,,,,,,,,,,,,,,,,,,,,,,,,,,,,,,1731.84312,,,,,,,,,,,,,,,,,,,,,,,,,,,,,,,,,,,,,,,,,,,,,,,,,,,,,,,,,,,,,,,,,,,,,
16555.0,,,,,,,,,,,,,,,,,,,,,,,,,,,,,,,,,1784.168136,,,,,,,,,,,,,,,,,,,,,,,,,,,,,,,,,,,,1745.33052,,,,,,,,,,,,,,,,,,1728.6518640000002,,,,,,,,,,,,,,,,,,,,,,,,,,,,,,,,,,,,,,,,,1666.503144,,,,,,,,,,,,,,,,,,,,,,
16678.0,,,,,,,,,,,,,,,,,,,,,,,,,,,,,,,,1781.6748720000005,,,,,,,1733.242152,1720.15404,,,,,,,,,,1749.21672,1760.6070960000002,,1756.739184,,,,1751.076,,,,,,1760.969808,1758.4430160000002,1743.361512,1743.708984,1744.635576,,,,,1739.3564400000002,,,,1731.7516800000003,,,1731.379824,,,1726.359768,,,,1722.677784,,,,,,1736.7168720000002,1728.923136,,,,,,,,,,,,,,,,,,,,,,,,,,,,,,,,,,,,,,,,,,,,,,,,,,,,,,,,,
16860.0,,,,,,,,,,,,,,,,,,,,,,,,,,,,,,,,1782.1046400000002,,,,,,,1733.4402720000005,1720.059552,,,,,,,,,,1749.448368,1760.6284320000002,,1756.6416480000005,,,,1751.10648,,,,,,1760.533944,1757.9004720000005,1743.236544,1743.73032,1744.56852,,,,,1740.715848,,,,1733.379312,,,1731.894936,,,1726.978512,,,,1722.842376,,,,,,1736.94852,1729.7582880000002,,,,,,,,,,,,,,,,,,,,,,,,,,,,,,,,,,,,,,,,,,,,,,,,,,,,,,,,,
16891.0,,,,,,,,,,,,,,,,,,,,,,,,,,,,,,,,,,,,,,,,,,,,,,,,,,,,,,,,,,,,,,,,,,,,,1744.64472,,,,,,,,,,,,1731.1116000000002,,,,,,1727.3016,,,,,,,,,,,,,,,,,,,,,,,,,,,,,,,,,,,,,,,,,,,,,,,,,,,,,,,,,,,,,,,
16921.0,,,,,,,,,,,,,,,,,,,,,,,,,,,,,,,,,1784.0766960000003,,,,,,,,,,,,,,,,,,,,,,,,,,,,,,,,,,,,,,,,,,,,,,,,,,,,,,,,,,,,,,,,,,,,,,,,,,,,,,,,,,,,,,,,,,,,,,,1666.7134560000002,,,,,,,,,,,,,,,,,,,,,,
17044.0,,,,,,,,,,,,,,,,,,,,,,,,,,,,,,,,1782.4368720000002,,,,,,,1733.3000640000002,1720.132704,,,,,,,,,,1749.295968,1760.826552,,1756.74528,,,,1751.0546640000002,,,,,,1760.50956,1758.0528720000002,1743.34932,1743.797376,1744.480128,,,,,1740.60612,,,,1733.577432,,,1732.035144,,,1727.11872,,,,1722.689976,,,,,,1736.8540320000002,1729.9746960000002,,,,,,,,,,,,,,,,,,,,,,,,,,,,,,,,,,,,,,,,,,,,,,,,,,,,,,,,,
17225.0,,,,,,,,,,,,,,,,,,,,,,,,,,,,,,,,1782.692904,,,,,,,1733.4036960000003,1720.086984,,,,,,,,,,1749.27768,1760.9058,,1756.230168,,,,1750.993704,,,,,,1760.3784960000005,1757.8974240000002,1743.2274,1743.7364160000002,1744.467936,,,,,1740.993216,,,,1733.931,,,1732.45272,,,1727.7892800000002,,,,1723.7262960000005,,,,,,1737.17712,1730.5324800000003,,,,,,,,,,,,,,,,,,,,,,,,,,,,,,,,,,,,,,,,,,,,,,,,,,,,,,,,,
17378.0,,,,,,,,,,,,,,,,,,,,,,,,,,,,,,,,,,,,,,,,,,,,,,,,,,1749.387408,1761.2106,,,,,,,,,,,,,,,,,,,,,,,,,,,,,,,1727.706984,,,,,,,,,,,,,,,,,,,,,,,,,,,,,,,,,,,,,,,,,,,,,,,,,,,,,,,,,,,,,,,,,,,,
17409.0,,,,,,,,,,,,,,,,,,,,,,,,,,,,,,,,1782.8574960000003,,,,,,,1733.4890400000002,1720.0778400000002,,,,,,,,,,,,,1756.6142160000002,,,,1751.5636800000002,,,,,,1760.5918560000002,1758.174792,,,1744.3764960000003,,,,,1740.98712,,,,1734.20532,,,1732.282032,,,,,,,1723.525128,,,,,,1737.2076000000002,1730.489808,,,,,,,,,,,,,,,,,,,,,,,,,,,,,,,,,,,,,,,,,,,,,,,,,,,,,,,,,
17590.0,,,,,,,,,,,,,,,,,,,,,,,,,,,,,,,,1783.1988720000002,,,,,,,1733.400648,,,,,,,,,,,1749.2593920000002,1761.14964,,1756.355136,,,,1750.926648,,,,,,1760.381544,1757.7998880000002,,1743.641928,1744.510608,,,,,1740.68232,,,,,,,1732.2698400000002,,,1727.691744,,,,1723.6226640000002,,,,,,,1730.416656,,,,,,,,,,,,,,,,,,,,,,,,,,,,,,,,,,,,,,,,,,,,,,,,,,,,,,,,,
17651.0,,,,,,,,,,,,,,,,,,,,,,,,,,,,,,,,1783.2567840000002,,,,,,,,,,,,,,,,,,,1761.18012,,,,,,,,,,,,,,,,,,,,,,,,,,,,,,,,,,,,,,,,,,,,,,,,,,,,,,,,,,,,,,,,,,,,,,,,,,,,,,,,,,,,,,,,,,,,,,,,,,,
17682.0,,,1885.259628,,,,,,,,,,,,,,,,,,,,,,,,,,,,,,,,,,,,,,,,,,,,,,,,1761.204504,,,,,,,,,,,,,,,,,,,,,,,,,,,,,,,,,,,,,,,,,,,,,,,,,,,,,,,,,,,,,,,,,,,,,,,,,,,,,,,,,,,,,,,,,,,,,,,,,,,
17712.0,,,1885.611672,,,,,,,,,,,,,,,,,,,,,,,,,,,,,1783.27812,,,,,,,1733.141568,1720.096128,,,,,,,,,,,1761.1984080000002,,1756.275888,,,,1750.890072,,,,,,1760.3114400000002,1757.885232,1743.175584,1743.6388800000002,1744.50756,,,,,1740.6122160000002,,,,1733.571336,,,1732.1143920000002,,,,,,,1723.3270080000002,,,,,,1736.866224,1730.3038800000002,,,,,,,,,,,,,,,,,,,,,,,,,,,,,,,,,,,,,,,,,,,,,,,,,,,,,,,,,
17743.0,,,1885.764072,,,,,,,,,,1840.190376,,,,,,,,,,,,,,,,,,,1783.305552,,,,,,,1733.38236,,,,,,,,,,,,1761.224316,,1756.376472,,,,1750.859592,,,,,,1760.366304,1757.9400960000005,1743.154248,1743.687648,1744.1296080000002,,,,,1740.694512,,,,1733.53476,,,1732.123536,,,,,,,1723.284336,,,,,,1737.02472,1730.2886400000002,,,,,,,,,,,,,,,,,,,,,,,,,,,,,,,,,,,,,,,,,,,,,,,,,,,,,,,,,
17774.0,,,1886.202984,,,,,,,,,,,,,,,,,,,,,,,,,,,,,1783.268976,,,,,,,1733.5134240000002,,,,,,,,,,,1749.44532,1761.282228,,1756.45572,,,,1750.887024,,,,,,1760.40288,1757.946192,1743.178632,1743.681552,1744.434408,,,,,1740.752424,,,,,,,1732.0808640000002,,,1727.490576,,,,1723.3300560000002,,,,,,,1730.297784,,,,,,,,,,,,,,,,,,,,,,,,,,,,,,,,,,,,,,,,,,,,,,,,,,,,,,,,,
17804.0,,,1885.8890400000005,,,,,,,,,,,,,,,,,,,,,,,,,,,,,1783.311648,,,,,,,1733.181192,1720.096128,,,,,,,,,,,1761.2928960000002,,1756.376472,,,,1750.792536,,,,,,1760.247432,1757.84256,1743.096336,1743.568776,1744.550232,,,,,1740.703656,,,,1733.5865760000002,,,1732.1326800000002,,,,,,,1723.336152,,,,,,1736.823552,1730.309976,,,,,,,,,,,,,,,,,,,,,,,,,,,,,,,,,,,1666.9176720000005,,,,,,,,,,,,,,,,,,,,,,
17835.0,,,1885.684824,,,,,,,,,,,,,,1825.0479120000002,,,,,,,,,,,,,,,,,,,,,,1733.464656,1720.1022240000002,,,,,,,,,,,1761.3142320000002,,1756.309416,,,,1750.868736,,,,,,1760.332776,1757.839512,1743.224352,1743.751656,1744.6050960000002,,,,,1740.816432,,,,1733.013552,,,1732.123536,,,,,,,1723.375776,,,,,,1736.9911920000002,1730.31912,,,,,,,,,,,,,,,,,,,,,,,,,,,,,,,,,,,,,,,,,,,,,,,,,,,,,,,,,
17865.0,1682.026608,,1885.346496,1867.015824,1872.849696,1857.963264,,,,,,1844.826384,,,,,,,,,,,,,,,,,,,,1783.360416,,,,,,,1733.42808,,,,,,,,,,,1749.6190560000002,1761.2761320000002,,,,,,,,,,,,1760.0858880000003,1757.7252119999998,,1743.7760400000002,,,,,,1740.505536,,,,1733.7298320000002,,,,,,1726.978512,,,,1723.47636,,,,,,1736.9911920000002,,,,,,,1721.065392,,,,,,,,,,,,,,,,,,1679.6308800000002,,,,,,,,,,,,,,,,,,,,,,,,,,,,,,,,,
17896.0,,1881.350568,,,,,,,,,1862.76996,,,1832.896512,1814.544504,1808.94228,,1818.095424,,,,,,,,,,,,,,,,,,,,,,,,,,,,,,,,,,,,,,,,,,,,,,,,,,,,,,,,,,,,,,,,,,,,,,,,,,,,,,,,,,,,,,,,,,,,,,,,,,,,,,,,,,,,,,,,,,,,,,,,,,,,,,,,,,,,
17927.0,,,1884.767376,,,,,,,,,,,,,,1825.334424,,,,,,,,,,,,,,,1783.36956,,,,,,,1733.379312,,,,,,,,,,,,1761.2410800000002,,1756.038144,,,,1750.8778800000002,,,,,,1760.35716,1757.75112,1743.142056,1743.6632640000005,1744.577664,,,,,1740.782904,,,,1733.674968,,,1732.2576480000002,,,,,,,1723.5738960000003,,,,,,1737.000336,1730.4258,,,,,,,,,,,,,,,,,,,,,,,,,,,,,,,,,,,,,,,,,,,,,,,,,,,,,,,,,
17955.0,,,,,,,,,,,,,,,,,,,,,,,,,,,,,,,,1783.342128,,,,,,,1733.370168,,,,,,,,,,,1749.52152,1761.2166960000002,,1755.961944,,,,1750.850448,,,1753.8496800000005,,,1760.35716,1757.772456,1743.148152,1743.6602160000002,1744.53804,,,,,1740.779856,,,,1733.650584,,,1732.20888,,,1727.6490720000002,,,,1723.5982800000002,,,,,,1736.96376,1730.407512,,,,,,,,,,,,,,,,,,,,,,,,,,,,,,,,,,,,,,,,,,,,,,,,,,,,,,,,,
17986.0,,1881.594408,1884.758232,,,,,,,,,,,,,,1825.360332,,,,,,,,,,,,,,,,,,,,,,,,,,,,,,,,,,1761.207552,,,,,,,,,,,,,,,,,,,,,,,,,,,,,,,,,,,,,,,,,,,,,,,,,,,,,,,,,,,,,,,,,,,,,,,,,,,,,,,,,,,,,,,,,,,,,,,,,,,
18047.0,,,1885.123992,,,,,,,,,,,,,,1825.364904,,,,,,,,,,,,,,,1783.29336,,,,,,,1733.546952,1720.0626,,,,,,,,,,1749.545904,1761.280704,,1755.9284160000002,,,,1750.8382560000002,,,,,,1760.460792,1757.8760880000002,1743.263976,1743.8552880000002,1744.440504,,,,,1740.279984,,,,,,,1732.175352,,,1727.5972560000002,,,,1723.360536,,,,,,,1730.383128,,,,,,,,,,,,,,,,,,,,,,,,,,,,,,,,,,,,,,,,,,,,,,,,,,,,,,,,,
18077.0,,,1885.504992,1866.912192,,,,,,,1862.443824,,,,,,1825.367952,,,,,,,,,,,,,,,1783.268976,,,,,,,1733.248248,,,,,,,,,,,,1761.25632,,,,,,,,,,,,,1757.891328,,,,,,,,,,,,1733.644488,,,1732.1174400000002,,,1727.429616,,,,,,,,,,,,,,,,,,,,,,,,,,,,,,,,,,,,,,,,,,,,,,,,,,,,,,,,,,,,,,,,,,,,
18139.0,,,1886.0688720000005,,,,,,,,,,,,,,1825.358808,,,,,,,,,,,,,,,1783.208016,,,,,,,1733.010504,1720.0412640000002,,,,,,,,,,1749.44532,1761.2761320000002,,1755.9588960000003,,,,,,,,,,1760.284008,1757.7968400000002,,1743.65412,1744.41612,,,,,1740.07272,,,,,,,1732.047336,,,1727.3076960000003,,,,1722.827136,,,,,,1736.65896,1730.18196,,,,,,,,,,,,,,,,,,,,,,,,,,,,,,,,,,,,,,,,,,,,,,,,,,,,,,,,,
18169.0,,,1885.861608,,,,,,,,,,,,,,1825.349664,,,,,,,,,,,,,,,1783.1866800000005,,,,,,,1733.03184,1720.050408,,,,,,,,,,1749.56724,1761.3492840000004,,1755.910128,,,,1750.71024,,,,,,1760.2321920000002,1757.7236880000005,,1743.757752,1744.3825920000002,,,,,1740.6914640000002,,,,1733.7786,,,1731.794352,,,1727.2375920000002,,,,1722.6808320000002,,,,,,1736.808312,1730.297784,,,,,,,,,,,,,,,,,,,,,,,,,,,,,,,,,,,,,,,,,,,,,,,,,,,,,,,,,
18200.0,,,1885.633008,,,,,,,,,,,,,,1825.349664,,,,,,,,,,,,,,,,,,,,,,,,,,,,,,,,,,1761.268512,,,,,,,,,,,,,,,,,,,,,,,,,,,,,,,,,,,,,,,,,,,,,,,,,,,,,,,,,,,,,,,,,,,,,,,,,,,,,,,,,,,,,,,,,,,,,,,,,,,
18230.0,,1881.3078960000005,1884.9812439999998,1866.781128,1873.142304,1857.134208,,,,,1862.303616,1844.000376,,1832.003448,1813.444176,1808.152848,1825.309169142857,,,,,,,,,,,,,,,1782.3700700000002,,,,,,,1733.3338460000002,1720.0300880000002,,,,,,,,,,1749.3042992,1761.151164,,1756.007156,,,,1750.666298,,,,,,1760.3523340000002,1757.770678,1743.1830654545456,1743.6899926153847,1744.3873025454545,,,,,,,,,1732.6241113846154,,,1731.4710100000002,,,1726.67168,,,,1722.385176,,,,,,1736.4355416000003,1729.2797520000001,,,,,,,,,,,,,,,,,,,,,,,,,,,,,,,,,,,,,,,,,,,,,,,,,,,,,,,,,
