Time,PFHxS_T,PFOA_T,PFOS_T,Precip,PFHxS_G,PFOA_G,PFOS_G
29.0,0.0,0.0,0.0,0.00042077966101694916,0.0,0.0,0.0
73.5,0.0,0.0,0.0,0.00082973333333333,0.0,0.0,0.0
181.0,0.0,0.0,0.0,0.0020398810810810806,0.0,0.0,0.0
288.5,0.0,0.0,0.0,0.0008043333333333267,0.0,0.0,0.0
334.0,0.0,0.0,0.0,0.00011242622950819672,0.0,0.0,0.0
394.0,0.0,0.0,0.0,0.0007135254237288118,0.0,0.0,0.0
438.5,0.0,0.0,0.0,0.00028786666666666665,0.0,0.0,0.0
546.0,0.0,0.0,0.0,0.0015030486486486464,0.0,0.0,0.0
653.5,0.0,0.0,0.0,0.00019473333333333334,0.0,0.0,0.0
699.0,0.0,0.0,0.0,0.00010826229508196722,0.0,0.0,0.0
759.0,0.0,0.0,0.0,0.0005628474576271187,0.0,0.0,0.0
803.5,0.0,0.0,0.0,0.0004656666666666634,0.0,0.0,0.0
911.5,0.0,0.0,0.0,0.002252870967741932,0.0,0.0,0.0
1019.5,0.0,0.0,0.0,0.00113453333333333,0.0,0.0,0.0
1065.0,0.0,0.0,0.0,0.0011231803278688507,0.0,0.0,0.0
1125.0,9.23802968945424e-09,2.371494220338983e-21,3.1053373220338987e-21,5.166101694915254e-05,9.23802968945424e-09,2.371494220338983e-21,3.1053373220338987e-21
1169.5,3.57016e-06,3.0464220000000004e-17,6.125026666666665e-17,0.00098213333333333,3.57016e-06,3.0464220000000004e-17,6.125026666666665e-17
1277.0,3.848284324324324e-05,6.254228108108108e-15,1.9577263783783785e-14,0.0017131135135135098,3.848284324324324e-05,6.254228108108108e-15,1.9577263783783785e-14
1384.5,0.00010727666666665667,4.223533333333333e-14,1.4759666666666666e-13,0.00029633333333333334,0.00010727666666665667,4.223533333333333e-14,1.4759666666666666e-13
1430.0,0.00016349180327867704,1.1782295081967213e-13,4.537475409836066e-13,0.0006568196721311476,0.00016349180327867704,1.1782295081967213e-13,4.537475409836066e-13
1490.0,0.0003097254237288017,5.531406779661017e-13,2.4643542372881357e-12,0.0001894237288135593,0.0003097254237288017,5.531406779661017e-13,2.4643542372881357e-12
1534.5,0.00045834666666665,1.3752333333333334e-12,6.615066666666666e-12,0.0004402666666666666,0.00045834666666665,1.3752333333333334e-12,6.615066666666666e-12
1642.0,0.0009299199999999875,9.528086486486486e-12,5.666738918918919e-11,0.0009991675675675655,0.0009299199999999875,9.528086486486486e-12,5.666738918918919e-11
1749.5,0.00160179999999999,3.222766666666667e-11,2.1049666666666668e-10,0.0011514666666666666,0.00160179999999999,3.222766666666667e-11,2.1049666666666668e-10
1795.0,0.00198759016393441,5.6894590163934425e-11,3.93944262295082e-10,0.0005985245901639328,0.00198759016393441,5.6894590163934425e-11,3.93944262295082e-10
1855.0,0.00253699999999999,1.079228813559322e-10,7.968186440677966e-10,0.0001808135593220339,0.00253699999999999,1.079228813559322e-10,7.968186440677966e-10
1899.5,0.00294076666666665,1.5969e-10,1.2260666666666666e-09,0.00020319999999999667,0.00294076666666665,1.5969e-10,1.2260666666666666e-09
2007.0,0.0036701405405405252,3.0180324324324324e-10,2.4871459459459456e-09,0.001415178378378375,0.0036701405405405252,3.0180324324324324e-10,2.4871459459459456e-09
2114.5,0.004315999999999997,4.6494e-10,4.0005e-09,0.00044026666666666336,0.004315999999999997,4.6494e-10,4.0005e-09
2160.0,0.004774098360655728,6.027639344262295e-10,5.32672131147541e-09,0.0007734098360655721,0.004774098360655728,6.027639344262295e-10,5.32672131147541e-09
2220.0,0.005565796610169485,8.889135593220339e-10,8.165237288135593e-09,0.00023677966101694577,0.005565796610169485,8.889135593220339e-10,8.165237288135593e-09
2264.5,0.0062411666666666536,1.1910000000000001e-09,1.1259666666666667e-08,0.0005334,0.0062411666666666536,1.1910000000000001e-09,1.1259666666666667e-08
2372.5,0.00788419354838708,2.293032258064516e-09,2.3318172043010754e-08,0.0025860752688172013,0.00788419354838708,2.293032258064516e-09,2.3318172043010754e-08
2480.5,0.010079799999999979,4.2626666666666664e-09,4.598766666666667e-08,0.0004148666666666667,0.010079799999999979,4.2626666666666664e-09,4.598766666666667e-08
2526.0,0.011465901639344247,6.015344262295081e-09,6.727868852459016e-08,0.0005443934426229508,0.011465901639344247,6.015344262295081e-09,6.727868852459016e-08
2586.0,0.01390186440677964,1.017577966101695e-08,1.2041406779661017e-07,0.0002109491525423729,0.01390186440677964,1.017577966101695e-08,1.2041406779661017e-07
2630.5,0.018127333333333325,2.0682666666666668e-08,2.631766666666667e-07,0.0009990666666666668,0.018127333333333325,2.0682666666666668e-08,2.631766666666667e-07
2738.0,0.0249441081081081,5.569124324324324e-08,7.979545945945946e-07,0.002324086486486484,0.0249441081081081,5.569124324324324e-08,7.979545945945946e-07
2845.5,0.0308863333333333,1.0165833333333333e-07,1.5495e-06,0.00016086666666666666,0.0308863333333333,1.0165833333333333e-07,1.5495e-06
2891.0,0.03369295081967212,1.3208032786885246e-07,2.0752295081967212e-06,0.0006526557377049164,0.03369295081967212,1.3208032786885246e-07,2.0752295081967212e-06
2951.0,0.04159915254237287,2.463135593220339e-07,4.161271186440678e-06,0.0002712203389830491,0.04159915254237287,2.463135593220339e-07,4.161271186440678e-06
2995.5,0.04941966666666665,4.0953333333333336e-07,7.3093666666666664e-06,0.0003386666666666667,0.04941966666666665,4.0953333333333336e-07,7.3093666666666664e-06
3103.0,0.0578588108108108,6.937389189189189e-07,1.3251286486486487e-05,0.0014769621621621599,0.0578588108108108,6.937389189189189e-07,1.3251286486486487e-05
3210.5,0.067009,1.0798e-06,2.1664e-05,0.000762,0.067009,1.0798e-06,2.1664e-05
3256.0,0.07108360655737704,1.3018688524590163e-06,2.6715245901639343e-05,0.0009024918032786852,0.07108360655737704,1.3018688524590163e-06,2.6715245901639343e-05
3316.0,0.07623762711864406,1.6271186440677967e-06,3.4293389830508475e-05,0.0002453898305084746,0.07623762711864406,1.6271186440677967e-06,3.4293389830508475e-05
3360.5,0.07964299999999998,1.8744666666666668e-06,4.0186e-05,0.0019473333333333265,0.07964299999999998,1.8744666666666668e-06,4.0186e-05
3468.0,0.08587227027027025,2.418356756756757e-06,5.355643243243243e-05,0.0018613945945945918,0.08587227027027025,2.418356756756757e-06,5.355643243243243e-05
3575.5,0.09389733333333332,3.1781e-06,7.265099999999999e-05,0.00046566666666666664,0.09389733333333332,3.1781e-06,7.265099999999999e-05
3621.0,0.09869770491803277,3.7042459016393443e-06,8.621229508196721e-05,0.0015104262295081966,0.09869770491803277,3.7042459016393443e-06,8.621229508196721e-05
3681.0,0.10732033898305084,4.796966101694915e-06,0.00011508016949151525,0.0002109491525423712,0.10732033898305084,4.796966101694915e-06,0.00011508016949151525
3725.5,0.11550666666666666,6.038933333333333e-06,0.00014877999999998333,0.00102446666666666,0.11550666666666666,6.038933333333333e-06,0.00014877999999998333
3833.5,0.1282279569892473,8.620704301075269e-06,0.00022225215053762044,0.002504139784946235,0.1282279569892473,8.620704301075269e-06,0.00022225215053762044
3941.5,0.14309666666666665,1.2216e-05,0.00032791666666666,8.466666666666666e-06,0.14309666666666665,1.2216e-05,0.00032791666666666
3987.0,0.15804590163934423,1.6924754098360656e-05,0.0004724524590163803,0.0004944262295081968,0.15804590163934423,1.6924754098360656e-05,0.0004724524590163803
4047.0,0.172664406779661,2.2979322033898305e-05,0.0006663983050847372,8.179661016949151e-05,0.172664406779661,2.2979322033898305e-05,0.0006663983050847372
4091.5,0.18317666666666665,2.8221e-05,0.00083915333333331,0.0007874,0.18317666666666665,2.8221e-05,0.00083915333333331
4199.0,0.19675837837837834,3.672345945945946e-05,0.0011305935135135004,0.002119513513513509,0.19675837837837834,3.672345945945946e-05,0.0011305935135135004
4306.5,0.21067666666666665,4.657566666666666e-05,0.0014758333333333231,0.0003132666666666667,0.21067666666666665,4.657566666666666e-05,0.0014758333333333231
4352.0,0.21659999999999996,5.143901639344263e-05,0.0016505901639344213,0.000681803278688523,0.21659999999999996,5.143901639344263e-05,0.0016505901639344213
4412.0,0.22416610169491524,5.819322033898305e-05,0.0018964745762711712,0.00022386440677966103,0.22416610169491524,5.819322033898305e-05,0.0018964745762711712
4456.5,0.23210999999999998,6.5635e-05,0.002170799999999993,0.0006180666666666633,0.23210999999999998,6.5635e-05,0.002170799999999993
4564.0,0.24690648648648644,8.242713513513514e-05,0.002807810810810795,0.002808745945945943,0.24690648648648644,8.242713513513514e-05,0.002807810810810795
4671.5,0.26152666666666663,0.00010109533333331999,0.00353089999999999,0.00018626666666666334,0.26152666666666663,0.00010109533333331999,0.00353089999999999
4717.0,0.26764754098360655,0.00011002622950818361,0.0038847540983606376,0.0006609836065573771,0.26764754098360655,0.00011002622950818361,0.0038847540983606376
4777.0,0.28291525423728814,0.00013349491525422035,0.004826847457627107,0.00022386440677966103,0.28291525423728814,0.00013349491525422035,0.004826847457627107
4821.5,0.30277333333333334,0.00017021999999999,0.006339033333333324,0.0014901333333333302,0.30277333333333334,0.00017021999999999,0.006339033333333324
4929.0,0.3182827027027027,0.0002084086486486346,0.007980037837837822,0.0015414918918918903,0.3182827027027027,0.0002084086486486346,0.007980037837837822
5036.5,0.33223333333333327,0.00024541999999999,0.009595966666666657,0.00023706666666666333,0.33223333333333327,0.00024541999999999,0.009595966666666657
5082.0,0.33817213114754097,0.00026284426229507046,0.010369049180327853,0.001073213114754095,0.33817213114754097,0.00026284426229507046,0.010369049180327853
5142.0,0.34564406779661017,0.00028620508474575424,0.011417288135593211,0.00017650847457626948,0.34564406779661017,0.00028620508474575424,0.011417288135593211
5186.5,0.35061666666666663,0.0003028499999999833,0.012170666666666646,0.0011175999999999966,0.35061666666666663,0.0003028499999999833,0.012170666666666646
5294.5,0.3624220430107527,0.0003453639784946107,0.01412564516129031,0.0019483440860215031,0.3624220430107527,0.0003453639784946107,0.01412564516129031
5402.5,0.3762,0.00039790333333332336,0.016568333333333327,0.004241799999999996,0.3762,0.00039790333333332336,0.016568333333333327
5448.0,0.3820885245901639,0.0004229426229508148,0.01775114754098359,0.0006526557377049164,0.3820885245901639,0.0004229426229508148,0.01775114754098359
5508.0,0.3901271186440678,0.0004588355932203339,0.019460847457627113,0.0002841355932203373,0.3901271186440678,0.0004588355932203339,0.019460847457627113
5552.5,0.4012333333333333,0.0005099899999999934,0.021919,0.0013885333333333333,0.4012333333333333,0.0005099899999999934,0.021919
5660.0,0.42310486486486487,0.0006345870270270108,0.028078702702702688,0.002060475675675671,0.42310486486486487,0.0006345870270270108,0.028078702702702688
5767.5,0.43658,0.0007221066666666532,0.03249633333333332,0.0004402666666666666,0.43658,0.0007221066666666532,0.03249633333333332
5813.0,0.44221803278688526,0.0007614934426229328,0.03451213114754097,0.0007317704918032786,0.44221803278688526,0.0007614934426229328,0.03451213114754097
5873.0,0.4565864406779661,0.0008649305084745577,0.039848644067796604,0.00013345762711864406,0.4565864406779661,0.0008649305084745577,0.039848644067796604
5917.5,0.4645533333333333,0.0009315766666666467,0.04334666666666666,0.0002201333333333333,0.4645533333333333,0.0009315766666666467,0.04334666666666666
6025.0,0.4768594594594594,0.0010433010810810691,0.04930762162162161,0.0019423999999999958,0.4768594594594594,0.0010433010810810691,0.04930762162162161
6132.5,0.48923,0.0011625333333333166,0.05573833333333333,0.0011937999999999968,0.48923,0.0011625333333333166,0.05573833333333333
6178.0,0.49435409836065575,0.001215868852459003,0.05864639344262293,0.0007109508196721312,0.49435409836065575,0.001215868852459003,0.05864639344262293
6238.0,0.5007983050847458,0.0012859491525423542,0.06249999999999998,0.001558440677966098,0.5007983050847458,0.0012859491525423542,0.06249999999999998
6282.5,0.5067699999999999,0.00135109999999998,0.06610033333333332,0.00151553333333333,0.5067699999999999,0.00135109999999998,0.06610033333333332
6390.0,0.5191691891891892,0.0015019513513513396,0.07454837837837837,0.0016458378378378356,0.5191691891891892,0.0015019513513513396,0.07454837837837837
6497.5,0.5311466666666667,0.0016560333333333233,0.083271,0.0004571999999999967,0.5311466666666667,0.0016560333333333233,0.083271
6543.0,0.539583606557377,0.0017689508196721147,0.08973606557377047,0.0007775737704918017,0.539583606557377,0.0017689508196721147,0.08973606557377047
6603.0,0.5499559322033899,0.0019236610169491425,0.09868830508474574,0.00047786440677966094,0.5499559322033899,0.0019236610169491425,0.09868830508474574
6647.5,0.5558833333333334,0.00201793333333333,0.10420999999999998,0.0006603999999999966,0.5558833333333334,0.00201793333333333,0.10420999999999998
6755.5,0.5670849462365591,0.002209865591397838,0.11557365591397847,0.0013679677419354817,0.5670849462365591,0.002209865591397838,0.11557365591397847
6863.5,0.57805,0.0024085333333333167,0.12744333333333333,6.773333333333333e-05,0.57805,0.0024085333333333167,0.12744333333333333
6909.0,0.5825032786885246,0.0024953278688524443,0.13268196721311473,0.0009149836065573771,0.5825032786885246,0.0024953278688524443,0.13268196721311473
6969.0,0.5879796610169492,0.0026072372881355698,0.1394813559322034,0.000628542372881356,0.5879796610169492,0.0026072372881355698,0.1394813559322034
7013.5,0.5915666666666667,0.00268426666666665,0.14414999999999997,0.00041486666666666665,0.5915666666666667,0.00268426666666665,0.14414999999999997
7121.0,0.5983540540540541,0.0028382270270270148,0.15367513513513512,0.0018627675675675654,0.5983540540540541,0.0028382270270270148,0.15367513513513512
7228.5,0.60629,0.0030162999999999865,0.1646933333333333,0.00023706666666666664,0.60629,0.0030162999999999865,0.1646933333333333
7274.0,0.6103704918032786,0.0031126721311475324,0.17068032786885243,0.0005069180327868853,0.6103704918032786,0.0031126721311475324,0.17068032786885243
7334.0,0.6154610169491525,0.003239949152542366,0.17863898305084747,0.00048216949152542026,0.6154610169491525,0.003239949152542366,0.17863898305084747
7378.5,0.6201166666666666,0.0033553666666666635,0.18588333333333332,0.0014985999999999932,0.6201166666666666,0.0033553666666666635,0.18588333333333332
7486.0,0.6302621621621621,0.003641075675675661,0.20402918918918916,0.0020508648648648606,0.6302621621621621,0.003641075675675661,0.20402918918918916
7593.5,0.6393266666666667,0.003914366666666653,0.22154333333333334,0.00123613333333333,0.6393266666666667,0.003914366666666653,0.22154333333333334
7639.0,0.6429737704918034,0.004033245901639333,0.2292360655737705,0.0005652131147540983,0.6429737704918034,0.004033245901639333,0.2292360655737705
7699.0,0.6499694915254237,0.004265932203389819,0.24432711864406778,3.8745762711864406e-05,0.6499694915254237,0.004265932203389819,0.24432711864406778
7743.5,0.6545433333333333,0.00443506666666666,0.2554166666666667,0.0003556,0.6545433333333333,0.00443506666666666,0.2554166666666667
7851.0,0.6629513513513513,0.004778972972972961,0.2781827027027027,0.0019794702702702685,0.6629513513513513,0.004778972972972961,0.2781827027027027
7958.5,0.6702466666666668,0.005099399999999984,0.2995466666666667,0.0007450666666666633,0.6702466666666668,0.005099399999999984,0.2995466666666667
8004.0,0.673160655737705,0.005238754098360641,0.30891803278688523,0.001368852459016392,0.673160655737705,0.005238754098360641,0.30891803278688523
8050.0,0.6759999999999999,0.005379838709677406,0.3184483870967742,4.9161290322580645e-05,0.6759999999999999,0.005379838709677406,0.3184483870967742
8080.0,0.6782827586206897,0.0054914137931034316,0.32597586206896556,1.7517241379310344e-05,0.6782827586206897,0.0054914137931034316,0.32597586206896556
8110.0,0.6805838709677419,0.005619096774193535,0.33465483870967744,0.0019336774193548355,0.6805838709677419,0.005619096774193535,0.33465483870967744
8140.5,0.6824466666666668,0.005718999999999987,0.34147,0.0007789333333333268,0.6824466666666668,0.005718999999999987,0.34147
8171.0,0.6842290322580645,0.005818645161290303,0.3482870967741935,0.0016960645161290292,0.6842290322580645,0.005818645161290303,0.3482870967741935
8201.5,0.6859566666666667,0.00591939999999999,0.35518,0.003977133333333326,0.6859566666666667,0.00591939999999999,0.35518
8232.0,0.6876451612903226,0.0060212258064516,0.36217741935483866,0.0006227096774193517,0.6876451612903226,0.0060212258064516,0.36217741935483866
8263.0,0.6893225806451613,0.0061257741935483775,0.3693709677419355,0.0027612258064516125,0.6893225806451613,0.0061257741935483775,0.3693709677419355
8293.5,0.6909366666666668,0.006229633333333317,0.3765466666666667,0.00011006666666666665,0.6909366666666668,0.006229633333333317,0.3765466666666667
8324.0,0.6925258064516129,0.006334290322580636,0.3837903225806451,0.0002458064516129032,0.6925258064516129,0.006334290322580636,0.3837903225806451
8354.5,0.6940500000000001,0.0064393666666666535,0.39108,0.0006349999999999967,0.6940500000000001,0.0064393666666666535,0.39108
8385.0,0.6955483870967742,0.006544354838709667,0.39838709677419354,0.0007352903225806452,0.6955483870967742,0.006544354838709667,0.39838709677419354
8416.0,0.6973645161290323,0.006669709677419345,0.40711935483870965,0.00042606451612903223,0.6973645161290323,0.006669709677419345,0.40711935483870965
8445.5,0.6997071428571429,0.006840607142857133,0.4190392857142857,0.0001905,0.6997071428571429,0.006840607142857133,0.4190392857142857
8475.0,0.7017,0.007010548387096761,0.4309774193548387,0.0006472903225806419,0.7017,0.007010548387096761,0.4309774193548387
8505.5,0.7031466666666667,0.00712929999999999,0.4393666666666666,0.0008635999999999967,0.7031466666666667,0.00712929999999999,0.4393666666666666
8536.0,0.7044838709677419,0.007241419354838707,0.44729354838709673,0.0013109677419354774,0.7044838709677419,0.007241419354838707,0.44729354838709673
8566.5,0.70579,0.007354633333333323,0.45531666666666665,0.00174193333333333,0.70579,0.007354633333333323,0.45531666666666665
8597.0,0.7070580645161291,0.007468999999999974,0.46343870967741935,0.0019500645161290256,0.7070580645161291,0.007468999999999974,0.46343870967741935
8628.0,0.7083258064516128,0.007586225806451584,0.4717870967741935,0.0017779999999999903,0.7083258064516128,0.007586225806451584,0.4717870967741935
8658.5,0.7095533333333334,0.007702699999999976,0.4800966666666666,0.00121919999999999,0.7095533333333334,0.007702699999999976,0.4800966666666666
8689.0,0.7107451612903226,0.007819838709677406,0.48846774193548387,0.0007374193548387096,0.7107451612903226,0.007819838709677406,0.48846774193548387
8719.5,0.7119066666666668,0.007936766666666657,0.4968666666666666,0.0008212666666666667,0.7119066666666668,0.007936766666666657,0.4968666666666666
8750.0,0.7130064516129032,0.00805222580645159,0.5051516129032259,0.0007352903225806452,0.7130064516129032,0.00805222580645159,0.5051516129032259
8781.0,0.7140516129032258,0.008165709677419343,0.5133387096774193,0.00014748387096774192,0.7140516129032258,0.008165709677419343,0.5133387096774193
8810.5,0.7149428571428571,0.008267428571428564,0.5206964285714285,0.000254,0.7149428571428571,0.008267428571428564,0.5206964285714285
8840.0,0.7157354838709677,0.008360580645161276,0.527441935483871,0.0004424516129032226,0.7157354838709677,0.008360580645161276,0.527441935483871
8870.5,0.7164233333333333,0.008445999999999997,0.5336366666666666,0.0012615333333333332,0.7164233333333333,0.008445999999999997,0.5336366666666666
8901.0,0.7170032258064516,0.008519387096774177,0.5390096774193548,0.0033593548387096774,0.7170032258064516,0.008519387096774177,0.5390096774193548
8931.5,0.7175066666666667,0.008583066666666654,0.5436766666666667,0.0043412,0.7175066666666667,0.008583066666666654,0.5436766666666667
8962.0,0.7181193548387097,0.008648096774193538,0.5484161290322581,0.0010569677419354805,0.7181193548387097,0.008648096774193538,0.5484161290322581
8993.0,0.7189451612903226,0.008729677419354832,0.554358064516129,0.0032118709677419325,0.7189451612903226,0.008729677419354832,0.554358064516129
9023.5,0.71986,0.008829066666666663,0.56161,0.0013038666666666666,0.71986,0.008829066666666663,0.56161
9054.0,0.7208129032258064,0.008942483870967733,0.5698741935483871,0.002187677419354839,0.7208129032258064,0.008942483870967733,0.5698741935483871
9084.5,0.7217866666666667,0.00906396666666666,0.5787566666666667,0.0002709333333333333,0.7217866666666667,0.00906396666666666,0.5787566666666667
9115.0,0.7231870967741936,0.009232774193548381,0.5910516129032258,0.0007516774193548388,0.7231870967741936,0.009232774193548381,0.5910516129032258
9146.0,0.7246193548387097,0.009431419354838691,0.6056419354838709,0.0,0.7246193548387097,0.009431419354838691,0.6056419354838709
9175.5,0.7267142857142856,0.009699999999999986,0.6253821428571429,0.0001905,0.7267142857142856,0.009699999999999986,0.6253821428571429
9205.0,0.7286451612903226,0.00999538709677418,0.6472483870967742,0.0005817419354838678,0.7286451612903226,0.00999538709677418,0.6472483870967742
9235.5,0.7301566666666666,0.010223333333333324,0.6642633333333333,0.0025823333333333267,0.7301566666666666,0.010223333333333324,0.6642633333333333
9266.0,0.7311677419354838,0.010388387096774178,0.6766516129032257,0.003949290322580629,0.7311677419354838,0.010388387096774178,0.6766516129032257
9296.5,0.7320933333333334,0.01052433333333331,0.68688,0.007262199999999986,0.7320933333333334,0.01052433333333331,0.68688
9327.0,0.7329580645161291,0.010660322580645141,0.6971419354838709,0.0016550967741935387,0.7329580645161291,0.010660322580645141,0.6971419354838709
9358.0,0.7338161290322581,0.010799999999999994,0.7076806451612903,0.0014502580645161258,0.7338161290322581,0.010799999999999994,0.7076806451612903
9388.5,0.73465,0.010938999999999994,0.7181566666666667,0.0015832666666666566,0.73465,0.010938999999999994,0.7181566666666667
9419.0,0.7354903225806452,0.01107935483870966,0.728774193548387,1.638709677419355e-05,0.7354903225806452,0.01107935483870966,0.728774193548387
9449.5,0.7372933333333334,0.011338333333333327,0.7481933333333333,0.0,0.7372933333333334,0.011338333333333327,0.7481933333333333
9480.0,0.7404935483870968,0.011898709677419336,0.7907387096774193,0.0006451612903225806,0.7404935483870968,0.011898709677419336,0.7907387096774193
9511.0,0.742658064516129,0.012328709677419345,0.823941935483871,0.0001310967741935484,0.742658064516129,0.012328709677419345,0.823941935483871
9541.0,0.7438896551724138,0.012556896551724124,0.8416793103448276,0.00029779310344827585,0.7438896551724138,0.012556896551724124,0.8416793103448276
9571.0,0.7449451612903225,0.01277387096774192,0.8585709677419355,0.0006718709677419322,0.7449451612903225,0.01277387096774192,0.8585709677419355
9601.5,0.7457266666666666,0.012941999999999993,0.8716833333333334,0.0003302,0.7457266666666666,0.012941999999999993,0.8716833333333334
9632.0,0.7464806451612903,0.013088709677419345,0.8831516129032259,0.001818967741935484,0.7464806451612903,0.013088709677419345,0.8831516129032259
9662.5,0.7472133333333333,0.013235666666666647,0.8947,0.0020043999999999934,0.7472133333333333,0.013235666666666647,0.8947
9693.0,0.7479387096774194,0.013384838709677403,0.9063870967741935,0.003654322580645161,0.7479387096774194,0.013384838709677403,0.9063870967741935
9724.0,0.748674193548387,0.013537419354838697,0.9183870967741935,0.002834967741935484,0.748674193548387,0.013537419354838697,0.9183870967741935
9754.5,0.7494066666666667,0.013689999999999987,0.9303100000000001,0.0017271999999999934,0.7494066666666667,0.013689999999999987,0.9303100000000001
9785.0,0.7501322580645161,0.013842580645161277,0.9423354838709677,0.000729225806451613,0.7501322580645161,0.013842580645161277,0.9423354838709677
9815.5,0.7508533333333334,0.013994999999999992,0.9543733333333333,0.00014393333333333333,0.7508533333333334,0.013994999999999992,0.9543733333333333
9846.0,0.7515612903225807,0.014146451612903206,0.9663548387096774,0.0006779354838709678,0.7515612903225807,0.014146451612903206,0.9663548387096774
9877.0,0.7522451612903225,0.014295483870967735,0.9782419354838711,9.012903225806451e-05,0.7522451612903225,0.014295483870967735,0.9782419354838711
9906.5,0.7528464285714286,0.01443107142857141,0.9890249999999999,0.00016328571428571428,0.7528464285714286,0.01443107142857141,0.9890249999999999
9936.0,0.7533935483870968,0.014556774193548378,0.9990451612903225,0.00027858064516128714,0.7533935483870968,0.014556774193548378,0.9990451612903225
9966.5,0.7541166666666667,0.014690666666666654,1.0097333333333334,0.0027939999999999996,0.7541166666666667,0.014690666666666654,1.0097333333333334
9997.0,0.7548838709677419,0.014846774193548367,1.0221290322580645,0.0009504516129032258,0.7548838709677419,0.014846774193548367,1.0221290322580645
10027.5,0.7556033333333333,0.015004333333333316,1.0347666666666666,0.005272533333333324,0.7556033333333333,0.015004333333333316,1.0347666666666666
10058.0,0.7563387096774193,0.015165161290322556,1.0476451612903224,0.0037936129032258062,0.7563387096774193,0.015165161290322556,1.0476451612903224
10089.0,0.7571064516129032,0.015329677419354806,1.060741935483871,0.0038509677419354777,0.7571064516129032,0.015329677419354806,1.060741935483871
10119.5,0.7578499999999999,0.015490999999999974,1.0737999999999999,0.0015070666666666668,0.7578499999999999,0.015490999999999974,1.0737999999999999
10150.0,0.7585967741935484,0.01565451612903225,1.0869354838709677,0.0008029677419354806,0.7585967741935484,0.01565451612903225,1.0869354838709677
10180.5,0.7593533333333333,0.015817333333333315,1.1000666666666667,0.00018626666666666668,0.7593533333333333,0.015817333333333315,1.1000666666666667
10211.0,0.7603548387096775,0.01600193548387096,1.1150322580645162,0.0007270967741935485,0.7603548387096775,0.01600193548387096,1.1150322580645162
10242.0,0.7628225806451613,0.016475161290322577,1.1530967741935485,2.4580645161290323e-05,0.7628225806451613,0.016475161290322577,1.1530967741935485
10271.5,0.7654714285714286,0.017061785714285696,1.2007857142857143,0.0003084285714285715,0.7654714285714286,0.017061785714285696,1.2007857142857143
10301.0,0.7669193548387097,0.0174316129032258,1.231258064516129,0.0019828387096774164,0.7669193548387097,0.0174316129032258,1.231258064516129
10331.5,0.76778,0.017620666666666656,1.2471333333333334,0.0011684,0.76778,0.017620666666666656,1.2471333333333334
10362.0,0.7685709677419356,0.017783870967741925,1.2606129032258064,0.0005899354838709644,0.7685709677419356,0.017783870967741925,1.2606129032258064
10392.5,0.7692933333333334,0.01794799999999998,1.2743,0.0017419333333333266,0.7692933333333334,0.01794799999999998,1.2743
10423.0,0.7700064516129033,0.01811354838709677,1.2880645161290323,0.004309806451612893,0.7700064516129033,0.01811354838709677,1.2880645161290323
10454.0,0.7707322580645162,0.018284193548387076,1.302258064516129,0.0022532258064516027,0.7707322580645162,0.018284193548387076,1.302258064516129
10484.5,0.77145,0.01845266666666666,1.3164333333333333,0.00043180000000000003,0.77145,0.01845266666666666,1.3164333333333333
10515.0,0.772158064516129,0.01862387096774192,1.3304838709677418,0.0007619999999999967,0.772158064516129,0.01862387096774192,1.3304838709677418
10545.5,0.7728766666666667,0.01879299999999999,1.3447666666666669,0.00037253333333333,0.7728766666666667,0.01879299999999999,1.3447666666666669
10576.0,0.7735774193548387,0.018964516129032247,1.358967741935484,0.0007680645161290323,0.7735774193548387,0.018964516129032247,1.358967741935484
10607.0,0.7742741935483871,0.019133870967741926,1.373193548387097,9.832258064516129e-05,0.7742741935483871,0.019133870967741926,1.373193548387097
10636.5,0.7753107142857143,0.019341785714285704,1.390642857142857,4.535714285714285e-05,0.7753107142857143,0.019341785714285704,1.390642857142857
10666.0,0.7762354838709676,0.01960193548387096,1.4126129032258063,0.00033593548387096775,0.7762354838709676,0.01960193548387096,1.4126129032258063
10696.5,0.77702,0.01978533333333332,1.4281,0.006349999999999996,0.77702,0.01978533333333332,1.4281
10727.0,0.7777709677419355,0.01996064516129031,1.4429677419354838,0.002925096774193539,0.7777709677419355,0.01996064516129031,1.4429677419354838
10757.5,0.77848,0.020135999999999984,1.4578333333333333,0.0018181333333333331,0.77848,0.020135999999999984,1.4578333333333333
10788.0,0.7791870967741935,0.020312580645161282,1.4727419354838711,0.003850967741935484,0.7791870967741935,0.020312580645161282,1.4727419354838711
10819.0,0.7798903225806452,0.0204916129032258,1.4881612903225807,0.005768258064516122,0.7798903225806452,0.0204916129032258,1.4881612903225807
10849.5,0.7805933333333334,0.02066933333333332,1.5030333333333334,0.0004402666666666667,0.7805933333333334,0.02066933333333332,1.5030333333333334
10880.0,0.7813419354838709,0.020851612903225798,1.5187741935483872,0.0009012903225806452,0.7813419354838709,0.020851612903225798,1.5187741935483872
10910.5,0.7827866666666666,0.021167999999999985,1.5455666666666665,0.0008551333333333332,0.7827866666666666,0.021167999999999985,1.5455666666666665
10941.0,0.785216129032258,0.021742903225806437,1.5946774193548388,0.0008090322580645162,0.785216129032258,0.021742903225806437,1.5946774193548388
10972.0,0.7887903225806452,0.02261870967741935,1.6701290322580646,0.0005571612903225774,0.7887903225806452,0.02261870967741935,1.6701290322580646
11001.5,0.7909535714285714,0.023213571428571417,1.7221428571428572,0.00020864285714285714,0.7909535714285714,0.023213571428571417,1.7221428571428572
11031.0,0.7918,0.0234516129032258,1.7432903225806453,0.0013109677419354839,0.7918,0.0234516129032258,1.7432903225806453
11061.5,0.7925833333333333,0.023624333333333317,1.7585,0.0008212666666666634,0.7925833333333333,0.023624333333333317,1.7585
11092.0,0.7932709677419355,0.02379645161290322,1.7737419354838708,0.0010569677419354805,0.7932709677419355,0.02379645161290322,1.7737419354838708
11122.5,0.7939566666666666,0.023972333333333304,1.7891666666666666,0.0021314,0.7939566666666666,0.023972333333333304,1.7891666666666666
11153.0,0.7946387096774193,0.024149032258064505,1.8048064516129032,0.0022286451612903223,0.7946387096774193,0.024149032258064505,1.8048064516129032
11184.0,0.7953548387096774,0.024329354838709665,1.8208387096774192,0.0046703225806451545,0.7953548387096774,0.024329354838709665,1.8208387096774192
11214.5,0.7960666666666666,0.024508999999999986,1.8367666666666667,0.0005672666666666666,0.7960666666666666,0.024508999999999986,1.8367666666666667
11245.0,0.7967806451612903,0.024688387096774185,1.8525161290322583,0.0007046451612903225,0.7967806451612903,0.024688387096774185,1.8525161290322583
11275.5,0.7975,0.024866333333333324,1.8684,0.00016086666666666668,0.7975,0.024866333333333324,1.8684
11306.0,0.7982096774193549,0.025039999999999982,1.8838709677419354,0.00085,0.7982096774193549,0.025039999999999982,1.8838709677419354
11337.0,0.7989064516129032,0.025212258064516123,1.8993548387096773,0.0006718709677419355,0.7989064516129032,0.025212258064516123,1.8993548387096773
11366.5,0.7999678571428571,0.025414285714285702,1.917142857142857,0.00023585714285714288,0.7999678571428571,0.025414285714285702,1.917142857142857
11396.0,0.8014322580645161,0.025785161290322572,1.9501612903225807,0.0011307096774193484,0.8014322580645161,0.025785161290322572,1.9501612903225807
11426.5,0.8024133333333333,0.026009999999999985,1.9704333333333333,0.0008297333333333334,0.8024133333333333,0.026009999999999985,1.9704333333333333
11457.0,0.8033387096774194,0.02619225806451612,1.9868709677419356,0.002621935483870958,0.8033387096774194,0.02619225806451612,1.9868709677419356
11487.5,0.8042,0.02637666666666665,2.0034666666666667,0.002419266666666667,0.8042,0.02637666666666665,2.0034666666666667
11518.0,0.8050612903225807,0.026562258064516123,2.0201290322580645,0.002728451612903213,0.8050612903225807,0.026562258064516123,2.0201290322580645
11549.0,0.805941935483871,0.02675032258064514,2.037161290322581,0.0010078064516128968,0.805941935483871,0.02675032258064514,2.037161290322581
11579.5,0.8068233333333333,0.026936666666666654,2.0539666666666667,0.0010583333333333267,0.8068233333333333,0.026936666666666654,2.0539666666666667
11610.0,0.8077161290322581,0.027123870967741916,2.0708387096774192,1.638709677419355e-05,0.8077161290322581,0.027123870967741916,2.0708387096774192
11640.5,0.8086033333333333,0.02730933333333332,2.0877,0.0003132666666666633,0.8086033333333333,0.02730933333333332,2.0877
11671.0,0.8094935483870968,0.027492580645161278,2.1043225806451615,0.0007189032258064517,0.8094935483870968,0.027492580645161278,2.1043225806451615
11702.0,0.8103677419354839,0.027674193548387082,2.120774193548387,0.00019664516129032258,0.8103677419354839,0.027674193548387082,2.120774193548387
11731.5,0.8112428571428572,0.027844285714285693,2.136285714285714,0.00010885714285714285,0.8112428571428572,0.027844285714285693,2.136285714285714
11761.0,0.8122935483870968,0.028037741935483865,2.153935483870968,0.0002376129032258032,0.8122935483870968,0.028037741935483865,2.153935483870968
11791.5,0.8132699999999999,0.028236666666666653,2.1721,1.6933333333333333e-05,0.8132699999999999,0.028236666666666653,2.1721
11822.0,0.8142677419354839,0.028424838709677398,2.1893548387096775,0.0009176774193548322,0.8142677419354839,0.028424838709677398,2.1893548387096775
11852.5,0.8152833333333334,0.028615999999999992,2.206733333333333,0.0016572666666666667,0.8152833333333334,0.028615999999999992,2.206733333333333
11883.0,0.8162903225806452,0.028804516129032242,2.224064516129032,0.0013273548387096742,0.8162903225806452,0.028804516129032242,2.224064516129032
11914.0,0.8173322580645161,0.028998064516129022,2.241741935483871,0.00035232258064515806,0.8173322580645161,0.028998064516129022,2.241741935483871
11944.5,0.81838,0.02918866666666665,2.259266666666667,0.0011091333333333269,0.81838,0.02918866666666665,2.259266666666667
11975.0,0.8194225806451613,0.029378064516129024,2.276806451612903,0.001081548387096771,0.8194225806451613,0.029378064516129024,2.276806451612903
12005.5,0.8204766666666666,0.029566999999999972,2.2942000000000005,8.466666666666666e-05,0.8204766666666666,0.029566999999999972,2.2942000000000005
12036.0,0.821525806451613,0.02975451612903225,2.3116129032258064,0.0007352903225806452,0.821525806451613,0.02975451612903225,2.3116129032258064
12067.0,0.8225451612903225,0.029939677419354816,2.3287096774193548,2.4580645161290323e-05,0.8225451612903225,0.029939677419354816,2.3287096774193548
12096.5,0.8234642857142858,0.03010714285714284,2.3440714285714286,0.0004354285714285714,0.8234642857142858,0.03010714285714284,2.3440714285714286
12126.0,0.8242903225806452,0.030261612903225786,2.358451612903226,0.0009586451612903193,0.8242903225806452,0.030261612903225786,2.358451612903226
12156.5,0.82503,0.030401999999999978,2.371666666666667,0.00082126666666666,0.82503,0.030401999999999978,2.371666666666667
12187.0,0.8256258064516129,0.030521290322580618,2.382774193548387,0.0007128387096774129,0.8256258064516129,0.030521290322580618,2.382774193548387
12217.5,0.82607,0.030615999999999973,2.3917,0.004984666666666656,0.82607,0.030615999999999973,2.3917
12248.0,0.8263903225806453,0.030686774193548358,2.398322580645161,0.000934064516129029,0.8263903225806453,0.030686774193548358,2.398322580645161
12279.0,0.8265967741935484,0.030737096774193527,2.403032258064516,0.0014666451612903226,0.8265967741935484,0.030737096774193527,2.403032258064516
12309.5,0.8267766666666667,0.030774999999999976,2.406633333333333,0.0005757333333333299,0.8267766666666667,0.030774999999999976,2.406633333333333
12340.0,0.8270677419354838,0.030819354838709637,2.410806451612903,5.735483870967741e-05,0.8270677419354838,0.030819354838709637,2.410806451612903
12370.5,0.8276166666666668,0.030883999999999974,2.4169,5.08e-05,0.8276166666666668,0.030883999999999974,2.4169
12401.0,0.8283290322580645,0.030978064516129014,2.4256129032258067,0.0006943225806451613,0.8283290322580645,0.030978064516129014,2.4256129032258067
12432.0,0.8290838709677419,0.031095161290322543,2.4364838709677423,0.00039329032258064516,0.8290838709677419,0.031095161290322543,2.4364838709677423
12462.0,0.8298310344827585,0.03122310344827584,2.4483103448275862,0.00037662068965517247,0.8298310344827585,0.03122310344827584,2.4483103448275862
12492.0,0.8305870967741936,0.03135483870967742,2.460677419354839,0.0003113548387096774,0.8305870967741936,0.03135483870967742,2.460677419354839
12522.5,0.8313466666666667,0.031488333333333327,2.473066666666667,0.0022182666666666633,0.8313466666666667,0.031488333333333327,2.473066666666667
12553.0,0.8321096774193548,0.03161967741935483,2.48541935483871,0.0005489677419354838,0.8321096774193548,0.03161967741935483,2.48541935483871
12583.5,0.8329766666666667,0.03175666666666665,2.4981999999999998,0.005611199999999997,0.8329766666666667,0.03175666666666665,2.4981999999999998
12614.0,0.8339935483870967,0.03191258064516128,2.5128387096774194,0.0035232258064516095,0.8339935483870967,0.03191258064516128,2.5128387096774194
12645.0,0.8351064516129033,0.03209032258064516,2.5293870967741934,0.003965677419354839,0.8351064516129033,0.03209032258064516,2.5293870967741934
12675.5,0.83624,0.03227633333333331,2.5468333333333333,0.00042333333333333334,0.83624,0.03227633333333331,2.5468333333333333
12706.0,0.8373935483870968,0.03246806451612902,2.5648709677419355,7.374193548387096e-05,0.8373935483870968,0.03246806451612902,2.5648709677419355
12736.5,0.8385333333333332,0.03266066666666666,2.583,0.0006265333333333333,0.8385333333333332,0.03266066666666666,2.583
12767.0,0.8396612903225806,0.032851612903225795,2.6009677419354835,0.0008418064516129033,0.8396612903225806,0.032851612903225795,2.6009677419354835
12798.0,0.8417709677419355,0.033157096774193526,2.629483870967742,0.0005981290322580645,0.8417709677419355,0.033157096774193526,2.629483870967742
12827.5,0.845175,0.0337592857142857,2.6863928571428572,8.164285714285714e-05,0.845175,0.0337592857142857,2.6863928571428572
12857.0,0.8470000000000001,0.034135483870967744,2.7222903225806454,0.0008439354838709677,0.8470000000000001,0.034135483870967744,2.7222903225806454
12887.5,0.84815,0.03434066666666665,2.7419333333333333,0.0009143999999999999,0.84815,0.03434066666666665,2.7419333333333333
12918.0,0.8491709677419356,0.03453096774193546,2.7600967741935483,0.0005981290322580645,0.8491709677419356,0.03453096774193546,2.7600967741935483
12948.5,0.8501166666666666,0.034720333333333325,2.7783,0.0024446666666666636,0.8501166666666666,0.034720333333333325,2.7783
12979.0,0.8510322580645162,0.03491129032258064,2.7966451612903227,0.001564967741935484,0.8510322580645162,0.03491129032258064,2.7966451612903227
13010.0,0.8519290322580645,0.03510580645161289,2.815225806451613,0.0021712903225806417,0.8519290322580645,0.03510580645161289,2.815225806451613
13040.5,0.8528,0.03529699999999999,2.8335999999999997,0.0005757333333333333,0.8528,0.03529699999999999,2.8335999999999997
13071.0,0.8536193548387097,0.035488064516129035,2.851935483870968,0.00039329032258064196,0.8536193548387097,0.035488064516129035,2.851935483870968
13101.5,0.85441,0.03567866666666665,2.8703000000000003,6.773333333333333e-05,0.85441,0.03567866666666665,2.8703000000000003
13132.0,0.855141935483871,0.035864516129032235,2.8883548387096774,0.000890967741935484,0.855141935483871,0.035864516129032235,2.8883548387096774
13163.0,0.8558161290322581,0.03604806451612901,2.9059354838709677,0.00019664516129032258,0.8558161290322581,0.03604806451612901,2.9059354838709677
13192.5,0.8563821428571429,0.03621035714285714,2.9217857142857144,3.6285714285714285e-05,0.8563821428571429,0.03621035714285714,2.9217857142857144
13222.0,0.856858064516129,0.03636064516129031,2.936225806451613,0.00019664516129032258,0.856858064516129,0.03636064516129031,2.936225806451613
13252.5,0.8572633333333334,0.03649866666666665,2.9496333333333333,6.773333333333333e-05,0.8572633333333334,0.03649866666666665,2.9496333333333333
13283.0,0.8575967741935484,0.036617419354838684,2.9612580645161293,0.0004506451612903226,0.8575967741935484,0.036617419354838684,2.9612580645161293
13313.5,0.8579033333333332,0.03672133333333331,2.971366666666667,0.00158953333333333,0.8579033333333332,0.03672133333333331,2.971366666666667
13344.0,0.8582774193548387,0.03682516129032257,2.981451612903226,0.0035641935483870964,0.8582774193548387,0.03682516129032257,2.981451612903226
13375.0,0.8587903225806451,0.03695161290322581,2.9936774193548388,0.0029414838709677384,0.8587903225806451,0.03695161290322581,2.9936774193548388
13405.5,0.8592866666666665,0.03710266666666666,3.0083333333333333,0.0012784666666666598,0.8592866666666665,0.03710266666666666,3.0083333333333333
13436.0,0.8597032258064516,0.0372732258064516,3.024903225806452,0.0012863870967741904,0.8597032258064516,0.0372732258064516,3.024903225806452
13466.5,0.8600700000000001,0.037455999999999996,3.042466666666667,0.00016086666666666666,0.8600700000000001,0.037455999999999996,3.042466666666667
13497.0,0.8603774193548388,0.037638709677419356,3.060290322580645,0.0009647096774193515,0.8603774193548388,0.037638709677419356,3.060290322580645
13528.0,0.8606258064516128,0.03782064516129031,3.0780000000000003,0.00023761290322580646,0.8606258064516128,0.03782064516129031,3.0780000000000003
13557.5,0.8608107142857142,0.03798499999999997,3.094214285714286,0.00010885714285714285,0.8608107142857142,0.03798499999999997,3.094214285714286
13587.0,0.8609322580645161,0.03813741935483869,3.1090645161290325,0.0005981290322580645,0.8609322580645161,0.03813741935483869,3.1090645161290325
13617.5,0.861,0.03827666666666665,3.1227333333333336,0.00156633333333333,0.861,0.03827666666666665,3.1227333333333336
13648.0,0.861,0.03839516129032258,3.1343870967741934,0.001925483870967742,0.861,0.03839516129032258,3.1343870967741934
13678.5,0.86109,0.038495333333333326,3.1441333333333334,0.0014625333333333301,0.86109,0.038495333333333326,3.1441333333333334
13709.0,0.8611774193548387,0.03858935483870966,3.153516129032258,0.001425677419354832,0.8611774193548387,0.03858935483870966,3.153516129032258
13740.0,0.8614290322580646,0.038711290322580624,3.1653548387096775,0.0022040645161290257,0.8614290322580646,0.038711290322580624,3.1653548387096775
13770.5,0.8615666666666667,0.038866666666666654,3.1805000000000003,0.00028786666666666665,0.8615666666666667,0.038866666666666654,3.1805000000000003
13801.0,0.8614645161290323,0.039043548387096776,3.197838709677419,0.00020483870967741614,0.8614645161290323,0.039043548387096776,3.197838709677419
13831.5,0.8612833333333333,0.03923199999999998,3.2162333333333337,8.466666666666666e-05,0.8612833333333333,0.03923199999999998,3.2162333333333337
13862.0,0.861016129032258,0.03942290322580643,3.2350645161290323,0.0009647096774193549,0.861016129032258,0.03942290322580643,3.2350645161290323
13893.0,0.8606806451612904,0.039619032258064506,3.254161290322581,0.0003769032258064516,0.8606806451612904,0.039619032258064506,3.254161290322581
13923.0,0.8603000000000001,0.039804137931034475,3.2724827586206895,0.00016641379310344828,0.8603000000000001,0.039804137931034475,3.2724827586206895
13953.0,0.8598774193548387,0.039981612903225786,3.29,0.0007865806451612871,0.8598774193548387,0.039981612903225786,3.29
13983.5,0.8594166666666666,0.04015066666666664,3.3067333333333333,0.0003302,0.8594166666666666,0.04015066666666664,3.3067333333333333
14014.0,0.8589741935483871,0.04030677419354837,3.322161290322581,0.00027038709677419356,0.8589741935483871,0.04030677419354837,3.322161290322581
14044.5,0.8585533333333334,0.040455,3.3368333333333333,0.0010984666666666665,0.8585533333333334,0.040455,3.3368333333333333
14075.0,0.858116129032258,0.04060838709677419,3.3520645161290323,0.00022941935483870965,0.858116129032258,0.04060838709677419,3.3520645161290323
14106.0,0.8575483870967742,0.04077709677419353,3.3687096774193552,0.0035232258064516065,0.8575483870967742,0.04077709677419353,3.3687096774193552
14136.5,0.85682,0.040956666666666655,3.3865666666666665,0.004207933333333333,0.85682,0.040956666666666655,3.3865666666666665
14167.0,0.855941935483871,0.041143225806451605,3.4049032258064518,0.00011470967741935484,0.855941935483871,0.041143225806451605,3.4049032258064518
14197.5,0.8549666666666667,0.04133133333333332,3.4237333333333333,0.00011853333333333333,0.8549666666666667,0.04133133333333332,3.4237333333333333
14228.0,0.8539451612903226,0.041516774193548364,3.442096774193548,0.0008581935483870936,0.8539451612903226,0.041516774193548364,3.442096774193548
14259.0,0.8528741935483871,0.04169838709677418,3.460193548387097,7.374193548387096e-05,0.8528741935483871,0.04169838709677418,3.460193548387097
14288.5,0.8518857142857142,0.041858928571428575,3.4761785714285716,3.6285714285714285e-05,0.8518857142857142,0.041858928571428575,3.4761785714285716
14318.0,0.850958064516129,0.042002258064516115,3.4906129032258066,0.0003687096774193548,0.850958064516129,0.042002258064516115,3.4906129032258066
14348.5,0.8501066666666667,0.04213199999999998,3.5035666666666665,0.0012869333333333335,0.8501066666666667,0.04213199999999998,3.5035666666666665
14379.0,0.8493935483870968,0.042238709677419335,3.514225806451613,0.001843548387096771,0.8493935483870968,0.042238709677419335,3.514225806451613
14409.5,0.8488266666666667,0.0423353333333333,3.524,0.00323206666666666,0.8488266666666667,0.0423353333333333,3.524
14440.0,0.848241935483871,0.04245516129032256,3.536,0.0031135483870967677,0.848241935483871,0.04245516129032256,3.536
14471.0,0.8471967741935484,0.04261258064516129,3.551677419354839,0.0015239999999999967,0.8471967741935484,0.04261258064516129,3.551677419354839
14501.5,0.8457233333333334,0.04279133333333332,3.5694333333333335,0.001016,0.8457233333333334,0.04279133333333332,3.5694333333333335
14532.0,0.8440193548387097,0.04297935483870966,3.588322580645161,0.00029496774193548384,0.8440193548387097,0.04297935483870966,3.588322580645161
14562.5,0.8422233333333333,0.043171999999999995,3.607466666666667,0.0003809999999999967,0.8422233333333333,0.043171999999999995,3.607466666666667
14593.0,0.8403967741935483,0.04336193548387096,3.626483870967742,0.0011941290322580646,0.8403967741935483,0.04336193548387096,3.626483870967742
14624.0,0.8385354838709677,0.043549032258064495,3.645451612903226,9.83225806451613e-05,0.8385354838709677,0.043549032258064495,3.645451612903226
14653.5,0.8368321428571429,0.0437167857142857,3.6623214285714285,0.0004445,0.8368321428571429,0.0437167857142857,3.6623214285714285
14683.0,0.8352258064516129,0.04387290322580645,3.678129032258065,0.0004506451612903226,0.8352258064516129,0.04387290322580645,3.678129032258065
14713.5,0.8336966666666666,0.044025,3.6934666666666667,0.00105833333333333,0.8336966666666666,0.044025,3.6934666666666667
14744.0,0.8320354838709677,0.04419161290322579,3.7101290322580645,0.0006718709677419355,0.8320354838709677,0.04419161290322579,3.7101290322580645
14774.5,0.8299933333333332,0.044373999999999976,3.7284333333333333,0.0009545333333333333,0.8299933333333332,0.044373999999999976,3.7284333333333333
14805.0,0.8277032258064516,0.04456451612903225,3.7475483870967743,0.0021303225806451583,0.8277032258064516,0.04456451612903225,3.7475483870967743
14836.0,0.8252516129032258,0.044760645161290316,3.767387096774194,0.0020811612903225743,0.8252516129032258,0.044760645161290316,3.767387096774194
14866.5,0.82277,0.04495499999999998,3.7870666666666666,7.62e-05,0.82277,0.04495499999999998,3.7870666666666666
14897.0,0.8202451612903227,0.045147741935483855,3.8065806451612905,0.00035232258064516126,0.8202451612903227,0.045147741935483855,3.8065806451612905
14927.5,0.8176666666666667,0.04534033333333333,3.8261,5.9266666666666666e-05,0.8176666666666667,0.04534033333333333,3.8261
14958.0,0.8150709677419354,0.04553032258064515,3.8453870967741937,0.0007025161290322581,0.8150709677419354,0.04553032258064515,3.8453870967741937
14989.0,0.8124483870967742,0.04571709677419353,3.864387096774194,7.374193548387096e-05,0.8124483870967742,0.04571709677419353,3.864387096774194
15018.5,0.8100285714285714,0.04588714285714285,3.881607142857143,0.00014514285714285714,0.8100285714285714,0.04588714285714285,3.881607142857143
15048.0,0.8077451612903226,0.046045483870967734,3.8977419354838707,0.0004424516129032258,0.8077451612903226,0.046045483870967734,3.8977419354838707
15078.5,0.8056033333333333,0.04619266666666666,3.9128666666666665,0.0005757333333333333,0.8056033333333333,0.04619266666666666,3.9128666666666665
15109.0,0.8037096774193548,0.04632290322580643,3.926225806451613,0.0005653548387096775,0.8037096774193548,0.04632290322580643,3.926225806451613
15139.5,0.8020833333333334,0.046435333333333315,3.9377333333333335,0.0008868,0.8020833333333334,0.046435333333333315,3.9377333333333335
15170.0,0.8007032258064516,0.04653161290322579,3.9476774193548385,0.004014838709677403,0.8007032258064516,0.04653161290322579,3.9476774193548385
15201.0,0.7994193548387096,0.04662548387096773,3.9573870967741938,0.001212645161290316,0.7994193548387096,0.04662548387096773,3.9573870967741938
15231.5,0.7979866666666666,0.046733000000000004,3.9682666666666666,0.005012266666666663,0.7979866666666666,0.046733000000000004,3.9682666666666666
15262.0,0.7960741935483872,0.04686419354838709,3.9816451612903223,0.000712838709677416,0.7960741935483872,0.04686419354838709,3.9816451612903223
15292.5,0.7936033333333333,0.04701799999999999,3.997266666666667,0.00016086666666666332,0.7936033333333333,0.04701799999999999,3.997266666666667
15323.0,0.7907741935483871,0.04718193548387095,4.013935483870968,0.0010220645161290324,0.7907741935483871,0.04718193548387095,4.013935483870968
15354.0,0.7878322580645161,0.04734967741935483,4.031064516129033,1.638709677419355e-05,0.7878322580645161,0.04734967741935483,4.031064516129033
15384.0,0.7850827586206897,0.047503448275862066,4.047034482758621,0.000254,0.7850827586206897,0.047503448275862066,4.047034482758621
15414.0,0.7825935483870968,0.047646451612903214,4.061677419354838,4.9161290322580645e-05,0.7825935483870968,0.047646451612903214,4.061677419354838
15444.5,0.7803566666666666,0.04777666666666665,4.075,0.0007196666666666666,0.7803566666666666,0.04777666666666665,4.075
15475.0,0.7777290322580646,0.0479348387096774,4.091225806451613,0.0006390967741935484,0.7777290322580646,0.0479348387096774,4.091225806451613
15505.5,0.7742600000000001,0.04811966666666665,4.110166666666667,0.0011662,0.7742600000000001,0.04811966666666665,4.110166666666667
15536.0,0.770541935483871,0.048311290322580636,4.129709677419355,0.002556387096774187,0.770541935483871,0.048311290322580636,4.129709677419355
15567.0,0.7667354838709677,0.0485048387096774,4.149806451612903,0.0004588387096774161,0.7667354838709677,0.0485048387096774,4.149806451612903
15597.5,0.7629833333333332,0.04869733333333332,4.1696,0.0012022666666666668,0.7629833333333332,0.04869733333333332,4.1696
15628.0,0.7592032258064516,0.048889354838709674,4.189290322580645,0.00011470967741935484,0.7592032258064516,0.048889354838709674,4.189290322580645
15658.5,0.7554133333333334,0.049079666666666646,4.209,1.6933333333333333e-05,0.7554133333333334,0.049079666666666646,4.209
15689.0,0.7516419354838709,0.049267096774193525,4.228451612903226,0.0008581935483870967,0.7516419354838709,0.049267096774193525,4.228451612903226
15720.0,0.7478645161290323,0.049454193548387086,4.247806451612904,0.00014748387096774192,0.7478645161290323,0.049454193548387086,4.247806451612904
15749.5,0.7444035714285714,0.04962428571428572,4.265392857142857,0.0008164285714285715,0.7444035714285714,0.04962428571428572,4.265392857142857
15779.0,0.7411387096774193,0.049784193548387076,4.2820967741935485,0.00014748387096774192,0.7411387096774193,0.049784193548387076,4.2820967741935485
15809.5,0.7380566666666667,0.04993499999999997,4.297866666666667,0.0002794,0.7380566666666667,0.04993499999999997,4.297866666666667
15840.0,0.735358064516129,0.05006774193548384,4.311741935483871,0.0009340645161290323,0.735358064516129,0.05006774193548384,4.311741935483871
15870.5,0.7330966666666666,0.05017966666666666,4.323433333333333,0.0011408000000000002,0.7330966666666666,0.05017966666666666,4.323433333333333
15901.0,0.7312870967741936,0.05026935483870967,4.332935483870967,0.003760838709677416,0.7312870967741936,0.05026935483870967,4.332935483870967
15932.0,0.7298645161290322,0.050340967741935486,4.340419354838709,0.004678516129032254,0.7298645161290322,0.050340967741935486,4.340419354838709
15962.5,0.7287033333333334,0.05040299999999998,4.346966666666666,0.004123266666666657,0.7287033333333334,0.05040299999999998,4.346966666666666
15993.0,0.7274064516129033,0.050478064516129025,4.354903225806452,0.00034412903225806453,0.7274064516129033,0.050478064516129025,4.354903225806452
16023.5,0.7255066666666666,0.05058299999999998,4.365666666666667,0.00022859999999999997,0.7255066666666666,0.05058299999999998,4.365666666666667
16054.0,0.7228290322580645,0.05071258064516128,4.3790645161290325,0.0007025161290322581,0.7228290322580645,0.05071258064516128,4.3790645161290325
16085.0,0.719632258064516,0.050855806451612896,4.393935483870967,0.00040967741935483547,0.719632258064516,0.050855806451612896,4.393935483870967
16114.5,0.7164142857142857,0.05099857142857143,4.408892857142857,0.0003537857142857143,0.7164142857142857,0.05099857142857143,4.408892857142857
16144.0,0.7065967741935484,0.051398064516129015,4.450032258064516,0.00034412903225806453,0.7065967741935484,0.051398064516129015,4.450032258064516
16174.5,0.6970766666666667,0.05177266666666667,4.489599999999999,0.00077893333333333,0.6970766666666667,0.05177266666666667,4.489599999999999
16205.0,0.6928741935483871,0.051970322580645135,4.51041935483871,0.0018189677419354806,0.6928741935483871,0.051970322580645135,4.51041935483871
16235.5,0.6887866666666667,0.05215999999999999,4.530233333333333,0.0020297999999999965,0.6887866666666667,0.05215999999999999,4.530233333333333
16266.0,0.6845225806451612,0.05234645161290323,4.549870967741935,0.0037198709677419258,0.6845225806451612,0.05234645161290323,4.549870967741935
16297.0,0.6801129032258065,0.052534838709677414,4.569806451612902,0.0020074193548387065,0.6801129032258065,0.052534838709677414,4.569806451612902
16327.5,0.6756966666666667,0.052721333333333315,4.589466666666667,0.0005164666666666667,0.6756966666666667,0.052721333333333315,4.589466666666667
16358.0,0.6712806451612903,0.052904838709677396,4.609064516129032,0.002425290322580645,0.6712806451612903,0.052904838709677396,4.609064516129032
16388.5,0.6668633333333334,0.05308833333333333,4.6285,0.00022013333333333336,0.6668633333333334,0.05308833333333333,4.6285
16419.0,0.6624580645161291,0.05326967741935482,4.647870967741936,0.000776258064516129,0.6624580645161291,0.05326967741935482,4.647870967741936
16450.0,0.6580709677419354,0.053449354838709655,4.666967741935484,0.0006554838709677418,0.6580709677419354,0.053449354838709655,4.666967741935484
16479.5,0.6540714285714285,0.053613214285714264,4.684464285714285,0.0013788571428571359,0.6540714285714285,0.053613214285714264,4.684464285714285
16509.0,0.6500741935483871,0.05378225806451612,4.702516129032258,0.0006636774193548355,0.6500741935483871,0.05378225806451612,4.702516129032258
16539.5,0.6422966666666666,0.05408166666666665,4.734233333333333,0.0008212666666666667,0.6422966666666666,0.05408166666666665,4.734233333333333
16570.0,0.6362903225806452,0.0543058064516129,4.758774193548387,0.006661354838709671,0.6362903225806452,0.0543058064516129,4.758774193548387
16600.5,0.63195,0.054486999999999994,4.7782,0.005509599999999997,0.63195,0.054486999999999994,4.7782
16631.0,0.6275064516129032,0.05466838709677418,4.797677419354839,0.002572774193548387,0.6275064516129032,0.05466838709677418,4.797677419354839
16662.0,0.6229322580645161,0.05485096774193547,4.817354838709678,0.0013765161290322547,0.6229322580645161,0.05485096774193547,4.817354838709678
16692.5,0.6183966666666667,0.05503033333333331,4.836733333333333,0.00029633333333333334,0.6183966666666667,0.05503033333333331,4.836733333333333
16723.0,0.6135483870967742,0.05522516129032257,4.857741935483871,0.001147096774193542,0.6135483870967742,0.05522516129032257,4.857741935483871
16753.5,0.5982533333333334,0.05575733333333332,4.914833333333333,0.0003979333333333333,0.5982533333333334,0.05575733333333332,4.914833333333333
16784.0,0.5775322580645161,0.05648387096774193,4.994483870967742,0.0008581935483870967,0.5775322580645161,0.05648387096774193,4.994483870967742
16815.0,0.5652032258064517,0.056968709677419335,5.048387096774194,0.00020483870967741934,0.5652032258064517,0.056968709677419335,5.048387096774194
16845.0,0.5582,0.05725655172413792,5.08048275862069,0.0011298620689655175,0.5582,0.05725655172413792,5.08048275862069
16875.0,0.5536451612903226,0.05744451612903225,5.1014193548387095,0.0005981290322580645,0.5536451612903226,0.05744451612903225,5.1014193548387095
16905.5,0.5496833333333334,0.05760966666666665,5.119933333333334,0.0019303999999999966,0.5496833333333334,0.05760966666666665,5.119933333333334
16936.0,0.5456129032258065,0.057772903225806437,5.138225806451612,0.0017206451612903195,0.5456129032258065,0.057772903225806437,5.138225806451612
16966.5,0.5414466666666667,0.05793633333333333,5.156533333333333,0.0015048666666666634,0.5414466666666667,0.05793633333333333,5.156533333333333
16997.0,0.5372161290322581,0.058100645161290314,5.17483870967742,0.0027612258064516064,0.5372161290322581,0.058100645161290314,5.17483870967742
17028.0,0.5328935483870968,0.05826612903225805,5.193677419354838,0.001991032258064516,0.5328935483870968,0.05826612903225805,5.193677419354838
17058.5,0.5286000000000001,0.05843033333333332,5.212133333333333,4.233333333333333e-05,0.5286000000000001,0.05843033333333332,5.212133333333333
17089.0,0.5243290322580646,0.05859129032258063,5.230483870967742,9.012903225806128e-05,0.5243290322580646,0.05859129032258063,5.230483870967742
17119.5,0.5201066666666666,0.058750666666666666,5.248500000000001,5.926666666666666e-05,0.5201066666666666,0.058750666666666666,5.248500000000001
17150.0,0.5159870967741935,0.05890741935483869,5.266225806451613,0.0012023225806451613,0.5159870967741935,0.05890741935483869,5.266225806451613
17181.0,0.5119677419354839,0.05905870967741934,5.283645161290322,0.0002621935483870968,0.5119677419354839,0.05905870967741934,5.283645161290322
17210.5,0.5083392857142857,0.059196428571428546,5.299285714285714,5.442857142857143e-05,0.5083392857142857,0.059196428571428546,5.299285714285714
17240.0,0.504674193548387,0.059338709677419346,5.315645161290322,0.00028677419354838387,0.504674193548387,0.059338709677419346,5.315645161290322
17270.5,0.5002066666666667,0.059503999999999994,5.3346,0.0018965333333333264,0.5002066666666667,0.059503999999999994,5.3346
17301.0,0.4958806451612903,0.05966451612903224,5.352967741935484,0.002580967741935471,0.4958806451612903,0.05966451612903224,5.352967741935484
17331.5,0.49155666666666664,0.05982333333333332,5.371333333333334,0.00109,0.49155666666666664,0.05982333333333332,5.371333333333334
17362.0,0.48726451612903227,0.05998096774193547,5.389612903225807,0.005104580645161286,0.48726451612903227,0.05998096774193547,5.389612903225807
17393.0,0.4829096774193548,0.060141612903225776,5.408193548387096,0.0019910322580645097,0.4829096774193548,0.060141612903225776,5.408193548387096
17423.5,0.47863666666666665,0.060298666666666646,5.426433333333334,0.0023452666666666636,0.47863666666666665,0.060298666666666646,5.426433333333334
17454.0,0.4744129032258064,0.06045451612903223,5.444612903225807,0.0001556774193548387,0.4744129032258064,0.06045451612903223,5.444612903225807
17484.5,0.47023333333333334,0.06060733333333331,5.4626,0.00016086666666666332,0.47023333333333334,0.06060733333333331,5.4626
17515.0,0.4661677419354839,0.06075612903225805,5.480129032258065,0.0006533548387096774,0.4661677419354839,0.06075612903225805,5.480129032258065
17546.0,0.46219354838709675,0.06090419354838707,5.497483870967742,0.0001310967741935484,0.46219354838709675,0.06090419354838707,5.497483870967742
17575.5,0.45506785714285714,0.06116214285714283,5.527464285714286,0.00036285714285713927,0.45506785714285714,0.06116214285714283,5.527464285714286
17605.0,0.4480709677419355,0.06139709677419352,5.5558387096774196,0.0004916129032257999,0.4480709677419355,0.06139709677419352,5.5558387096774196
17635.5,0.44267666666666666,0.0615953333333333,5.579733333333333,0.0009144,0.44267666666666666,0.0615953333333333,5.579733333333333
17666.0,0.43847419354838707,0.061751290322580615,5.598290322580645,0.001196258064516129,0.43847419354838707,0.061751290322580615,5.598290322580645
17696.5,0.4345633333333333,0.061898333333333305,5.616066666666667,0.0017673333333333332,0.4345633333333333,0.061898333333333305,5.616066666666667
17727.0,0.4306032258064516,0.062045161290322545,5.633709677419355,0.0037608387096774,0.4306032258064516,0.062045161290322545,5.633709677419355
17758.0,0.4265548387096774,0.06219354838709676,5.651677419354838,0.0026629032258064515,0.4265548387096774,0.06219354838709676,5.651677419354838
17788.5,0.42257666666666666,0.06233766666666663,5.6692,0.00048259999999999997,0.42257666666666666,0.06233766666666663,5.6692
17819.0,0.4186225806451613,0.062481290322580624,5.686677419354839,0.0012126451612903195,0.4186225806451613,0.062481290322580624,5.686677419354839
17849.5,0.41469,0.06262266666666667,5.704166666666667,0.00036406666666666666,0.41469,0.06262266666666667,5.704166666666667
17880.0,0.4107967741935484,0.06276354838709677,5.7213548387096775,0.0007189032258064517,0.4107967741935484,0.06276354838709677,5.7213548387096775
17911.0,0.40698387096774197,0.06290129032258064,5.738322580645161,0.0002212258064516129,0.40698387096774197,0.06290129032258064,5.738322580645161
17940.5,0.4034785714285714,0.0630267857142857,5.754,0.0002630714285714286,0.4034785714285714,0.0630267857142857,5.754
17970.0,0.40023548387096775,0.06314419354838707,5.768612903225806,0.0009914193548387065,0.40023548387096775,0.06314419354838707,5.768612903225806
18000.5,0.3970933333333333,0.06326033333333331,5.783133333333334,0.0005926666666666633,0.3970933333333333,0.06326033333333331,5.783133333333334
18031.0,0.39376451612903224,0.06338354838709676,5.798451612903226,0.0023269677419354806,0.39376451612903224,0.06338354838709676,5.798451612903226
18061.5,0.39013,0.06351333333333332,5.814766666666667,0.00232613333333333,0.39013,0.06351333333333332,5.814766666666667
18092.0,0.38634516129032254,0.06364677419354837,5.8315161290322575,0.001147096774193542,0.38634516129032254,0.06364677419354837,5.8315161290322575
18123.0,0.3824451612903226,0.06378258064516129,5.848741935483871,0.0005899354838709677,0.3824451612903226,0.06378258064516129,5.848741935483871
18153.5,0.37864666666666663,0.06391466666666666,5.865633333333333,0.0002709333333333333,0.37864666666666663,0.06391466666666666,5.865633333333333
18184.0,0.37489032258064514,0.06404612903225806,5.882451612903226,0.0006718709677419355,0.37489032258064514,0.06404612903225806,5.882451612903226
18214.5,0.3711933333333333,0.06417533333333333,5.8989,0.0007619999999999967,0.3711933333333333,0.06417533333333333,5.8989
18245.5,0.367540625,0.06430343749999998,5.9155,0.000879,0.367540625,0.06430343749999998,5.9155
