Stress Period,PFHxS,PFOA,PFOS
0,0.0,0.0,0.0
1,0.0,0.0,0.0
2,0.0,0.0,0.0
3,0.0,0.0,0.0
4,0.0,0.0,0.0
5,0.0,0.0,0.0
6,0.0,0.0,0.0
7,0.0,0.0,0.0
8,0.0,0.0,0.0
9,0.0,0.0,0.0
10,0.0,0.0,0.0
11,0.0,0.0,0.0
12,0.0,0.0,0.0
13,0.0,0.0,0.0
14,0.0,0.0,0.0
15,0.0,0.0,0.0
16,0.0,0.0,0.0
17,0.0,0.0,0.0
18,7.706195890070812e-17,0.0,0.0
19,1.4137397829000002e-08,9.977108855666666e-19,1.2543777235333333e-18
20,4.925655737704918e-07,2.5562409836065573e-16,4.184780327868853e-16
21,1.3092389830508476e-06,1.6777169491525424e-15,3.161949152542373e-15
22,2.482633333333333e-06,5.9470666666666655e-15,1.247853333333333e-14
23,7.1670594594594594e-06,6.704796756756757e-14,1.829004864864865e-13
24,1.3508333333333334e-05,2.3503333333333335e-13,7.092766666666668e-13
25,1.7714426229508197e-05,4.2737049180327865e-13,1.374088524590164e-12
26,2.2779152542372885e-05,7.687406779661017e-13,2.6343898305084743e-12
27,2.5398666666666668e-05,1.0240133333333332e-12,3.629633333333333e-12
28,3.112097297297297e-05,1.6192162162162162e-12,6.040702702702702e-12
29,3.793333333333333e-05,2.5289333333333334e-12,9.890766666666669e-12
30,4.556704918032787e-05,3.687114754098361e-12,1.4976065573770494e-11
31,5.626067796610169e-05,5.886508474576271e-12,2.5124745762711864e-11
32,6.350833333333334e-05,7.930600000000001e-12,3.500533333333333e-11
33,8.458413978494625e-05,1.517990860215054e-11,7.214935483870968e-11
34,0.00011801,3.170066666666667e-11,1.6215000000000003e-10
35,0.00014083606557377049,4.728540983606557e-11,2.5239672131147537e-10
36,0.00016486271186440677,7.010661016949153e-11,3.912033898305085e-10
37,0.00019986666666666665,1.0677733333333335e-10,6.222066666666667e-10
38,0.00036400594594594596,4.872935135135136e-10,3.3827518918918916e-09
39,0.00046658666666666665,9.241733333333333e-10,6.8505999999999995e-09
40,0.000528104918032787,1.2431475409836067e-09,9.514622950819672e-09
41,0.0006096084745762713,1.7919999999999998e-09,1.4285254237288138e-08
42,0.0007737066666666667,3.2782e-09,2.7883333333333325e-08
43,0.0010349481081081081,7.344610810810811e-09,6.896421621621622e-08
44,0.0012047000000000002,1.1491333333333331e-08,1.1369333333333331e-07
45,0.0013173606557377046,1.4284098360655734e-08,1.447704918032787e-07
46,0.0014208135593220337,1.7769661016949153e-08,1.8499830508474577e-07
47,0.0014490999999999998,1.9538666666666665e-08,2.0635000000000007e-07
48,0.0016211621621621624,2.530567567567567e-08,2.751037837837838e-07
49,0.0018219333333333336,3.5597333333333334e-08,4.031866666666667e-07
50,0.0019766229508196725,4.32427868852459e-08,5.00472131147541e-07
51,0.00212071186440678,5.279271186440678e-08,6.263118644067796e-07
52,0.0022680333333333336,6.408633333333334e-08,7.7873e-07
53,0.0027610215053763443,1.0730736559139786e-07,1.3892037634408603e-06
54,0.0030426000000000003,1.4710333333333333e-07,1.9839e-06
55,0.003407737704918033,1.9341147540983603e-07,2.692377049180328e-06
56,0.0038753898305084744,2.797762711864406e-07,4.080457627118644e-06
57,0.004175433333333333,3.5581e-07,5.3597000000000005e-06
58,0.004833508108108108,5.293394594594594e-07,8.390902702702704e-06
59,0.005141099999999999,6.692166666666667e-07,1.0967e-05
60,0.005427196721311475,7.603262295081967e-07,1.2642950819672134e-05
61,0.0056548813559322035,8.642457627118644e-07,1.4620508474576272e-05
62,0.005690466666666666,9.138466666666667e-07,1.5614666666666665e-05
63,0.006506043243243244,1.2755048648648649e-06,2.2676378378378378e-05
64,0.006836833333333334,1.5624333333333337e-06,2.8605333333333332e-05
65,0.0071747868852459025,1.7476557377049183e-06,3.240311475409836e-05
66,0.007482830508474577,1.978406779661017e-06,3.727779661016949e-05
67,0.007996766666666667,2.4491666666666664e-06,4.7449e-05
68,0.009134805405405406,3.5681135135135133e-06,7.260237837837837e-05
69,0.009427566666666666,4.193033333333333e-06,8.750100000000001e-05
70,0.009828032786885248,4.608278688524589e-06,9.718163934426231e-05
71,0.010104067796610171,5.050898305084745e-06,0.0001078728813559322
72,0.010089333333333332,5.238999999999999e-06,0.00011274666666666668
73,0.010876505376344086,6.217629032258065e-06,0.00013643279569892472
74,0.011166333333333332,7.142066666666668e-06,0.00016015666666666667
75,0.011610655737704917,7.784344262295082e-06,0.00017619344262295085
76,0.011883220338983053,8.413525423728813e-06,0.00019252203389830513
77,0.011921999999999999,8.732666666666667e-06,0.00020120333333333335
78,0.013523027027027026,1.214361081081081e-05,0.00029149243243243244
79,0.013863999999999998,1.3942666666666666e-05,0.00034225999999999994
80,0.0143772131147541,1.5051803278688522e-05,0.0003724901639344262
81,0.014792372881355932,1.6395254237288135e-05,0.000410477966101695
82,0.015145,1.815566666666667e-05,0.00046183333333333325
83,0.016317675675675675,2.1636432432432433e-05,0.0005622237837837838
84,0.016516,2.3774666666666664e-05,0.0006283199999999999
85,0.017083114754098357,2.5444918032786887e-05,0.0006772540983606557
86,0.017402542372881358,2.700745762711864e-05,0.0007250118644067797
87,0.017305666666666667,2.754833333333333e-05,0.0007435433333333332
88,0.0186387027027027,3.2403243243243244e-05,0.0008907681081081081
89,0.01880033333333334,3.5302e-05,0.0009858
90,0.019431967213114756,3.767065573770492e-05,0.0010589180327868852
91,0.02006118644067797,4.1574915254237286e-05,0.0011845762711864406
92,0.02012466666666667,4.3615e-05,0.0012541666666666665
93,0.021438602150537635,5.038295698924732e-05,0.0014731290322580644
94,0.021470333333333334,5.4085333333333335e-05,0.0016034666666666668
95,0.022102786885245904,5.7301147540983614e-05,0.0017085737704918035
96,0.02237457627118644,6.000627118644068e-05,0.0018013898305084743
97,0.02214499999999999,6.055e-05,0.0018248666666666664
98,0.023153243243243245,6.576583783783784e-05,0.0019972756756756757
99,0.023046,6.945700000000001e-05,0.0021333
100,0.023686065573770492,7.33860655737705e-05,0.0022659672131147544
101,0.02393101694915254,7.65898305084746e-05,0.0023796101694915253
102,0.02366666666666667,7.717833333333335e-05,0.0024066999999999995
103,0.025050864864864863,8.826891891891892e-05,0.0027923729729729735
104,0.024851,9.358599999999998e-05,0.002996533333333333
105,0.025483114754098358,9.859704918032787e-05,0.0031724098360655737
106,0.025721864406779666,0.00010294576271186441,0.0033327796610169496
107,0.025577000000000003,0.00010651333333333332,0.0034721
108,0.02682643243243243,0.00012054324324324323,0.003983227027027026
109,0.026468999999999996,0.00012673333333333334,0.0042339
110,0.027089180327868854,0.00013311639344262295,0.004467213114754099
111,0.026800322580645162,0.00013510967741935483,0.004554096774193549
112,0.026823448275862066,0.00013735862068965516,0.004642655172413793
113,0.02699580645161291,0.00014016451612903225,0.004748903225806452
114,0.027099,0.00014409333333333332,0.004901266666666667
115,0.02723677419354839,0.0001475774193548387,0.005036032258064516
116,0.027301333333333334,0.00015042,0.005148466666666666
117,0.02742387096774193,0.00015365161290322582,0.005273645161290323
118,0.027520322580645157,0.00015679032258064513,0.005397322580645161
119,0.027585333333333337,0.00015976,0.005514966666666667
120,0.027711935483870968,0.0001631161290322581,0.005646677419354839
121,0.027776666666666665,0.00016612000000000002,0.0057666666666666665
122,0.02789935483870967,0.0001694548387096774,0.0058981290322580645
123,0.027989354838709676,0.00017255161290322577,0.006021709677419354
124,0.027998928571428567,0.0001749714285714286,0.006120285714285714
125,0.028240967741935488,0.0001802322580645161,0.0063275483870967745
126,0.02836666666666667,0.00018583666666666663,0.006554533333333333
127,0.02852322580645162,0.00019031935483870965,0.006735096774193549
128,0.02860566666666667,0.00019368,0.006872066666666667
129,0.028742258064516125,0.0001974516129032258,0.007024580645161291
130,0.02885193548387097,0.00020112903225806452,0.00717458064516129
131,0.02893066666666667,0.00020458333333333328,0.007316499999999999
132,0.02907516129032258,0.00020851290322580646,0.007476838709677419
133,0.029154999999999997,0.0002119766666666667,0.0076208333333333345
134,0.029294193548387092,0.00021580322580645161,0.007777387096774193
135,0.029387096774193548,0.0002191290322580645,0.007915741935483871
136,0.029352857142857146,0.00022097142857142852,0.00799775
137,0.02950580645161291,0.00022376451612903228,0.008110516129032257
138,0.029515,0.00022497333333333332,0.008163233333333334
139,0.02959774193548387,0.00022641935483870971,0.008222225806451612
140,0.029656000000000002,0.00022768000000000002,0.008274166666666666
141,0.029792903225806446,0.00023076129032258065,0.008399387096774192
142,0.029897096774193544,0.000234658064516129,0.008562612903225807
143,0.030007666666666665,0.00023855,0.008726833333333331
144,0.030183870967741933,0.00024300967741935485,0.008912903225806451
145,0.030297666666666667,0.00024692999999999997,0.009079099999999998
146,0.030479032258064514,0.0002513258064516129,0.009263645161290322
147,0.030663870967741938,0.00025587741935483867,0.009455064516129033
148,0.03078392857142857,0.00026095,0.009677392857142855
149,0.031240645161290326,0.0002697709677419355,0.010044516129032259
150,0.03164733333333333,0.0002798566666666666,0.010479999999999998
151,0.03203,0.00028807419354838704,0.010832903225806451
152,0.03226333333333333,0.00029405666666666665,0.011097666666666667
153,0.032530322580645164,0.0002992516129032258,0.01132225806451613
154,0.0327516129032258,0.00030389354838709676,0.011525806451612903
155,0.03294,0.00030814666666666667,0.011714666666666663
156,0.0332116129032258,0.0003131645161290323,0.011933225806451613
157,0.03345033333333334,0.00031784666666666663,0.012140666666666664
158,0.03416064516129032,0.00032892580645161294,0.012623548387096775
159,0.03520387096774193,0.00034544838709677417,0.01335774193548387
160,0.03589551724137931,0.00035756896551724146,0.013909310344827583
161,0.03646709677419355,0.00036659999999999997,0.014315483870967743
162,0.03691266666666667,0.0003738566666666667,0.014648333333333334
163,0.03738516129032258,0.00038111935483870976,0.014978387096774192
164,0.03769533333333334,0.0003860933333333334,0.015209666666666668
165,0.038075806451612904,0.0003916806451612903,0.015463225806451611
166,0.03843096774193549,0.0003969677419354839,0.015706129032258064
167,0.038747,0.00040179,0.015931666666666667
168,0.03915806451612904,0.00040757096774193536,0.016196129032258064
169,0.03948466666666666,0.00041245333333333334,0.01642566666666667
170,0.03989193548387096,0.00041816129032258066,0.01668774193548387
171,0.040230967741935485,0.00042316774193548387,0.016921612903225806
172,0.04035607142857143,0.00042577142857142854,0.017054642857142855
173,0.04070451612903226,0.0004305709677419355,0.017271935483870966
174,0.04089733333333334,0.00043302,0.017387
175,0.04146999999999999,0.00044025806451612905,0.01771516129032258
176,0.041882666666666665,0.0004459066666666667,0.017987333333333334
177,0.042359032258064505,0.00045226129032258067,0.018282903225806453
178,0.04279225806451612,0.00045811290322580653,0.018559354838709678
179,0.043176000000000006,0.00046343,0.018813666666666666
180,0.043662258064516124,0.00046980645161290324,0.019112580645161293
181,0.04405033333333333,0.00047515999999999997,0.019370000000000002
182,0.044536129032258065,0.00048158064516129023,0.019671290322580644
183,0.04503774193548388,0.0004879967741935484,0.019973225806451615
184,0.046109642857142856,0.0005003678571428572,0.020569285714285714
185,0.047866451612903226,0.0005219064516129033,0.021588387096774197
186,0.04897200000000001,0.0005371566666666668,0.022333000000000002
187,0.0496332258064516,0.0005465677419354838,0.022789999999999998
188,0.05002966666666667,0.0005522566666666667,0.023069666666666665
189,0.05053,0.0005589129032258064,0.023393225806451617
190,0.05100225806451614,0.000565183870967742,0.023696451612903232
191,0.05142533333333333,0.0005708433333333333,0.02397866666666667
192,0.05196903225806452,0.0005778354838709677,0.024316129032258067
193,0.05240066666666667,0.00058358,0.024601
194,0.05294870967741935,0.0005905967741935484,0.024942258064516127
195,0.053425483870967745,0.0005968935483870967,0.025251612903225803
196,0.05364857142857143,0.0006003357142857144,0.025438214285714283
197,0.054319677419354846,0.0006082612903225807,0.02580709677419355
198,0.055100666666666666,0.0006179433333333334,0.026289000000000003
199,0.055803870967741934,0.0006268806451612904,0.026727096774193552
200,0.05628166666666666,0.00063321,0.02704233333333333
201,0.05687193548387096,0.0006407322580645161,0.027410645161290322
202,0.0574141935483871,0.0006476774193548389,0.02775225806451613
203,0.05789333333333334,0.0006538933333333333,0.02806533333333333
204,0.05850225806451614,0.0006615838709677418,0.028441290322580654
205,0.05922433333333334,0.0006698766666666664,0.028849666666666666
206,0.06130645161290323,0.0006932677419354839,0.02999709677419355
207,0.06337193548387098,0.0007190967741935484,0.031275483870967735
208,0.06495428571428571,0.0007403500000000001,0.0323475
209,0.06653612903225806,0.0007624161290322581,0.033435161290322576
210,0.06719499999999999,0.0007730900000000001,0.033980666666666666
211,0.06778612903225806,0.000781783870967742,0.03440806451612904
212,0.06819833333333335,0.0007882966666666667,0.03474033333333334
213,0.06877645161290322,0.000796641935483871,0.03515290322580645
214,0.06929806451612903,0.0008043870967741934,0.03554096774193548
215,0.06974033333333332,0.0008112466666666666,0.03588900000000001
216,0.07033129032258063,0.0008199354838709678,0.03631838709677419
217,0.07075166666666668,0.00082672,0.036663333333333346
218,0.07129032258064516,0.0008349516129032258,0.03707064516129032
219,0.07170612903225806,0.0008417548387096773,0.037411290322580656
220,0.07179857142857142,0.0008445321428571428,0.037570714285714284
221,0.07269483870967743,0.0008559451612903226,0.03811129032258064
222,0.07372833333333334,0.0008726500000000001,0.038954
223,0.0744674193548387,0.0008851677419354838,0.03957741935483871
224,0.07488766666666667,0.0008930066666666666,0.039972333333333325
225,0.07544225806451613,0.0009024612903225807,0.04043870967741935
226,0.07593032258064518,0.0009111516129032257,0.040872903225806445
227,0.076323,0.0009188000000000001,0.04126
228,0.07688548387096773,0.0009286645161290323,0.041746129032258064
229,0.07725833333333333,0.0009363066666666666,0.042132333333333334
230,0.07778193548387097,0.000945909677419355,0.042607096774193554
231,0.07817225806451614,0.0009539451612903227,0.043010322580645154
232,0.07820857142857143,0.0009573071428571428,0.043196428571428566
233,0.07892225806451612,0.0009682193548387097,0.04371645161290323
234,0.079276,0.0009767,0.04414466666666666
235,0.0798383870967742,0.0009875806451612903,0.044678709677419354
236,0.080196,0.0009960666666666668,0.04511
237,0.0807167741935484,0.001006709677419355,0.045633870967741935
238,0.08114451612903226,0.0010164193548387096,0.04611774193548388
239,0.08146633333333335,0.0010249666666666665,0.046545333333333334
240,0.08196258064516129,0.0010358064516129031,0.047081612903225815
241,0.082265,0.0010443666666666669,0.04751166666666666
242,0.08273032258064515,0.0010551935483870969,0.048044838709677413
243,0.0830732258064516,0.0010645483870967744,0.048509677419354844
244,0.08304321428571428,0.0010685357142857144,0.04872642857142857
245,0.0835435483870968,0.001078774193548387,0.049221290322580644
246,0.08359000000000003,0.0010824,0.049412
247,0.08380903225806452,0.0010871612903225808,0.04964387096774194
248,0.08385300000000002,0.0010890999999999997,0.049745000000000004
249,0.08405806451612903,0.0010933548387096774,0.04995129032258066
250,0.08415548387096776,0.0010963548387096776,0.050100000000000006
251,0.08415599999999998,0.0010980333333333334,0.050188666666666666
252,0.08435032258064513,0.0011021612903225806,0.05039161290322581
253,0.08440900000000001,0.0011045333333333334,0.05050799999999999
254,0.08470064516129033,0.0011107096774193544,0.05081064516129032
255,0.08489838709677418,0.0011171935483870964,0.05113064516129032
256,0.08491862068965517,0.0011216896551724139,0.051364827586206904
257,0.08532806451612902,0.0011314193548387095,0.05183741935483871
258,0.08542,0.0011366333333333333,0.052105333333333344
259,0.08575354838709676,0.0011441612903225807,0.0524716129032258
260,0.08599199999999999,0.0011516000000000002,0.05283633333333334
261,0.08634354838709678,0.0011631935483870969,0.05340709677419355
262,0.08667129032258063,0.0011744193548387093,0.05396322580645162
263,0.08688866666666664,0.0011844333333333337,0.05446
264,0.08728451612903226,0.0011970322580645162,0.05507677419354839
265,0.08746733333333333,0.0012068666666666665,0.05557066666666667
266,0.08782387096774195,0.001219161290322581,0.05617516129032258
267,0.08804387096774195,0.0012294516129032257,0.056681935483870974
268,0.08820964285714286,0.0012392857142857143,0.05716749999999999
269,0.08914709677419355,0.0012770967741935484,0.05900387096774194
270,0.089464,0.001302866666666667,0.06029166666666665
271,0.08980870967741934,0.0013188709677419356,0.061081612903225814
272,0.089908,0.0013294333333333332,0.061609000000000004
273,0.09016870967741936,0.0013427419354838706,0.062259999999999996
274,0.09032967741935484,0.0013548387096774194,0.06286032258064517
275,0.09038500000000002,0.0013655000000000006,0.06339166666666668
276,0.09063322580645161,0.0013792580645161292,0.06406870967741936
277,0.09066800000000001,0.0013899666666666666,0.06460366666666667
278,0.09088774193548387,0.001403322580645161,0.06526096774193547
279,0.09097967741935487,0.0014143225806451615,0.06580935483870969
280,0.09071714285714287,0.0014180714285714287,0.06601321428571429
281,0.09107870967741935,0.0014299354838709683,0.06659193548387098
282,0.09101533333333336,0.0014334333333333334,0.06677166666666667
283,0.09120096774193549,0.0014392903225806447,0.06705612903225808
284,0.09129866666666665,0.0014437999999999996,0.06727466666666666
285,0.09146838709677418,0.0014551935483870973,0.06782903225806451
286,0.09145741935483866,0.0014672258064516133,0.06842935483870967
287,0.09143233333333331,0.001478866666666667,0.069009
288,0.09161225806451612,0.001494129032258065,0.06975516129032258
289,0.09157533333333331,0.001505966666666667,0.07034466666666667
290,0.09172516129032263,0.001520451612903226,0.07105709677419354
291,0.09175258064516127,0.0015321290322580644,0.07164451612903228
292,0.09143892857142856,0.001536214285714286,0.07186214285714286
293,0.09177096774193548,0.001549258064516129,0.07249870967741938
294,0.09168466666666669,0.0015533333333333334,0.07271066666666667
295,0.09182354838709679,0.0015598387096774193,0.07302838709677419
296,0.09183666666666665,0.0015631999999999998,0.07319833333333332
297,0.09208548387096777,0.0015746129032258068,0.07374354838709678
298,0.0919477419354839,0.001587225806451613,0.07437645161290322
299,0.09182366666666669,0.0015996,0.07499633333333332
300,0.09192193548387098,0.0016161290322580643,0.07580709677419355
301,0.09180733333333334,0.001629033333333333,0.07645433333333335
302,0.09188677419354838,0.001645548387096774,0.07726774193548386
303,0.09185064516129031,0.0016602903225806452,0.07800258064516129
304,0.09159413793103449,0.001670137931034483,0.07850689655172413
305,0.0917483870967742,0.0016863870967741932,0.07930806451612903
306,0.09158933333333336,0.001695066666666667,0.07974966666666666
307,0.09167548387096773,0.0017052903225806453,0.08026129032258066
308,0.09168333333333335,0.0017133333333333336,0.08065900000000001
309,0.09167483870967742,0.0017285161290322582,0.0814093548387097
310,0.09153516129032255,0.001743258064516129,0.08215064516129032
311,0.09133333333333335,0.0017567999999999998,0.08283266666666665
312,0.09133193548387097,0.0017742580645161293,0.08370225806451613
313,0.09111633333333331,0.0017878333333333333,0.08438333333333332
314,0.09110032258064517,0.0018042903225806448,0.08520645161290322
315,0.09097774193548389,0.0018175806451612906,0.08587935483870968
316,0.09055464285714285,0.0018214285714285713,0.0860942857142857
317,0.0907964516129032,0.0018354516129032254,0.08679096774193548
318,0.09066466666666664,0.0018391333333333333,0.08698533333333333
319,0.09082129032258066,0.0018466129032258065,0.08735483870967743
320,0.090838,0.0018559666666666664,0.08780999999999999
321,0.0905558064516129,0.0018722903225806447,0.08863516129032258
322,0.09035483870967742,0.001888645161290323,0.08945741935483871
323,0.09007566666666666,0.0019030666666666662,0.09019200000000001
324,0.08998806451612902,0.0019218709677419356,0.09113516129032258
325,0.08969366666666666,0.0019363999999999998,0.091874
326,0.08959387096774193,0.0019545806451612907,0.09279258064516129
327,0.08939290322580645,0.001970096774193549,0.09358032258064515
328,0.08889857142857142,0.001975607142857143,0.09389142857142856
329,0.08907451612903225,0.001992709677419355,0.09474806451612904
330,0.08897266666666664,0.0019995,0.09509966666666668
331,0.08889967741935483,0.0020194516129032254,0.09608612903225806
332,0.08844366666666668,0.0020335333333333333,0.09682166666666664
333,0.08829354838709677,0.002053096774193548,0.09780967741935483
334,0.08802903225806452,0.002070774193548387,0.09871612903225806
335,0.08766133333333333,0.0020859666666666666,0.09950333333333333
336,0.08748548387096773,0.002105709677419355,0.1005032258064516
337,0.08710933333333332,0.0021208666666666666,0.10129666666666666
338,0.08692225806451612,0.0021403548387096774,0.10229354838709676
339,0.08664645161290323,0.002156806451612903,0.10313548387096776
340,0.08609714285714284,0.0021625357142857145,0.10347142857142858
341,0.08621290322580646,0.002181483870967742,0.10443225806451611
342,0.0859726666666667,0.0021875,0.10475999999999996
343,0.0860006451612903,0.0021967096774193552,0.10523225806451615
344,0.08585766666666667,0.0022007000000000003,0.10543999999999999
345,0.08591612903225802,0.002210258064516129,0.1059258064516129
346,0.0858158064516129,0.0022210967741935483,0.10647419354838708
347,0.08537499999999999,0.0022328333333333336,0.10708999999999999
348,0.08506645161290322,0.002251903225806452,0.10807419354838708
349,0.08460766666666666,0.002267166666666666,0.10888333333333335
350,0.08436645161290322,0.0022869032258064515,0.10990645161290323
351,0.08405838709677418,0.002302483870967741,0.11072580645161291
352,0.08362793103448275,0.002309379310344828,0.11111379310344827
353,0.08363903225806453,0.002323709677419355,0.11185806451612904
354,0.08352966666666667,0.002328866666666667,0.11212666666666667
355,0.08321645161290323,0.002356258064516129,0.1135225806451613
356,0.08257666666666667,0.0023729666666666665,0.11442999999999998
357,0.08229354838709677,0.0023949999999999996,0.11557741935483873
358,0.08189612903225807,0.0024139354838709683,0.1165774193548387
359,0.08141166666666667,0.002430166666666666,0.11745
360,0.08111064516129032,0.0024517096774193553,0.11857419354838712
361,0.08062233333333332,0.0024679,0.11944666666666667
362,0.08032290322580644,0.0024889354838709674,0.12056451612903225
363,0.07994161290322581,0.002506903225806452,0.12152903225806452
364,0.07933,0.002513071428571429,0.12190714285714287
365,0.07934419354838709,0.002534903225806452,0.12304516129032261
366,0.07903333333333333,0.0025425999999999995,0.12347333333333332
367,0.07897032258064517,0.002553322580645163,0.12403870967741931
368,0.078789,0.002556866666666666,0.12424999999999999
369,0.07880419354838708,0.002565774193548388,0.12470645161290322
370,0.0787290322580645,0.0025719677419354828,0.12504193548387096
371,0.07856800000000001,0.0025773333333333343,0.12532666666666667
372,0.07841709677419353,0.002591838709677419,0.12608709677419352
373,0.07791000000000001,0.0026032333333333335,0.12673000000000004
374,0.07756290322580645,0.0026219677419354833,0.12772580645161288
375,0.07719387096774193,0.0026372258064516125,0.1285548387096774
376,0.07663285714285713,0.0026405357142857138,0.12879285714285718
377,0.07676516129032258,0.002663354838709677,0.12996451612903223
378,0.07536000000000001,0.002706366666666667,0.13228333333333334
379,0.0743751612903226,0.0027520967741935477,0.13479032258064516
380,0.07385733333333332,0.0027732666666666675,0.13597666666666666
381,0.07355387096774194,0.002796677419354838,0.13724193548387095
382,0.07310516129032259,0.002816387096774194,0.13833225806451616
383,0.072575,0.0028328333333333326,0.13926333333333332
384,0.07220645161290322,0.002855645161290323,0.14050967741935483
385,0.07167233333333334,0.0028720333333333323,0.14145333333333332
386,0.07130129032258063,0.002894516129032258,0.14268709677419356
387,0.07086,0.0029133548387096767,0.14374516129032255
388,0.07022857142857143,0.002919071428571428,0.14413928571428572
389,0.07016806451612903,0.0029428064516129025,0.14541612903225803
390,0.06989966666666665,0.0029574666666666665,0.14623
391,0.06895612903225806,0.0029925161290322577,0.14819354838709675
392,0.06810833333333334,0.0030181333333333324,0.14969666666666667
393,0.0677858064516129,0.0030437741935483878,0.15111290322580642
394,0.0673274193548387,0.0030642903225806444,0.15228709677419353
395,0.06678566666666666,0.0030809000000000006,0.15325999999999998
396,0.06639806451612902,0.0031042903225806445,0.15457419354838708
397,0.06557299999999999,0.0031346333333333335,0.15630666666666665
398,0.06387032258064516,0.0031993548387096774,0.16002903225806453
399,0.0623558064516129,0.0032630645161290327,0.1637612903225806
400,0.061096896551724136,0.0033047586206896547,0.16628965517241376
401,0.06043354838709678,0.0033485483870967746,0.16883870967741935
402,0.059794333333333324,0.003371,0.17022666666666667
403,0.05945387096774193,0.003395387096774194,0.17164516129032262
404,0.05897166666666666,0.003411033333333333,0.17261666666666672
405,0.0586,0.003433806451612904,0.1739548387096774
406,0.05815064516129032,0.003453129032258064,0.1751258064516129
407,0.05763833333333333,0.0034687666666666666,0.17610666666666663
408,0.057254193548387095,0.0034917741935483865,0.1774741935483871
409,0.056755,0.0035066,0.17841666666666664
410,0.05640645161290323,0.0035281612903225817,0.17970322580645162
411,0.05603032258064516,0.003544451612903227,0.18070645161290325
412,0.05553178571428571,0.003545071428571429,0.1808892857142857
413,0.055494838709677426,0.0035697741935483873,0.1822774193548387
414,0.05501166666666667,0.0035907000000000005,0.18352666666666667
415,0.054374516129032255,0.0036139999999999987,0.18500645161290322
416,0.05388633333333334,0.0036309000000000003,0.1860733333333333
417,0.05349774193548387,0.0036542580645161278,0.1874870967741936
418,0.053041612903225815,0.0036737741935483877,0.18870645161290325
419,0.052535,0.0036889666666666656,0.18969999999999995
420,0.05214516129032257,0.003712225806451613,0.19112580645161292
421,0.05165,0.003726966666666667,0.1921066666666667
422,0.05128677419354839,0.003749193548387096,0.19346774193548388
423,0.050901935483870966,0.00376558064516129,0.19452258064516123
424,0.05042750000000001,0.003765035714285714,0.19465714285714286
425,0.050045161290322576,0.0038109354838709673,0.19730967741935485
426,0.049069666666666664,0.0038371666666666667,0.19911666666666666
427,0.04857161290322581,0.003868258064516128,0.20105806451612906
428,0.04801133333333333,0.0038844666666666672,0.2021933333333333
429,0.04766774193548387,0.0039083548387096765,0.2036774193548387
430,0.047240967741935494,0.003927096774193548,0.2048935483870968
431,0.046767,0.003940900000000001,0.20587333333333332
432,0.04639806451612903,0.003963483870967741,0.20729999999999998
433,0.04592966666666667,0.003977166666666666,0.20827000000000007
434,0.045567096774193544,0.003999483870967743,0.2097
435,0.04516935483870968,0.004016838709677418,0.21084838709677423
436,0.04466357142857142,0.004017178571428571,0.21109999999999998
437,0.044539999999999996,0.004043741935483872,0.21268387096774197
438,0.044301,0.0040514999999999995,0.2132633333333333
439,0.043964193548387105,0.004074967741935483,0.21471935483870966
440,0.04346033333333333,0.004086433333333334,0.2155966666666667
441,0.04309322580645162,0.004108903225806452,0.2170516129032258
442,0.042676774193548386,0.0041270645161290325,0.21829354838709675
443,0.04222366666666666,0.0041403,0.21926333333333328
444,0.04187193548387096,0.004162419354838711,0.22071612903225807
445,0.041434,0.004174933333333333,0.2216466666666667
446,0.041144687500000006,0.0042005937499999995,0.22329062500000002
